timestamp,open,high,low,close,volume
1741204800000,21.226,22.454,21.226,21.713,4027852.0
1741219200000,21.713,22.405,21.437,22.356,2690661.0
1741233600000,22.355,22.566,21.63,21.683,2027145.0
1741248000000,21.683,22.267,21.604,21.955,1781928.0
1741262400000,21.955,22.086,21.184,21.957,2883321.0
1741276800000,21.957,22.096,20.876,21.05,2756940.0
1741291200000,21.05,21.485,20.97,20.988,1765259.0
1741305600000,20.987,21.309,19.663,20.248,4816267.0
1741320000000,20.249,20.782,20.202,20.722,1237846.0
1741334400000,20.723,20.899,20.432,20.781,1590009.0
1741348800000,20.781,21.125,20.423,20.703,3228765.0
1741363200000,20.703,21.196,19.998,20.818,3214579.0
1741377600000,20.818,20.96,19.925,20.13,2728171.0
1741392000000,20.129,20.235,19.603,19.859,1554908.0
1741406400000,19.858,20.047,19.719,19.782,878042.0
1741420800000,19.782,19.835,19.4,19.528,1325358.0
1741435200000,19.529,21.075,19.45,20.461,3806359.0
1741449600000,20.462,20.86,20.256,20.812,1903944.0
1741464000000,20.813,20.975,20.342,20.488,1630971.0
1741478400000,20.488,20.672,20.205,20.265,910003.0
1741492800000,20.264,20.36,20.027,20.131,1051059.0
1741507200000,20.131,20.141,19.597,19.702,1750966.0
1741521600000,19.702,19.703,19.071,19.162,2607152.0
1741536000000,19.161,19.341,17.758,18.232,5789259.0
1741550400000,18.232,18.424,17.733,17.959,2745045.0
1741564800000,17.958,18.484,17.608,18.161,2537841.0
1741579200000,18.161,18.464,18.137,18.39,1255314.0
1741593600000,18.39,19.056,17.982,18.832,3122127.0
1741608000000,18.833,18.985,17.388,17.782,4576992.0
1741622400000,17.781,17.857,16.14,16.892,6996740.0
1741636800000,16.893,16.96,16.225,16.253,2904812.0
1741651200000,16.254,17.191,15.264,16.567,8602661.0
1741665600000,16.567,17.089,16.518,16.951,2943954.0
1741680000000,16.951,17.448,16.872,17.354,2409892.0
1741694400000,17.354,17.472,16.486,17.351,5157073.0
1741708800000,17.351,17.902,16.943,17.753,4241758.0
1741723200000,17.752,17.876,17.44,17.498,1563976.0
1741737600000,17.498,17.817,17.054,17.078,2226738.0
1741752000000,17.077,17.579,16.93,17.542,1963065.0
1741766400000,17.541,18.234,17.464,18.226,2854482.0
1741780800000,18.226,18.84,17.515,17.967,5359823.0
1741795200000,17.967,18.594,17.942,18.395,2789831.0
1741809600000,18.396,18.963,18.339,18.904,1983918.0
1741824000000,18.903,19.181,18.711,18.845,2093757.0
1741838400000,18.848,19.132,18.546,18.786,2240554.0
1741852800000,18.785,19.32,18.602,19.013,2490698.0
1741867200000,19.012,19.214,18.287,18.379,3201036.0
1741881600000,18.38,18.447,17.906,18.156,2541844.0
1741896000000,18.155,18.892,17.721,18.496,2988691.0
1741910400000,18.495,18.892,18.452,18.751,1556452.0
1741924800000,18.751,18.876,18.471,18.642,1178557.0
1741939200000,18.643,19.115,18.57,18.752,1835749.0
1741953600000,18.751,19.284,18.511,18.995,3050266.0
1741968000000,18.996,19.295,18.761,18.979,2123630.0
1741982400000,18.978,19.094,18.511,18.557,4101924.0
1741996800000,18.556,18.651,18.359,18.619,1610094.0
1742011200000,18.619,18.88,18.483,18.598,3561919.0
1742025600000,18.597,18.641,18.426,18.548,4792775.0
1742040000000,18.548,18.717,18.405,18.541,1950695.0
1742054400000,18.542,18.749,18.458,18.605,1377041.0
1742068800000,18.606,19.469,18.604,19.385,4050076.0
1742083200000,19.385,19.715,18.953,19.684,2546634.0
1742097600000,19.685,19.84,19.263,19.342,1744999.0
1742112000000,19.342,19.392,18.312,18.396,2919201.0
1742126400000,18.396,18.678,18.147,18.473,2565505.0
1742140800000,18.472,19.055,18.194,18.324,3246369.0
1742155200000,18.324,18.462,18.1,18.245,1590658.0
1742169600000,18.245,18.73,18.214,18.608,1702449.0
1742184000000,18.608,18.72,18.232,18.601,1772784.0
1742198400000,18.602,18.722,18.391,18.6,1496350.0
1742212800000,18.601,18.811,18.171,18.451,2896021.0
1742227200000,18.45,19.077,18.367,18.935,2456157.0
1742241600000,18.934,18.977,18.684,18.809,1278609.0
1742256000000,18.809,18.937,18.38,18.558,1953379.0
1742270400000,18.559,19.031,18.432,18.812,2203831.0
1742284800000,18.812,19.266,18.696,18.788,2753345.0
1742299200000,18.788,18.896,18.355,18.433,3046494.0
1742313600000,18.434,18.711,18.31,18.657,2311342.0
1742328000000,18.657,19.072,18.438,18.972,1925956.0
1742342400000,18.972,19.217,18.829,19.185,1914164.0
1742356800000,19.186,19.32,18.894,18.904,1495885.0
1742371200000,18.905,19.663,18.886,19.533,2642718.0
1742385600000,19.532,19.955,19.292,19.848,3581498.0
1742400000000,19.848,20.093,19.419,19.582,3814326.0
1742414400000,19.583,19.777,19.378,19.721,1946039.0
1742428800000,19.722,19.855,19.246,19.274,1627588.0
1742443200000,19.275,19.29,19.071,19.123,1440290.0
1742457600000,19.122,19.314,18.727,18.825,2212148.0
1742472000000,18.825,19.176,18.732,18.762,2489542.0
1742486400000,18.76,18.86,18.382,18.699,2385832.0
1742500800000,18.699,18.784,18.606,18.736,803022.0
1742515200000,18.735,19.109,18.712,18.8,1143907.0
1742529600000,18.801,19.003,18.673,18.745,1186059.0
1742544000000,18.744,18.87,18.413,18.505,1647971.0
1742558400000,18.505,18.631,18.336,18.475,1721186.0
1742572800000,18.474,18.888,18.38,18.885,1644352.0
1742587200000,18.884,19.486,18.849,19.17,2402420.0
1742601600000,19.171,19.396,19.062,19.291,1198965.0
1742616000000,19.292,19.483,19.292,19.36,959336.0
1742630400000,19.361,19.632,19.312,19.442,1131938.0
1742644800000,19.442,19.569,19.258,19.534,1006988.0
1742659200000,19.535,19.707,19.466,19.643,997154.0
1742673600000,19.644,19.734,19.324,19.417,1165835.0
1742688000000,19.417,19.711,19.323,19.709,937526.0
1742702400000,19.709,19.715,19.457,19.574,745093.0
1742716800000,19.573,19.779,19.47,19.612,1117965.0
1742731200000,19.613,19.688,19.425,19.474,1177111.0
1742745600000,19.473,19.63,19.294,19.485,1177347.0
1742760000000,19.485,19.837,19.326,19.807,1040576.0
1742774400000,19.808,21.159,19.766,21.137,3914085.0
1742788800000,21.137,21.829,21.128,21.513,3913979.0
1742803200000,21.513,21.935,21.507,21.684,2137452.0
1742817600000,21.685,22.13,21.414,21.526,3517059.0
1742832000000,21.525,21.573,21.225,21.373,1704038.0
1742846400000,21.373,21.486,21.223,21.471,1391987.0
1742860800000,21.471,21.668,21.314,21.347,1911480.0
1742875200000,21.345,21.926,21.273,21.849,1731512.0
1742889600000,21.85,22.398,21.833,22.316,2194110.0
1742904000000,22.319,22.8,22.121,22.473,3790679.0
1742918400000,22.473,23.228,22.426,23.032,2896892.0
1742932800000,23.032,23.447,22.751,22.89,2987312.0
1742947200000,22.891,23.23,22.536,22.588,2089158.0
1742961600000,22.588,22.864,22.53,22.821,1572369.0
1742976000000,22.821,22.964,22.627,22.835,1357111.0
1742990400000,22.837,22.867,21.944,22.164,3287719.0
1743004800000,22.16,22.465,21.815,22.059,2231606.0
1743019200000,22.056,22.283,21.836,22.041,1475739.0
1743033600000,22.041,22.371,21.981,22.165,1342735.0
1743048000000,22.166,22.172,21.902,22.069,882921.0
1743062400000,22.069,22.183,21.798,21.856,1541020.0
1743076800000,21.856,22.275,21.617,21.904,2781624.0
1743091200000,21.904,22.119,21.787,21.987,1043580.0
1743105600000,21.987,22.227,21.894,22.003,878177.0
1743120000000,22.004,22.179,21.635,21.763,1565885.0
1743134400000,21.761,21.805,20.654,20.704,3847478.0
1743148800000,20.703,20.796,20.118,20.542,3596370.0
1743163200000,20.542,20.624,19.952,19.963,2771563.0
1743177600000,19.962,20.019,19.755,19.794,1603661.0
1743192000000,19.795,20.585,19.76,20.351,2024208.0
1743206400000,20.352,20.52,20.057,20.416,1431282.0
1743220800000,20.416,20.51,19.791,19.866,1470832.0
1743235200000,19.867,20.159,19.639,19.846,2170766.0
1743249600000,19.847,20.308,19.81,19.987,2820647.0
1743264000000,19.988,20.05,19.653,19.862,2346814.0
1743278400000,19.864,19.89,19.437,19.589,1819163.0
1743292800000,19.59,19.894,19.358,19.646,1755064.0
1743307200000,19.647,19.734,19.329,19.434,1386083.0
1743321600000,19.435,19.69,19.157,19.337,1900354.0
1743336000000,19.339,19.46,19.032,19.292,1857861.0
1743350400000,19.291,19.39,18.971,19.105,1876193.0
1743364800000,19.106,19.154,18.669,18.855,2035650.0
1743379200000,18.856,19.013,18.45,18.625,2130596.0
1743393600000,18.625,18.936,18.421,18.552,1625345.0
1743408000000,18.551,18.719,18.164,18.622,2554583.0
1743422400000,18.621,19.107,18.398,18.962,2734994.0
1743436800000,18.961,19.045,18.607,18.639,1518578.0
1743451200000,18.64,18.857,18.588,18.762,1062597.0
1743465600000,18.761,19.171,18.704,19.019,1257375.0
1743480000000,19.021,19.529,18.945,19.195,1557773.0
1743494400000,19.195,19.72,19.102,19.384,2508664.0
1743508800000,19.383,19.933,18.959,19.83,2759801.0
1743523200000,19.831,19.932,19.335,19.441,1477629.0
1743537600000,19.439,19.907,19.296,19.809,2016596.0
1743552000000,19.81,19.83,19.111,19.21,2006611.0
1743566400000,19.21,19.739,18.788,19.056,2271212.0
1743580800000,19.057,19.574,18.913,19.211,1861648.0
1743595200000,19.211,19.838,18.914,19.612,3090804.0
1743609600000,19.613,19.84,19.177,19.418,2773828.0
1743624000000,19.419,19.916,17.751,17.968,6622722.0
1743638400000,17.969,18.841,17.864,18.759,2812723.0
1743652800000,18.76,18.98,18.191,18.366,1881657.0
1743667200000,18.365,18.495,17.964,18.087,2036803.0
1743681600000,18.087,18.184,17.563,17.955,3861326.0
1743696000000,17.955,18.263,17.82,17.999,1975166.0
1743710400000,18.0,18.265,17.84,18.144,1493735.0
1743724800000,18.145,18.262,17.889,18.018,1680813.0
1743739200000,18.018,18.599,17.955,18.588,1754569.0
1743753600000,18.588,18.761,17.597,17.864,3297470.0
1743768000000,17.864,18.462,17.785,17.993,4400514.0
1743782400000,17.994,18.35,17.705,18.096,3367013.0
1743796800000,18.095,18.344,18.004,18.178,1050529.0
1743811200000,18.177,18.368,18.079,18.103,897415.0
1743825600000,18.104,18.227,18.041,18.202,667424.0
1743840000000,18.201,18.333,18.117,18.225,872469.0
1743854400000,18.224,18.294,17.757,17.831,1718609.0
1743868800000,17.83,17.982,17.81,17.855,1007600.0
1743883200000,17.854,17.918,17.663,17.869,1163821.0
1743897600000,17.87,17.912,17.308,17.375,2200225.0
1743912000000,17.375,17.489,17.165,17.183,1482633.0
1743926400000,17.184,17.344,17.087,17.169,1376433.0
1743940800000,17.168,17.297,16.82,17.285,2792435.0
1743955200000,17.284,17.299,16.126,16.38,5691235.0
1743969600000,16.379,16.456,15.612,16.032,4986466.0
1743984000000,16.034,16.433,15.43,15.731,3967651.0
1743998400000,15.731,16.105,14.652,14.818,7096117.0
1744012800000,14.818,15.77,14.701,15.429,4931895.0
1744027200000,15.428,17.104,15.342,16.422,10619532.0
1744041600000,16.423,17.26,16.123,16.632,5676889.0
1744056000000,16.632,16.968,16.605,16.677,1898284.0
1744070400000,16.678,17.327,16.674,17.154,2416384.0
1744084800000,17.154,17.438,16.936,17.035,2558373.0
1744099200000,17.035,17.509,16.829,17.47,2336996.0
1744113600000,17.469,17.726,17.053,17.125,4665623.0
1744128000000,17.126,17.179,15.982,16.028,6030034.0
1744142400000,16.029,16.284,15.916,16.137,2578859.0
1744156800000,16.137,16.392,15.575,16.044,3887698.0
1744171200000,16.043,16.851,15.987,16.704,3142921.0
1744185600000,16.703,16.781,16.093,16.186,2867075.0
1744200000000,16.186,16.904,15.954,16.805,4027654.0
1744214400000,16.808,18.903,16.727,18.53,8403943.0
1744228800000,18.531,18.696,18.405,18.431,1972259.0
1744243200000,18.431,18.443,17.793,18.025,1936842.0
1744257600000,18.025,18.343,17.933,18.04,1572114.0
1744272000000,18.04,18.152,17.887,18.009,1533740.0
1744286400000,18.008,18.376,17.556,17.662,4368969.0
1744300800000,17.661,18.24,17.567,18.095,3046925.0
1744315200000,18.093,18.421,18.089,18.303,1587298.0
1744329600000,18.301,18.66,18.297,18.541,2113495.0
1744344000000,18.541,18.65,18.428,18.54,1124484.0
1744358400000,18.541,18.97,18.39,18.837,2512977.0
1744372800000,18.838,19.535,18.751,19.183,4226159.0
1744387200000,19.184,19.557,19.085,19.212,1928350.0
1744401600000,19.212,19.358,19.032,19.112,1089868.0
1744416000000,19.111,19.165,18.832,18.902,1272178.0
1744430400000,18.901,19.29,18.846,19.095,1612495.0
1744444800000,19.094,19.254,18.943,19.116,1256020.0
1744459200000,19.117,21.008,19.077,20.508,4971672.0
1744473600000,20.507,20.834,20.09,20.167,2895501.0
1744488000000,20.167,20.669,20.14,20.48,1571811.0
1744502400000,20.483,20.656,20.172,20.232,1349758.0
1744516800000,20.233,20.272,19.863,19.915,1412039.0
1744531200000,19.915,20.264,19.882,19.986,1227143.0
1744545600000,19.984,20.016,19.497,19.737,1913562.0
1744560000000,19.735,20.499,19.414,19.717,3398199.0
1744574400000,19.717,19.955,19.255,19.574,1936427.0
1744588800000,19.573,20.586,19.533,19.946,2458906.0
1744603200000,19.948,20.271,19.784,20.11,1538611.0
1744617600000,20.111,20.517,19.939,20.49,2322261.0
1744632000000,20.49,20.677,19.727,19.824,2968236.0
1744646400000,19.823,20.509,19.704,20.286,2592462.0
1744660800000,20.288,20.369,20.032,20.105,1040236.0
1744675200000,20.105,20.235,19.831,20.218,1394912.0
1744689600000,20.218,20.272,19.786,19.965,1569218.0
1744704000000,19.964,20.146,19.779,19.888,1504024.0
1744718400000,19.887,20.244,19.446,19.524,2584337.0
1744732800000,19.524,19.616,19.211,19.29,1902583.0
1744747200000,19.291,19.423,18.952,19.002,1675804.0
1744761600000,19.002,19.019,18.661,18.912,1776747.0
1744776000000,18.912,18.944,18.59,18.632,1269063.0
1744790400000,18.632,18.984,18.55,18.899,1447002.0
1744804800000,18.899,19.274,18.704,19.027,1898407.0
1744819200000,19.027,19.265,18.453,18.996,3149008.0
1744833600000,18.995,19.086,18.688,18.742,1121465.0
1744848000000,18.742,18.993,18.678,18.962,733719.0
1744862400000,18.961,19.553,18.93,19.382,1387649.0
1744876800000,19.383,19.474,19.121,19.228,924045.0
1744891200000,19.229,19.404,18.796,19.113,2107495.0
1744905600000,19.114,19.55,18.958,19.062,2290343.0
1744920000000,19.062,19.206,18.907,19.037,885343.0
1744934400000,19.037,19.126,18.886,19.039,698103.0
1744948800000,19.038,19.176,18.935,19.171,730921.0
1744963200000,19.171,19.334,18.981,19.092,1119468.0
1744977600000,19.091,19.149,18.83,18.89,1110887.0
1744992000000,18.89,19.163,18.867,19.153,911199.0
1745006400000,19.152,19.24,19.037,19.058,718854.0
1745020800000,19.058,19.306,19.014,19.249,708368.0
1745035200000,19.248,19.548,19.152,19.467,1015834.0
1745049600000,19.467,19.718,19.423,19.487,1336940.0
1745064000000,19.487,19.817,19.486,19.691,1117622.0
1745078400000,19.691,20.111,19.622,20.032,1599881.0
1745092800000,20.033,20.36,19.87,19.886,1549009.0
1745107200000,19.885,20.03,19.802,19.862,851852.0
1745121600000,19.862,19.985,19.505,19.638,1128384.0
1745136000000,19.637,19.7,19.214,19.3,1515034.0
1745150400000,19.3,19.528,19.262,19.375,1094987.0
1745164800000,19.375,19.554,19.301,19.543,834753.0
1745179200000,19.544,19.728,19.303,19.491,1113785.0
1745193600000,19.492,20.139,19.492,19.989,2250252.0
1745208000000,19.99,20.65,19.769,20.616,2608725.0
1745222400000,20.616,20.955,20.399,20.522,2413168.0
1745236800000,20.521,20.667,20.247,20.533,2174953.0
1745251200000,20.532,20.679,19.786,20.08,2747546.0
1745265600000,20.079,20.097,19.696,19.908,1268493.0
1745280000000,19.908,20.194,19.403,19.889,1914419.0
1745294400000,19.886,20.29,19.579,20.277,1652524.0
1745308800000,20.276,20.441,20.013,20.388,2018730.0
1745323200000,20.389,22.02,20.346,21.625,5185639.0
1745337600000,21.626,21.793,21.336,21.548,2433702.0
1745352000000,21.549,22.301,21.526,22.103,2534037.0
1745366400000,22.104,22.576,21.883,22.455,2590813.0
1745380800000,22.455,22.892,22.357,22.87,2161616.0
1745395200000,22.87,23.075,22.548,22.695,2271378.0
1745409600000,22.695,23.049,21.876,22.254,5150110.0
1745424000000,22.254,22.631,22.039,22.211,2081404.0
1745438400000,22.209,22.559,22.206,22.326,960420.0
1745452800000,22.326,22.461,21.831,21.856,1488533.0
1745467200000,21.854,22.178,21.779,21.874,1319973.0
1745481600000,21.874,22.054,21.601,22.043,1461183.0
1745496000000,22.041,22.637,21.895,22.33,2606716.0
1745510400000,22.33,22.499,21.935,22.232,2053562.0
1745524800000,22.233,22.441,22.026,22.369,883564.0
1745539200000,22.368,22.546,21.75,22.076,1422676.0
1745553600000,22.075,22.533,21.952,22.327,1415958.0
1745568000000,22.327,22.588,22.172,22.557,1967453.0
1745582400000,22.557,22.859,22.094,22.565,3367316.0
1745596800000,22.566,22.779,22.178,22.296,2006229.0
1745611200000,22.295,22.497,22.13,22.152,979049.0
1745625600000,22.152,22.985,22.152,22.625,1761109.0
1745640000000,22.626,22.687,22.285,22.434,1039434.0
1745654400000,22.433,22.762,21.833,21.933,2402342.0
1745668800000,21.935,22.072,21.686,22.012,1833369.0
1745683200000,22.012,22.128,21.818,22.117,974363.0
1745697600000,22.116,22.427,22.068,22.398,980151.0
1745712000000,22.398,22.785,22.034,22.364,2133816.0
1745726400000,22.364,22.538,22.004,22.263,1245327.0
1745740800000,22.264,22.473,22.042,22.051,989678.0
1745755200000,22.051,22.315,21.771,21.872,2177236.0
1745769600000,21.872,22.136,21.637,22.113,1460767.0
1745784000000,22.113,22.138,21.689,21.699,1210075.0
1745798400000,21.699,21.81,21.001,21.718,3467220.0
1745812800000,21.718,22.351,21.718,22.294,1834620.0
1745827200000,22.294,22.422,21.938,22.256,1990050.0
1745841600000,22.256,22.287,21.256,21.43,2651297.0
1745856000000,21.428,22.081,21.261,21.988,2023595.0
1745870400000,21.986,22.02,21.698,21.83,1052277.0
1745884800000,21.83,22.077,21.632,21.844,1348960.0
1745899200000,21.843,22.2,21.626,22.169,1459619.0
1745913600000,22.168,22.288,21.945,22.131,1566310.0
1745928000000,22.13,22.206,21.816,21.99,1678806.0
1745942400000,21.991,22.225,21.819,21.848,1569823.0
1745956800000,21.848,21.908,21.248,21.547,1968360.0
1745971200000,21.548,21.938,21.462,21.852,1240071.0
1745985600000,21.852,21.881,21.449,21.568,804903.0
1746000000000,21.566,21.722,21.438,21.636,839250.0
1746014400000,21.637,21.647,20.332,20.907,4569066.0
1746028800000,20.906,21.193,20.676,20.93,1800632.0
1746043200000,20.93,21.216,20.802,20.899,1073806.0
1746057600000,20.898,21.278,20.869,20.939,1192902.0
1746072000000,20.939,21.248,20.8,21.205,1094149.0
1746086400000,21.205,21.586,21.181,21.463,1710286.0
1746100800000,21.463,21.541,21.101,21.337,2675193.0
1746115200000,21.337,21.859,21.234,21.75,2416137.0
1746129600000,21.754,21.834,21.517,21.626,1270242.0
1746144000000,21.626,22.176,21.561,21.957,2270304.0
1746158400000,21.957,22.078,21.251,21.255,1526865.0
1746172800000,21.256,21.438,21.14,21.289,1265502.0
1746187200000,21.288,21.655,21.103,21.408,2384253.0
1746201600000,21.409,21.662,20.944,21.022,1651567.0
1746216000000,21.023,21.392,20.945,21.241,1365362.0
1746230400000,21.241,21.267,21.04,21.071,693174.0
1746244800000,21.07,21.177,20.856,20.908,802595.0
1746259200000,20.908,21.05,20.605,20.677,1433666.0
1746273600000,20.676,20.986,20.65,20.853,1069476.0
1746288000000,20.854,20.869,20.46,20.836,1458722.0
1746302400000,20.835,20.866,20.49,20.509,845859.0
1746316800000,20.508,20.622,20.203,20.229,1599646.0
1746331200000,20.229,20.425,20.101,20.214,1035961.0
1746345600000,20.214,20.215,19.986,20.065,1067520.0
1746360000000,20.066,20.187,19.767,19.987,1713337.0
1746374400000,19.986,20.061,19.861,19.991,961182.0
1746388800000,19.992,20.181,19.745,19.886,1549228.0
1746403200000,19.886,20.224,19.636,19.942,1911782.0
1746417600000,19.943,20.23,19.867,20.018,1197127.0
1746432000000,20.019,20.053,19.438,19.455,2109601.0
1746446400000,19.456,19.662,19.269,19.352,2389092.0
1746460800000,19.352,19.839,19.331,19.599,1510502.0
1746475200000,19.599,19.862,19.368,19.672,1139005.0
1746489600000,19.672,19.763,19.411,19.746,1254209.0
1746504000000,19.749,19.868,19.682,19.775,1082610.0
1746518400000,19.775,19.778,19.254,19.408,1833238.0
1746532800000,19.409,19.788,19.29,19.647,2477747.0
1746547200000,19.648,19.936,19.485,19.814,1818995.0
1746561600000,19.815,20.117,19.367,20.005,2708799.0
1746576000000,20.005,20.245,19.737,19.928,2094119.0
1746590400000,19.928,19.999,19.638,19.907,823436.0
1746604800000,19.906,19.994,19.697,19.758,1404944.0
1746619200000,19.757,19.781,19.245,19.3,2335837.0
1746633600000,19.298,19.445,19.064,19.237,2836770.0
1746648000000,19.238,19.702,19.181,19.537,1641698.0
1746662400000,19.536,20.34,19.479,20.34,2700136.0
1746676800000,20.34,20.893,20.339,20.845,3140352.0
1746691200000,20.845,21.164,20.841,20.92,2583773.0
1746705600000,20.923,21.48,20.64,21.185,3630324.0
1746720000000,21.182,21.493,21.15,21.421,2198749.0
1746734400000,21.421,22.162,21.319,22.15,3396407.0
1746748800000,22.149,22.471,22.018,22.063,2580450.0
1746763200000,22.063,23.12,21.955,23.011,3021235.0
1746777600000,23.012,24.0,22.676,23.531,6478694.0
1746792000000,23.53,23.683,22.898,23.14,4223851.0
1746806400000,23.141,23.468,22.777,23.096,2538181.0
1746820800000,23.097,23.281,22.952,23.266,987361.0
1746835200000,23.266,23.668,23.007,23.487,2165620.0
1746849600000,23.488,24.248,23.257,24.166,2452324.0
1746864000000,24.17,24.803,23.911,24.053,3473466.0
1746878400000,24.054,24.764,24.054,24.372,2054860.0
1746892800000,24.371,24.866,24.305,24.521,2166853.0
1746907200000,24.522,25.975,24.327,25.81,3506032.0
1746921600000,25.809,26.026,24.921,25.291,3640395.0
1746936000000,25.293,25.453,24.275,24.522,2483594.0
1746950400000,24.521,24.899,24.404,24.859,1607745.0
1746964800000,24.859,24.914,24.176,24.386,2023643.0
1746979200000,24.386,24.933,24.14,24.733,1828851.0
1746993600000,24.734,24.956,24.486,24.776,1263410.0
1747008000000,24.777,25.217,24.418,25.144,1850610.0
1747022400000,25.144,26.834,24.851,26.037,3805858.0
1747036800000,26.037,26.04,24.836,24.968,3747388.0
1747051200000,24.967,25.69,24.55,24.722,4205902.0
1747065600000,24.72,25.169,23.72,24.465,3700314.0
1747080000000,24.462,25.053,24.349,24.824,1401423.0
1747094400000,24.823,24.841,23.462,23.502,3108956.0
1747108800000,23.501,24.524,23.449,24.294,1507337.0
1747123200000,24.295,24.697,24.249,24.518,1384495.0
1747137600000,24.518,24.911,24.289,24.892,2502345.0
1747152000000,24.895,26.248,24.845,25.807,3219309.0
1747166400000,25.806,25.992,25.492,25.71,1947536.0
1747180800000,25.709,26.275,25.485,26.093,2416191.0
1747195200000,26.093,26.536,25.873,26.019,2858274.0
1747209600000,26.017,26.152,25.392,25.912,3235260.0
1747224000000,25.912,25.972,25.113,25.403,2377790.0
1747238400000,25.403,25.469,24.949,25.257,1760108.0
1747252800000,25.259,25.316,24.728,24.947,1265808.0
1747267200000,24.948,25.131,24.363,24.39,1831214.0
1747281600000,24.388,24.631,23.515,23.544,2977752.0
1747296000000,23.544,24.18,23.501,23.944,3113991.0
1747310400000,23.942,24.089,23.018,23.783,4544549.0
1747324800000,23.782,24.195,23.248,23.497,2699681.0
1747339200000,23.498,23.723,22.921,23.495,2748878.0
1747353600000,23.496,23.948,23.319,23.896,1610146.0
1747368000000,23.898,24.042,23.656,23.77,1258915.0
1747382400000,23.772,23.992,23.232,23.81,1867682.0
1747396800000,23.809,23.949,23.426,23.734,1867390.0
1747411200000,23.734,23.868,23.333,23.559,1278718.0
1747425600000,23.557,23.574,22.653,23.047,2411747.0
1747440000000,23.047,23.121,22.237,22.751,2419257.0
1747454400000,22.751,23.127,22.683,22.806,1171713.0
1747468800000,22.805,22.912,22.556,22.764,1287772.0
1747483200000,22.764,22.831,22.31,22.44,1686121.0
1747497600000,22.439,22.573,22.09,22.166,2031936.0
1747512000000,22.164,22.557,21.957,22.165,1389874.0
1747526400000,22.164,22.38,21.997,22.175,1071629.0
1747540800000,22.176,23.169,22.176,23.116,1724675.0
1747555200000,23.115,23.318,22.892,22.907,1681119.0
1747569600000,22.908,23.856,22.773,23.752,2381714.0
1747584000000,23.751,23.812,22.012,22.012,3962038.0
1747598400000,22.011,23.142,21.464,23.041,3281541.0
1747612800000,23.041,23.184,21.865,21.885,2252893.0
1747627200000,21.885,22.034,21.248,21.672,2553968.0
1747641600000,21.672,21.812,21.465,21.656,1428188.0
1747656000000,21.656,22.161,21.392,22.066,2232920.0
1747670400000,22.068,22.61,21.882,22.282,2094248.0
1747684800000,22.281,22.353,21.967,22.244,1112175.0
1747699200000,22.245,22.81,22.087,22.402,1918040.0
1747713600000,22.403,22.608,22.18,22.232,1505401.0
1747728000000,22.23,22.354,21.925,22.114,1656693.0
1747742400000,22.114,22.202,21.833,22.132,1603518.0
1747756800000,22.131,22.461,21.747,22.385,2171575.0
1747771200000,22.385,22.769,22.258,22.597,1936370.0
1747785600000,22.597,22.715,22.145,22.532,1259415.0
1747800000000,22.533,22.996,22.413,22.546,2183404.0
1747814400000,22.545,22.839,22.354,22.74,1499622.0
1747828800000,22.739,23.288,22.525,23.21,2594359.0
1747843200000,23.211,23.809,22.37,22.856,5621380.0
1747857600000,22.856,23.446,22.575,23.164,1938997.0
1747872000000,23.168,23.854,23.122,23.773,1889648.0
1747886400000,23.775,24.144,23.704,24.128,1830570.0
1747900800000,24.129,25.464,24.071,25.094,5683053.0
1747915200000,25.095,25.431,24.765,25.038,3001343.0
1747929600000,25.038,25.394,25.028,25.087,1779818.0
1747944000000,25.087,25.336,24.735,25.25,1636018.0
1747958400000,25.25,25.85,25.036,25.733,2297502.0
1747972800000,25.733,25.83,24.911,25.1,2184010.0
1747987200000,25.101,25.97,24.281,24.455,3835630.0
1748001600000,24.451,24.995,23.663,24.472,5314557.0
1748016000000,24.472,24.641,23.988,24.017,2434704.0
1748030400000,24.016,24.022,22.901,23.063,2680109.0
1748044800000,23.062,23.455,22.924,23.272,1632039.0
1748059200000,23.273,23.414,22.98,23.123,1412052.0
1748073600000,23.123,23.436,22.852,23.208,1779899.0
1748088000000,23.21,23.268,22.969,23.122,1420331.0
1748102400000,23.122,23.176,22.777,23.009,1306406.0
1748116800000,23.008,23.102,22.716,22.937,1019966.0
1748131200000,22.938,23.127,22.458,22.892,1681404.0
1748145600000,22.892,22.917,22.412,22.457,901087.0
1748160000000,22.457,22.459,22.089,22.352,1922571.0
1748174400000,22.35,22.559,22.018,22.252,1846699.0
1748188800000,22.254,22.546,22.075,22.472,1012462.0
1748203200000,22.473,23.459,22.273,23.43,2306733.0
1748217600000,23.432,23.798,23.209,23.353,1758033.0
1748232000000,23.353,23.932,23.303,23.894,1693596.0
1748246400000,23.893,23.993,23.51,23.687,1513737.0
1748260800000,23.687,23.862,23.162,23.473,2150940.0
1748275200000,23.475,23.537,22.862,22.972,1799103.0
1748289600000,22.972,23.259,22.871,23.047,997451.0
1748304000000,23.049,23.19,22.492,23.015,1574784.0
1748318400000,23.014,23.863,22.987,23.488,2536400.0
1748332800000,23.49,23.754,23.38,23.612,1306247.0
1748347200000,23.612,23.871,23.101,23.436,2547098.0
1748361600000,23.436,23.834,23.294,23.402,1716785.0
1748376000000,23.402,23.562,23.155,23.361,1030088.0
1748390400000,23.361,23.712,23.28,23.56,1212104.0
1748404800000,23.559,23.616,23.132,23.272,1087637.0
1748419200000,23.273,23.567,23.051,23.55,1383300.0
1748433600000,23.549,23.763,22.833,22.856,2720092.0
1748448000000,22.856,23.392,22.77,22.806,1475005.0
1748462400000,22.806,23.6,22.752,23.599,1540677.0
1748476800000,23.599,24.34,23.428,24.191,2973044.0
1748491200000,24.19,24.306,23.481,23.713,1941509.0
1748505600000,23.714,23.804,23.337,23.411,1565535.0
1748520000000,23.411,23.411,22.66,22.772,2828123.0
1748534400000,22.774,23.01,22.431,22.614,2815845.0
1748548800000,22.614,22.769,22.14,22.236,1785831.0
1748563200000,22.236,22.337,20.933,21.813,4358543.0
1748577600000,21.813,21.856,21.281,21.424,1824050.0
1748592000000,21.425,21.859,21.269,21.782,1970731.0
1748606400000,21.783,21.863,21.4,21.467,2430861.0
1748620800000,21.467,21.56,20.72,21.259,3239519.0
1748635200000,21.258,21.327,20.385,20.535,2564920.0
1748649600000,20.532,20.581,19.759,20.056,3331404.0
1748664000000,20.057,20.242,19.807,20.13,1451778.0
1748678400000,20.131,20.333,20.053,20.189,1244792.0
1748692800000,20.189,20.83,20.154,20.658,1866026.0
1748707200000,20.659,21.0,20.601,20.877,1367872.0
1748721600000,20.876,21.116,20.752,20.786,1187312.0
1748736000000,20.785,20.83,20.491,20.657,997929.0
1748750400000,20.659,20.926,20.589,20.658,651312.0
1748764800000,20.657,20.682,20.25,20.39,1455058.0
1748779200000,20.39,20.769,20.151,20.691,1272518.0
1748793600000,20.692,20.952,20.374,20.65,1519880.0
1748808000000,20.65,20.961,20.547,20.869,880639.0
1748822400000,20.869,20.987,20.453,20.551,1021011.0
1748836800000,20.55,20.795,20.473,20.672,857793.0
1748851200000,20.672,20.799,20.203,20.318,2018544.0
1748865600000,20.318,20.694,20.252,20.564,1743505.0
1748880000000,20.564,20.769,20.401,20.529,1217608.0
1748894400000,20.529,21.306,20.529,21.143,1781598.0
1748908800000,21.143,21.69,21.124,21.265,2074865.0
1748923200000,21.265,21.457,21.105,21.282,974136.0
1748937600000,21.283,21.354,21.117,21.215,881717.0
1748952000000,21.214,21.562,21.129,21.358,1984287.0
1748966400000,21.356,21.586,21.24,21.537,1086570.0
1748980800000,21.537,21.552,20.86,21.129,1618219.0
1748995200000,21.13,21.636,21.039,21.467,1173290.0
1749009600000,21.468,21.567,21.251,21.405,862404.0
1749024000000,21.404,21.54,21.025,21.036,1228496.0
1749038400000,21.036,21.151,20.703,21.087,2003711.0
1749052800000,21.086,21.097,20.642,20.647,1160962.0
1749067200000,20.645,20.647,20.045,20.076,2524578.0
1749081600000,20.076,20.268,19.936,20.205,1274298.0
1749096000000,20.205,20.348,20.032,20.208,1384822.0
1749110400000,20.208,20.345,19.996,20.168,1080726.0
1749124800000,20.168,20.528,19.764,19.975,3361523.0
1749139200000,19.976,20.012,19.069,19.269,3749605.0
1749153600000,19.268,19.356,18.414,18.73,5174321.0
1749168000000,18.731,19.153,18.612,19.145,1502608.0
1749182400000,19.146,19.493,19.124,19.34,1310779.0
1749196800000,19.34,19.474,19.275,19.355,1383210.0
1749211200000,19.355,19.943,19.325,19.7,2478532.0
1749225600000,19.699,19.8,19.362,19.396,1588638.0
1749240000000,19.394,19.904,19.351,19.637,1759076.0
1749254400000,19.637,20.129,19.549,20.091,1325730.0
1749268800000,20.091,20.694,20.024,20.632,1846724.0
1749283200000,20.633,21.118,20.6,21.018,3137492.0
1749297600000,21.019,21.057,20.744,20.891,2125792.0
1749312000000,20.89,20.976,20.666,20.815,1381254.0
1749326400000,20.815,20.91,20.629,20.646,878713.0
1749340800000,20.645,20.655,20.328,20.343,1213661.0
1749355200000,20.344,20.385,20.239,20.266,961440.0
1749369600000,20.265,20.649,20.13,20.481,2550448.0
1749384000000,20.481,20.83,20.337,20.671,1723139.0
1749398400000,20.671,21.342,20.64,21.333,2455155.0
1749412800000,21.333,21.482,21.005,21.038,2234485.0
1749427200000,21.039,21.135,20.581,20.727,1944469.0
1749441600000,20.726,20.726,20.223,20.332,1692867.0
1749456000000,20.333,20.931,20.2,20.798,3024890.0
1749470400000,20.799,21.119,20.575,21.01,2431411.0
1749484800000,21.011,21.438,21.011,21.36,2346627.0
1749499200000,21.36,22.036,21.19,21.941,3050547.0
1749513600000,21.94,22.209,21.758,21.824,1952439.0
1749528000000,21.825,21.878,21.515,21.681,1914198.0
1749542400000,21.682,22.318,21.507,22.216,2905397.0
1749556800000,22.214,22.469,21.556,21.911,4139721.0
1749571200000,21.912,22.481,21.753,22.215,2518846.0
1749585600000,22.215,22.59,22.011,22.567,2092409.0
1749600000000,22.567,22.661,22.022,22.309,1776225.0
1749614400000,22.309,22.472,22.12,22.366,1090205.0
1749628800000,22.367,22.434,21.85,21.994,1723019.0
1749643200000,21.995,22.771,21.89,22.562,3489520.0
1749657600000,22.562,22.606,21.627,21.708,4096368.0
1749672000000,21.707,21.93,21.31,21.56,2466115.0
1749686400000,21.56,21.626,21.119,21.201,2286199.0
1749700800000,21.201,21.267,20.929,21.009,1729412.0
1749715200000,21.008,21.115,20.753,20.79,1687579.0
1749729600000,20.791,21.291,20.725,20.853,2383210.0
1749744000000,20.854,21.24,20.476,20.577,2297788.0
1749758400000,20.576,20.672,20.139,20.27,3070124.0
1749772800000,20.273,20.292,18.448,19.093,8433814.0
1749787200000,19.094,19.163,18.775,19.132,2263878.0
1749801600000,19.131,19.381,19.004,19.244,2399081.0
1749816000000,19.243,19.418,18.858,19.293,2936133.0
1749830400000,19.293,19.533,18.895,19.016,2743748.0
1749844800000,19.016,19.43,18.96,19.403,1218064.0
1749859200000,19.403,19.429,19.147,19.24,1109103.0
1749873600000,19.24,19.409,19.056,19.227,1127604.0
1749888000000,19.227,19.23,18.988,19.121,876579.0
1749902400000,19.12,19.2,18.84,18.952,1280873.0
1749916800000,18.951,19.065,18.697,18.874,1840409.0
1749931200000,18.872,19.092,18.738,18.926,1246679.0
1749945600000,18.926,19.046,18.892,18.96,771648.0
1749960000000,18.959,19.274,18.924,18.953,1502944.0
1749974400000,18.953,19.024,18.762,18.968,1195464.0
1749988800000,18.967,19.25,18.869,19.065,1879519.0
1750003200000,19.066,19.185,18.979,19.071,1287916.0
1750017600000,19.072,19.173,18.714,19.099,1906065.0
1750032000000,19.099,19.469,18.889,19.253,1693132.0
1750046400000,19.254,19.856,19.236,19.784,2013416.0
1750060800000,19.783,19.822,19.418,19.619,1633559.0
1750075200000,19.619,19.918,19.469,19.71,1978005.0
1750089600000,19.71,19.929,19.633,19.765,1623292.0
1750104000000,19.764,19.991,18.99,19.049,3547393.0
1750118400000,19.049,19.487,18.68,19.305,3023448.0
1750132800000,19.306,19.32,19.034,19.127,1259693.0
1750147200000,19.126,19.145,18.829,18.915,1481183.0
1750161600000,18.914,19.052,18.505,18.649,2543372.0
1750176000000,18.649,18.922,18.116,18.781,4104541.0
1750190400000,18.781,18.85,18.325,18.574,1858387.0
1750204800000,18.574,18.84,18.522,18.698,1183553.0
1750219200000,18.697,18.895,18.623,18.724,1066427.0
1750233600000,18.723,18.816,18.213,18.504,1816184.0
1750248000000,18.504,18.589,18.045,18.334,3258108.0
1750262400000,18.336,18.492,18.062,18.204,2985886.0
1750276800000,18.203,18.642,18.069,18.155,2319353.0
1750291200000,18.156,18.388,17.894,18.04,2327147.0
1750305600000,18.041,18.063,17.767,17.897,2049436.0
1750320000000,17.897,18.09,17.857,17.889,1467866.0
1750334400000,17.889,18.029,17.637,17.729,2952665.0
1750348800000,17.729,18.074,17.622,17.923,2390522.0
1750363200000,17.924,18.185,17.914,18.045,1646040.0
1750377600000,18.045,18.167,17.971,17.983,1124387.0
1750392000000,17.983,18.41,17.812,18.321,1844026.0
1750406400000,18.322,18.405,18.132,18.244,1673839.0
1750420800000,18.245,18.357,17.724,17.807,2649159.0
1750435200000,17.808,17.817,16.934,17.431,5144852.0
1750449600000,17.432,17.666,17.186,17.357,1801090.0
1750464000000,17.358,17.63,17.35,17.58,1109000.0
1750478400000,17.581,17.616,17.485,17.537,797231.0
1750492800000,17.538,17.63,17.479,17.593,1133005.0
1750507200000,17.592,17.615,16.99,17.133,2549474.0
1750521600000,17.133,17.185,16.75,16.778,2959883.0
1750536000000,16.778,17.104,16.25,16.811,5370804.0
1750550400000,16.812,17.098,16.581,16.698,2948442.0
1750564800000,16.698,16.999,16.654,16.839,1445932.0
1750579200000,16.84,16.919,16.515,16.656,1961036.0
1750593600000,16.654,16.738,15.944,16.027,7060209.0
1750608000000,16.026,16.345,15.886,15.935,2821963.0
1750622400000,15.938,16.521,15.6,16.513,3910539.0
1750636800000,16.513,16.756,16.48,16.515,1762370.0
1750651200000,16.517,17.054,16.506,16.909,1757496.0
1750665600000,16.908,17.136,16.771,16.868,2043315.0
1750680000000,16.868,17.28,16.704,16.744,3417103.0
1750694400000,16.745,17.318,16.254,17.29,5857076.0
1750708800000,17.291,18.188,17.247,18.051,5669795.0
1750723200000,18.052,18.228,17.941,18.045,1970902.0
1750737600000,18.044,18.476,17.961,18.045,2642840.0
1750752000000,18.044,18.282,17.881,18.119,2768589.0
1750766400000,18.119,18.281,17.981,18.158,2411826.0
1750780800000,18.159,18.427,17.904,18.018,2545670.0
1750795200000,18.016,18.227,17.949,18.224,1299100.0
1750809600000,18.225,18.361,18.09,18.114,1394446.0
1750824000000,18.115,18.175,17.968,18.025,1193031.0
1750838400000,18.024,18.044,17.718,17.978,2306694.0
1750852800000,17.979,18.126,17.545,17.583,3212247.0
1750867200000,17.583,17.793,17.526,17.716,1712585.0
1750881600000,17.718,17.821,17.403,17.567,1342938.0
1750896000000,17.568,18.006,17.437,17.752,1870936.0
1750910400000,17.752,17.812,17.528,17.718,1258013.0
1750924800000,17.718,17.787,17.37,17.405,1716971.0
1750939200000,17.406,17.423,17.088,17.245,3165146.0
1750953600000,17.242,17.376,17.136,17.329,1567573.0
1750968000000,17.326,17.63,17.164,17.222,1694768.0
1750982400000,17.221,17.529,16.997,17.488,1550612.0
1750996800000,17.488,17.603,17.329,17.385,1309692.0
1751011200000,17.386,17.612,17.376,17.465,1832604.0
1751025600000,17.465,17.574,17.277,17.539,2341927.0
1751040000000,17.539,17.776,17.116,17.32,2335574.0
1751054400000,17.32,17.6,17.297,17.569,1236655.0
1751068800000,17.57,17.665,17.47,17.593,844310.0
1751083200000,17.593,17.67,17.493,17.664,797052.0
1751097600000,17.665,17.733,17.591,17.664,1064444.0
1751112000000,17.665,17.78,17.528,17.752,900354.0
1751126400000,17.753,18.066,17.753,17.941,1912316.0
1751140800000,17.941,18.058,17.861,17.965,867391.0
1751155200000,17.966,18.006,17.796,17.807,749575.0
1751169600000,17.807,18.036,17.792,18.032,632080.0
1751184000000,18.032,18.158,17.982,18.052,1350594.0
1751198400000,18.051,18.064,17.802,17.83,1358378.0
1751212800000,17.83,18.084,17.804,18.035,1080090.0
1751227200000,18.034,18.893,17.916,18.728,4085731.0
1751241600000,18.73,18.875,18.262,18.287,1857119.0
1751256000000,18.287,18.303,17.97,18.236,1681696.0
1751270400000,18.237,18.272,18.015,18.065,1170088.0
1751284800000,18.065,18.13,17.692,18.009,3274898.0
1751299200000,18.009,18.23,17.864,18.201,2036606.0
1751313600000,18.201,18.256,17.881,17.958,1783303.0
1751328000000,17.96,18.05,17.731,17.808,1294592.0
1751342400000,17.808,17.808,17.417,17.623,2323885.0
1751356800000,17.623,17.639,17.436,17.471,1267395.0
1751371200000,17.471,17.496,17.185,17.251,2231967.0
1751385600000,17.252,17.33,17.023,17.077,1634504.0
1751400000000,17.076,17.13,16.933,17.093,1510872.0
1751414400000,17.092,17.3,16.947,17.262,1399547.0
1751428800000,17.261,17.647,17.241,17.58,1666811.0
1751443200000,17.58,17.689,17.505,17.556,1635899.0
1751457600000,17.556,18.015,17.413,18.006,2849437.0
1751472000000,18.005,18.826,18.004,18.676,6862672.0
1751486400000,18.676,18.817,18.483,18.519,2406069.0
1751500800000,18.519,18.668,18.432,18.544,1419776.0
1751515200000,18.545,19.173,18.533,19.084,2860242.0
1751529600000,19.083,19.112,18.678,18.771,2033933.0
1751544000000,18.77,19.035,18.333,18.361,3611556.0
1751558400000,18.361,18.603,18.342,18.55,1437333.0
1751572800000,18.55,18.662,18.5,18.535,883767.0
1751587200000,18.536,18.812,18.497,18.755,2001513.0
1751601600000,18.755,18.871,18.088,18.108,2675949.0
1751616000000,18.108,18.208,17.941,18.074,2059300.0
1751630400000,18.074,18.176,17.678,17.701,2638459.0
1751644800000,17.702,17.737,17.493,17.669,2300497.0
1751659200000,17.67,17.881,17.617,17.782,1273904.0
1751673600000,17.781,17.857,17.641,17.832,780296.0
1751688000000,17.833,17.924,17.709,17.81,795452.0
1751702400000,17.811,17.94,17.666,17.878,1327936.0
1751716800000,17.878,17.922,17.763,17.827,1157015.0
1751731200000,17.827,17.883,17.61,17.773,1031218.0
1751745600000,17.771,17.981,17.74,17.904,744416.0
1751760000000,17.904,17.908,17.749,17.811,735467.0
1751774400000,17.812,17.913,17.76,17.837,565438.0
1751788800000,17.836,17.874,17.725,17.87,680364.0
1751803200000,17.871,18.306,17.849,18.151,2298843.0
1751817600000,18.151,18.287,17.985,18.159,1289699.0
1751832000000,18.16,18.617,18.154,18.281,2481668.0
1751846400000,18.281,18.593,18.185,18.409,1199104.0
1751860800000,18.409,18.451,18.092,18.288,1375108.0
1751875200000,18.287,18.345,18.094,18.164,1327473.0
1751889600000,18.163,18.284,17.95,18.028,1952324.0
1751904000000,18.026,18.104,17.814,17.995,2195743.0
1751918400000,17.994,17.999,17.786,17.985,1108859.0
1751932800000,17.985,18.076,17.73,17.778,1604602.0
1751947200000,17.777,17.903,17.681,17.901,1164582.0
1751961600000,17.902,18.257,17.83,18.129,1916725.0
1751976000000,18.129,18.239,17.962,17.999,2004905.0
1751990400000,17.999,18.473,17.9,18.371,2274608.0
1752004800000,18.371,18.465,18.222,18.359,1093412.0
1752019200000,18.359,18.385,18.099,18.122,1189787.0
1752033600000,18.121,18.553,18.086,18.402,1671815.0
1752048000000,18.403,18.544,18.315,18.516,1255197.0
1752062400000,18.517,18.808,18.379,18.524,2919632.0
1752076800000,18.524,19.193,18.483,19.11,3784959.0
1752091200000,19.112,19.617,18.971,19.5,3668858.0
1752105600000,19.5,19.625,19.363,19.491,1481347.0
1752120000000,19.49,19.601,19.335,19.496,1444884.0
1752134400000,19.495,19.597,19.437,19.575,1483035.0
1752148800000,19.575,19.71,19.374,19.45,2396666.0
1752163200000,19.451,19.944,19.406,19.77,3663072.0
1752177600000,19.768,20.782,19.761,20.702,5337317.0
1752192000000,20.702,20.933,20.43,20.859,3346492.0
1752206400000,20.859,21.214,20.708,20.74,2920084.0
1752220800000,20.738,21.2,20.736,20.982,1791957.0
1752235200000,20.984,21.528,20.847,20.951,4485488.0
1752249600000,20.954,21.416,20.774,21.322,3231824.0
1752264000000,21.321,21.334,20.324,20.672,2854958.0
1752278400000,20.674,21.048,20.373,20.855,1871053.0
1752292800000,20.856,20.908,20.524,20.882,1600094.0
1752307200000,20.881,21.075,20.7,20.967,1434821.0
1752321600000,20.968,21.029,20.16,20.316,3529136.0
1752336000000,20.315,20.853,20.235,20.73,1551266.0
1752350400000,20.73,20.752,20.388,20.684,1126589.0
1752364800000,20.684,21.171,20.654,21.093,1994925.0
1752379200000,21.093,21.316,20.944,21.304,1598708.0
1752393600000,21.305,21.383,21.053,21.257,1790708.0
1752408000000,21.256,21.637,21.129,21.283,2749916.0
1752422400000,21.283,21.776,21.081,21.524,2422001.0
1752436800000,21.524,21.599,20.972,21.184,2142111.0
1752451200000,21.184,22.075,21.132,21.785,2688353.0
1752465600000,21.784,22.067,21.521,21.829,2503762.0
1752480000000,21.83,21.931,21.587,21.697,1756004.0
1752494400000,21.697,22.0,21.276,21.445,2949842.0
1752508800000,21.445,21.647,21.123,21.255,2024328.0
1752523200000,21.255,21.411,20.999,21.255,1541866.0
1752537600000,21.254,21.354,20.426,20.583,2972025.0
1752552000000,20.583,20.911,20.382,20.731,1732143.0
1752566400000,20.73,21.5,20.587,21.105,3518684.0
1752580800000,21.106,21.3,20.67,21.173,4109959.0
1752595200000,21.173,21.884,21.155,21.207,3812016.0
1752609600000,21.205,22.571,21.147,22.504,3693753.0
1752624000000,22.505,22.561,21.705,21.719,2773507.0
1752638400000,21.72,22.079,21.616,21.979,1655248.0
1752652800000,21.978,22.138,21.873,22.01,1582651.0
1752667200000,22.011,22.367,21.805,22.095,3446256.0
1752681600000,22.094,22.828,22.05,22.596,3411636.0
1752696000000,22.595,23.031,22.446,22.651,3196849.0
1752710400000,22.653,22.943,22.015,22.156,2560195.0
1752724800000,22.156,22.796,22.089,22.689,2098838.0
1752739200000,22.692,23.24,22.606,22.889,2638166.0
1752753600000,22.888,23.08,22.422,22.72,3238544.0
1752768000000,22.718,22.948,22.299,22.422,3105182.0
1752782400000,22.42,24.345,22.181,23.905,7109173.0
1752796800000,23.905,24.577,23.688,24.333,4367536.0
1752811200000,24.333,25.038,24.23,24.345,3956671.0
1752825600000,24.346,24.659,23.948,24.137,3389032.0
1752840000000,24.137,24.573,23.544,23.759,4828809.0
1752854400000,23.76,24.093,23.43,23.605,3115440.0
1752868800000,23.606,23.707,23.05,23.515,3459694.0
1752883200000,23.517,23.824,22.992,23.819,1722300.0
1752897600000,23.819,24.016,23.691,23.71,1484461.0
1752912000000,23.71,23.726,23.405,23.585,1573830.0
1752926400000,23.585,23.865,23.289,23.638,1833701.0
1752940800000,23.638,25.182,23.534,24.961,4056229.0
1752955200000,24.962,25.236,24.171,24.496,4168988.0
1752969600000,24.496,24.782,24.297,24.563,1914091.0
1752984000000,24.563,24.833,24.42,24.689,1714156.0
1752998400000,24.689,25.276,24.689,25.129,2582632.0
1753012800000,25.126,25.446,24.861,25.408,3138341.0
1753027200000,25.409,25.55,24.934,25.277,3638194.0
1753041600000,25.278,25.331,24.48,25.039,3564005.0
1753056000000,25.041,25.449,24.628,25.443,2694969.0
1753070400000,25.444,25.872,25.28,25.833,2243602.0
1753084800000,25.834,26.435,25.568,26.048,3654556.0
1753099200000,26.048,26.363,25.635,25.91,3419923.0
1753113600000,25.909,25.93,25.078,25.192,3938386.0
1753128000000,25.191,25.593,25.11,25.435,2065766.0
1753142400000,25.436,26.041,24.812,25.894,5352032.0
1753156800000,25.893,26.1,25.085,25.659,6039798.0
1753171200000,25.659,25.661,24.763,25.51,4798691.0
1753185600000,25.511,25.684,24.765,24.972,6117576.0
1753200000000,24.972,25.391,24.7,24.859,4203816.0
1753214400000,24.859,25.903,24.81,25.9,2784221.0
1753228800000,25.9,26.125,25.481,25.535,3186934.0
1753243200000,25.535,25.835,25.22,25.364,1893826.0
1753257600000,25.363,25.583,24.82,25.01,2557331.0
1753272000000,25.008,25.073,23.581,24.352,7278858.0
1753286400000,24.352,24.353,23.387,23.84,4071818.0
1753300800000,23.839,24.111,23.137,23.941,3827610.0
1753315200000,23.941,24.192,23.8,23.939,1663144.0
1753329600000,23.939,24.024,22.511,23.255,4973612.0
1753344000000,23.255,23.904,23.131,23.813,2963761.0
1753358400000,23.813,24.438,23.456,24.175,4201219.0
1753372800000,24.176,24.313,23.687,23.995,2794942.0
1753387200000,23.995,24.217,23.577,23.656,2041670.0
1753401600000,23.658,23.687,22.873,23.088,2765733.0
1753416000000,23.088,23.382,22.846,23.085,2141628.0
1753430400000,23.084,23.9,23.056,23.706,2392294.0
1753444800000,23.707,23.88,22.936,23.194,3324867.0
1753459200000,23.195,23.541,23.066,23.403,1829272.0
1753473600000,23.403,24.038,23.392,24.003,1842835.0
1753488000000,24.003,24.159,23.847,24.066,1001704.0
1753502400000,24.065,24.196,24.029,24.08,786170.0
1753516800000,24.081,24.423,24.081,24.318,1314922.0
1753531200000,24.318,24.944,24.2,24.829,3532732.0
1753545600000,24.829,25.786,24.52,25.432,4317665.0
1753560000000,25.434,25.492,24.872,24.929,1934423.0
1753574400000,24.928,25.099,24.841,24.936,1198831.0
1753588800000,24.935,25.248,24.92,25.005,1400946.0
1753603200000,25.006,25.151,24.744,24.924,1856781.0
1753617600000,24.923,25.117,24.805,25.026,1649666.0
1753632000000,25.026,25.554,25.026,25.431,3248471.0
1753646400000,25.43,26.479,25.387,26.056,3171583.0
1753660800000,26.057,26.339,25.77,26.141,2278569.0
1753675200000,26.143,26.784,26.111,26.552,2788050.0
1753689600000,26.553,27.365,26.491,27.307,4346651.0
1753704000000,27.308,27.415,25.9,26.066,6850803.0
1753718400000,26.066,26.201,25.354,25.53,4367903.0
1753732800000,25.531,25.576,24.966,25.196,2817866.0
1753747200000,25.196,25.4,24.413,25.02,3740923.0
1753761600000,25.02,25.503,24.82,25.454,2465232.0
1753776000000,25.454,25.504,24.511,24.713,2647507.0
1753790400000,24.713,25.181,24.19,24.299,5262367.0
1753804800000,24.298,24.548,24.0,24.07,3872248.0
1753819200000,24.069,24.447,23.855,24.358,2187761.0
1753833600000,24.36,24.496,23.996,24.278,1608453.0
1753848000000,24.279,24.364,23.926,23.994,1416346.0
1753862400000,23.993,24.167,23.322,23.424,2610210.0
1753876800000,23.424,23.636,23.112,23.217,3421545.0
1753891200000,23.219,23.66,22.343,23.211,4769725.0
1753905600000,23.211,23.452,22.98,23.301,1711404.0
1753920000000,23.301,23.721,23.204,23.675,1359745.0
1753934400000,23.676,24.063,23.633,23.873,1949088.0
1753948800000,23.874,24.104,23.575,23.656,1843858.0
1753963200000,23.656,23.687,22.782,23.088,4030088.0
1753977600000,23.087,23.518,22.745,22.803,3116940.0
1753992000000,22.804,22.967,22.38,22.45,2821420.0
1754006400000,22.45,22.566,21.792,22.405,3744156.0
1754020800000,22.405,22.405,21.74,22.144,2442775.0
1754035200000,22.145,22.146,21.611,22.12,2534801.0
1754049600000,22.119,22.39,21.567,22.077,3967756.0
1754064000000,22.077,22.239,21.483,21.893,3371354.0
1754078400000,21.893,21.983,21.011,21.509,3968894.0
1754092800000,21.508,21.765,21.457,21.695,1006948.0
1754107200000,21.696,21.812,21.165,21.657,1726534.0
1754121600000,21.658,21.716,21.237,21.484,1298949.0
1754136000000,21.484,21.655,21.132,21.208,1763816.0
1754150400000,21.209,21.312,20.651,20.868,3777510.0
1754164800000,20.87,21.135,20.682,20.851,1739119.0
1754179200000,20.851,21.194,20.566,21.128,1560497.0
1754193600000,21.129,21.236,21.055,21.164,878364.0
1754208000000,21.164,21.473,21.134,21.351,1663323.0
1754222400000,21.351,21.473,21.225,21.414,1489677.0
1754236800000,21.415,21.525,21.3,21.388,1332353.0
1754251200000,21.388,21.522,21.26,21.359,1095620.0
1754265600000,21.358,21.91,21.327,21.749,2376800.0
1754280000000,21.75,21.986,21.71,21.918,1539979.0
1754294400000,21.918,22.034,21.71,21.823,1239470.0
1754308800000,21.824,22.584,21.766,22.34,3225870.0
1754323200000,22.34,22.84,22.251,22.295,2467090.0
1754337600000,22.295,23.103,22.255,23.096,2573429.0
1754352000000,23.096,23.122,22.641,22.718,1477076.0
1754366400000,22.716,22.83,22.136,22.21,2168206.0
1754380800000,22.209,22.824,22.162,22.656,1961019.0
1754395200000,22.657,22.69,21.622,21.71,4722587.0
1754409600000,21.708,21.94,21.618,21.674,1852603.0
1754424000000,21.672,21.928,21.418,21.896,1623147.0
1754438400000,21.896,21.942,21.598,21.649,1456827.0
1754452800000,21.65,22.301,21.556,22.237,1841813.0
1754467200000,22.238,22.28,21.894,21.937,1516591.0
1754481600000,21.937,22.372,21.752,22.328,2601464.0
1754496000000,22.325,22.39,22.007,22.25,2173964.0
1754510400000,22.251,22.29,22.095,22.22,865835.0
1754524800000,22.219,22.337,21.965,21.993,902112.0
1754539200000,21.993,22.302,21.938,22.204,1218600.0
1754553600000,22.205,22.888,22.192,22.771,3033798.0
1754568000000,22.771,22.816,22.491,22.649,2313614.0
1754582400000,22.649,22.882,22.168,22.862,2080711.0
1754596800000,22.863,23.357,22.832,23.351,2708648.0
1754611200000,23.35,23.685,23.002,23.273,4403813.0
1754625600000,23.274,23.566,23.032,23.478,1715598.0
1754640000000,23.478,23.605,23.297,23.503,1846560.0
1754654400000,23.504,23.804,23.042,23.181,3336676.0
1754668800000,23.18,23.847,23.151,23.806,2253544.0
1754683200000,23.804,23.869,23.669,23.797,991887.0
1754697600000,23.798,24.191,23.733,23.992,1338474.0
1754712000000,23.991,24.683,23.935,24.413,2459525.0
1754726400000,24.412,24.759,24.347,24.585,1697872.0
1754740800000,24.586,24.81,24.031,24.163,2999431.0
1754755200000,24.163,24.574,24.163,24.481,1654808.0
1754769600000,24.48,24.813,24.168,24.241,2724480.0
1754784000000,24.242,24.502,24.044,24.397,1948595.0
1754798400000,24.396,24.552,23.458,23.48,2967450.0
1754812800000,23.481,23.706,23.256,23.526,2431286.0
1754827200000,23.525,24.048,23.446,23.945,1931780.0
1754841600000,23.944,24.023,23.741,23.905,1203284.0
1754856000000,23.906,23.926,23.537,23.83,1932969.0
1754870400000,23.831,24.474,23.66,24.407,2901490.0
1754884800000,24.408,24.619,24.025,24.091,2235549.0
1754899200000,24.092,24.358,23.279,23.376,3638581.0
1754913600000,23.376,23.739,23.065,23.737,4028629.0
1754928000000,23.736,24.05,23.1,23.237,2945052.0
1754942400000,23.237,23.257,22.633,22.775,2613142.0
1754956800000,22.774,23.261,22.725,22.997,1602771.0
1754971200000,22.997,23.204,22.79,23.12,1754109.0
1754985600000,23.121,23.214,22.748,22.97,1845427.0
1755000000000,22.969,24.24,22.867,24.2,5359652.0
1755014400000,24.2,24.63,24.137,24.614,3606862.0
1755028800000,24.614,24.919,24.555,24.684,2787529.0
1755043200000,24.684,25.059,24.383,24.984,2503631.0
1755057600000,24.984,25.148,24.422,24.767,2295075.0
1755072000000,24.766,25.455,24.752,25.057,3721185.0
1755086400000,25.057,25.425,24.737,25.0,4795359.0
1755100800000,25.001,25.399,24.981,25.366,3448545.0
1755115200000,25.366,25.688,25.225,25.482,2607825.0
1755129600000,25.483,26.006,25.25,25.944,2846421.0
1755144000000,25.944,25.977,25.109,25.301,4061178.0
1755158400000,25.303,25.317,24.746,25.048,3551590.0
1755172800000,25.048,25.128,23.0,23.87,11849152.0
1755187200000,23.87,23.904,23.358,23.594,4039449.0
1755201600000,23.593,23.707,23.174,23.644,2561347.0
1755216000000,23.647,24.882,23.608,24.859,4141934.0
1755230400000,24.86,25.656,24.606,25.415,6815889.0
1755244800000,25.414,25.464,24.561,24.573,3800901.0
1755259200000,24.574,24.756,23.562,23.681,7404441.0
1755273600000,23.681,24.22,23.444,23.525,4934710.0
1755288000000,23.525,24.13,23.453,23.751,2627775.0
1755302400000,23.75,24.124,23.689,23.871,1891651.0
1755316800000,23.872,23.993,23.615,23.988,1622163.0
1755331200000,23.988,24.086,23.555,23.592,2346499.0
1755345600000,23.593,24.253,23.56,24.199,2730066.0
1755360000000,24.196,24.287,23.89,24.155,2103463.0
1755374400000,24.155,24.367,24.124,24.29,1279735.0
1755388800000,24.291,24.463,24.008,24.42,1406924.0
1755403200000,24.42,24.754,24.411,24.551,1771275.0
1755417600000,24.549,24.934,24.481,24.828,2488952.0
1755432000000,24.828,25.439,24.571,25.418,3109757.0
1755446400000,25.416,25.68,24.916,25.068,5742783.0
1755460800000,25.068,25.297,25.001,25.063,1872275.0
1755475200000,25.063,25.319,23.7,23.938,6746615.0
1755489600000,23.937,24.124,23.42,23.514,3823719.0
1755504000000,23.513,23.891,23.339,23.672,3104796.0
1755518400000,23.674,24.167,23.365,23.761,4839274.0
1755532800000,23.762,23.998,23.405,23.825,3164611.0
1755547200000,23.824,24.13,23.558,23.682,2403734.0
1755561600000,23.682,24.054,23.05,23.098,3850629.0
1755576000000,23.098,23.292,22.912,23.026,3026703.0
1755590400000,23.023,23.394,22.85,23.339,2633037.0
1755604800000,23.339,23.476,22.666,22.774,5928818.0
1755619200000,22.776,22.845,22.338,22.495,4097830.0
1755633600000,22.495,22.736,22.296,22.35,2148861.0
1755648000000,22.35,22.787,22.221,22.677,2349846.0
1755662400000,22.679,22.974,22.676,22.768,1732378.0
1755676800000,22.769,23.025,22.538,22.814,2305527.0
1755691200000,22.814,23.344,22.345,23.095,6053739.0
1755705600000,23.095,23.533,22.945,23.521,3621440.0
1755720000000,23.521,23.545,23.334,23.447,1844954.0
1755734400000,23.447,23.62,23.153,23.401,2416174.0
1755748800000,23.4,23.523,23.2,23.397,1962820.0
1755763200000,23.399,23.435,23.008,23.104,2021780.0
1755777600000,23.104,23.411,22.895,22.93,4075427.0
1755792000000,22.93,23.085,22.715,22.827,3028278.0
1755806400000,22.826,23.056,22.706,22.769,1557332.0
1755820800000,22.768,23.216,22.66,22.872,2522065.0
1755835200000,22.873,23.138,22.79,23.046,2336238.0
1755849600000,23.047,23.213,22.559,22.569,2495692.0
1755864000000,22.571,24.511,22.183,24.263,15543043.0
1755878400000,24.264,25.204,24.26,25.078,6684627.0
1755892800000,25.079,25.412,25.05,25.265,3422320.0
1755907200000,25.265,25.328,24.48,24.961,3663415.0
1755921600000,24.961,25.591,24.919,25.332,3762148.0
1755936000000,25.332,26.059,25.215,25.907,5624075.0
1755950400000,25.908,26.779,25.567,25.661,9710916.0
1755964800000,25.661,25.998,25.251,25.991,4458038.0
1755979200000,25.991,26.312,25.721,26.263,2549620.0
1755993600000,26.263,26.302,25.863,25.929,2587229.0
1756008000000,25.929,25.994,25.445,25.455,2483178.0
1756022400000,25.454,25.59,24.931,25.064,3674906.0
1756036800000,25.065,25.908,25.028,25.516,3586269.0
1756051200000,25.516,26.573,25.129,25.806,9671219.0
1756065600000,25.805,25.911,25.176,25.823,5853931.0
1756080000000,25.821,25.988,25.154,25.494,3786174.0
1756094400000,25.495,25.558,24.147,24.279,4877701.0
1756108800000,24.278,24.439,23.963,24.254,4623356.0
1756123200000,24.254,24.547,24.057,24.172,4217243.0
1756137600000,24.173,24.337,23.488,23.541,4952433.0
1756152000000,23.539,23.658,23.022,23.339,6710392.0
1756166400000,23.339,23.657,23.076,23.306,3448974.0
1756180800000,23.306,23.562,23.1,23.288,2831652.0
1756195200000,23.286,23.575,23.187,23.403,2459999.0
1756209600000,23.404,23.961,23.15,23.675,6656099.0
1756224000000,23.675,24.29,23.624,24.214,3120967.0
1756238400000,24.213,24.344,24.013,24.172,2493115.0
1756252800000,24.17,24.514,23.86,24.433,2306386.0
1756267200000,24.432,24.623,24.144,24.316,2948504.0
1756281600000,24.317,24.582,24.225,24.5,2065077.0
1756296000000,24.5,25.323,24.46,24.982,6565767.0
1756310400000,24.981,25.2,24.526,24.667,3798863.0
1756324800000,24.667,25.072,24.357,24.42,5974646.0
1756339200000,24.42,24.748,24.242,24.683,2920580.0
1756353600000,24.683,24.876,24.515,24.703,2581945.0
1756368000000,24.702,24.964,24.379,24.492,2734021.0
1756382400000,24.491,25.073,24.388,24.582,6606838.0
1756396800000,24.581,24.695,24.146,24.15,3205355.0
1756411200000,24.15,24.933,24.12,24.928,2689696.0
1756425600000,24.927,25.197,24.614,25.1,4010259.0
1756440000000,25.1,25.189,24.05,24.148,4040454.0
1756454400000,24.147,24.219,23.482,23.738,4796781.0
1756468800000,23.737,24.45,23.372,23.514,8078331.0
1756483200000,23.512,23.673,23.185,23.451,3955187.0
1756497600000,23.45,23.614,23.207,23.536,2260980.0
1756512000000,23.537,23.716,23.094,23.536,2487964.0
1756526400000,23.537,23.875,23.529,23.81,1892940.0
1756540800000,23.809,23.813,23.506,23.741,1526352.0
1756555200000,23.741,23.919,23.356,23.915,2695699.0
1756569600000,23.914,23.934,23.608,23.731,1510838.0
1756584000000,23.732,23.815,23.56,23.77,1049910.0
1756598400000,23.769,24.067,23.757,24.023,1959398.0
1756612800000,24.024,24.032,23.78,23.858,1122845.0
1756627200000,23.858,24.197,23.808,24.015,1875279.0
1756641600000,24.015,24.125,23.835,24.046,2052114.0
1756656000000,24.047,24.05,23.784,23.798,1858301.0
1756670400000,23.798,23.929,23.361,23.381,2595599.0
1756684800000,23.382,23.493,23.038,23.147,3746571.0
1756699200000,23.147,23.786,22.843,23.78,3753448.0
1756713600000,23.779,24.338,23.687,23.76,6356092.0
1756728000000,23.761,23.969,23.561,23.654,4159455.0
1756742400000,23.653,23.834,23.376,23.558,3467731.0
1756756800000,23.56,23.567,22.651,23.205,5618870.0
1756771200000,23.204,23.762,23.015,23.679,3577504.0
1756785600000,23.678,24.114,23.6,23.896,3164831.0
1756800000000,23.897,24.287,23.824,23.997,3024413.0
1756814400000,23.998,24.228,23.5,23.608,7569351.0
1756828800000,23.608,24.008,23.581,23.841,3656273.0
1756843200000,23.84,24.501,23.802,24.467,3610900.0
1756857600000,24.467,24.694,24.267,24.392,3099665.0
1756872000000,24.391,24.781,24.303,24.741,3572156.0
1756886400000,24.74,25.783,24.729,24.993,7908104.0
1756900800000,24.994,25.486,24.883,25.45,4146536.0
1756915200000,25.449,25.594,25.154,25.351,3092567.0
1756929600000,25.353,25.376,25.141,25.197,1321261.0
1756944000000,25.197,25.268,25.029,25.132,2128685.0
1756958400000,25.132,25.228,24.657,24.757,3075484.0
1756972800000,24.757,24.956,24.582,24.59,2106011.0
1756987200000,24.591,24.842,24.529,24.716,3548314.0
1757001600000,24.716,24.768,24.164,24.208,3086179.0
1757016000000,24.208,24.581,24.176,24.202,2282066.0
1757030400000,24.202,24.338,23.846,24.333,3164367.0
1757044800000,24.333,24.883,24.212,24.842,2632467.0
1757059200000,24.841,24.879,24.581,24.762,2242966.0
1757073600000,24.763,25.099,24.136,24.303,8677051.0
1757088000000,24.304,24.45,24.17,24.416,2287146.0
1757102400000,24.416,24.564,24.193,24.465,2009020.0
1757116800000,24.465,24.528,24.291,24.406,948922.0
1757131200000,24.406,24.406,24.187,24.247,769625.0
1757145600000,24.247,24.263,24.076,24.147,953488.0
1757160000000,24.147,24.395,24.113,24.213,1350225.0
1757174400000,24.213,24.612,24.179,24.326,2408053.0
1757188800000,24.321,24.473,24.311,24.369,1026744.0
1757203200000,24.369,24.67,24.327,24.572,1133859.0
1757217600000,24.573,24.722,24.48,24.539,1087446.0
1757232000000,24.54,24.719,24.374,24.481,1568107.0
1757246400000,24.48,24.689,24.385,24.606,1767567.0
1757260800000,24.606,24.624,24.25,24.529,1800040.0
1757275200000,24.529,24.94,24.454,24.683,2294674.0
1757289600000,24.683,25.014,24.532,24.868,2588187.0
1757304000000,24.868,25.032,24.612,24.876,2230827.0
1757318400000,24.877,25.424,24.869,25.172,3115155.0
1757332800000,25.171,25.801,25.051,25.725,4021221.0
1757347200000,25.724,25.776,25.325,25.369,2447247.0
1757361600000,25.369,25.478,25.194,25.282,1535592.0
1757376000000,25.282,25.419,24.903,25.156,2277500.0
1757390400000,25.155,26.144,25.028,25.909,3697500.0
1757404800000,25.909,26.253,25.86,25.986,2379434.0
1757419200000,25.986,26.361,25.61,25.93,6586164.0
1757433600000,25.931,26.158,25.798,25.892,3013478.0
1757448000000,25.892,26.053,25.798,25.931,1695450.0
1757462400000,25.931,26.301,25.737,26.22,2489809.0
1757476800000,26.219,27.105,26.127,26.921,5466801.0
1757491200000,26.924,26.982,26.376,26.873,3824313.0
1757505600000,26.876,28.973,26.873,28.669,12501639.0
1757520000000,28.67,29.16,28.383,28.532,6549745.0
1757534400000,28.531,29.522,28.47,29.474,4400497.0
1757548800000,29.473,29.48,28.81,29.41,3484019.0
1757563200000,29.41,30.008,28.501,28.765,7124287.0
1757577600000,28.765,29.15,28.699,28.956,3038804.0
1757592000000,28.956,29.2,28.177,28.92,7264311.0
1757606400000,28.921,29.096,28.805,28.973,2117447.0
1757620800000,28.973,29.214,28.706,29.133,2215680.0
1757635200000,29.132,29.394,28.708,28.771,3230871.0
1757649600000,28.77,29.061,28.464,28.665,3038883.0
1757664000000,28.665,28.67,28.311,28.331,2473443.0
1757678400000,28.332,28.817,28.215,28.53,3667805.0
1757692800000,28.53,28.67,28.412,28.615,2625868.0
1757707200000,28.614,28.985,28.496,28.968,2939925.0
1757721600000,28.968,30.306,28.726,30.226,6676172.0
1757736000000,30.226,31.235,30.088,30.85,6499466.0
1757750400000,30.849,31.1,29.97,30.461,4929961.0
1757764800000,30.461,30.505,29.669,29.816,4070848.0
1757779200000,29.816,29.943,29.259,29.603,3674972.0
1757793600000,29.603,30.087,29.591,30.069,2173132.0
1757808000000,30.069,30.198,29.717,29.759,2525892.0
1757822400000,29.759,30.616,29.608,29.952,4438207.0
1757836800000,29.953,30.355,29.623,29.666,3046220.0
1757851200000,29.666,29.863,28.938,29.104,4945066.0
1757865600000,29.103,29.804,29.042,29.594,3054646.0
1757880000000,29.592,30.402,29.321,29.431,5135434.0
1757894400000,29.43,29.788,29.215,29.618,2791068.0
1757908800000,29.619,30.281,29.03,29.162,4553877.0
1757923200000,29.16,29.164,28.228,28.821,6775023.0
1757937600000,28.82,29.005,28.3,28.475,3907815.0
1757952000000,28.479,29.244,28.275,29.111,3289947.0
1757966400000,29.112,30.439,29.059,29.794,6832317.0
1757980800000,29.793,29.889,29.303,29.344,2515193.0
1757995200000,29.344,30.718,29.166,30.61,4465363.0
1758009600000,30.611,30.973,30.361,30.441,6004251.0
1758024000000,30.442,30.559,29.594,30.11,5940296.0
1758038400000,30.111,30.426,29.876,29.97,3648745.0
1758052800000,29.971,30.183,29.882,30.055,1871408.0
1758067200000,30.055,30.195,29.708,29.716,2276552.0
1758081600000,29.715,30.243,29.512,30.109,3049084.0
1758096000000,30.102,30.152,29.813,29.902,2459258.0
1758110400000,29.903,30.008,29.369,29.489,2492190.0
1758124800000,29.489,30.348,29.363,30.054,7332500.0
1758139200000,30.053,32.002,29.744,31.825,7501149.0
1758153600000,31.827,33.033,31.631,32.909,6383015.0
1758168000000,32.908,33.283,32.395,32.804,4639272.0
1758182400000,32.805,33.138,32.653,32.772,3613076.0
1758196800000,32.773,33.49,32.702,33.133,5374711.0
1758211200000,33.133,34.874,33.087,34.707,9968330.0
1758225600000,34.708,35.434,34.598,35.193,7550467.0
1758240000000,35.193,35.808,34.733,34.775,7067401.0
1758254400000,34.775,34.892,33.912,34.424,6091094.0
1758268800000,34.422,34.611,33.785,33.958,4252972.0
1758283200000,33.958,34.308,33.495,33.935,5820072.0
1758297600000,33.935,34.371,33.752,33.794,3262052.0
1758312000000,33.794,33.952,33.289,33.719,3333685.0
1758326400000,33.72,34.093,33.468,33.645,2107307.0
1758340800000,33.645,34.046,33.618,33.923,1846881.0
1758355200000,33.92,33.933,32.833,33.06,3475121.0
1758369600000,33.06,34.012,32.88,33.6,3742324.0
1758384000000,33.597,33.75,32.986,33.249,2819526.0
1758398400000,33.248,33.431,33.076,33.154,1175599.0
1758412800000,33.153,33.278,32.768,33.27,2157776.0
1758427200000,33.269,33.288,32.86,32.96,1438953.0
1758441600000,32.957,33.594,32.57,32.854,4236287.0
1758456000000,32.854,33.138,32.804,33.033,2255494.0
1758470400000,33.034,33.254,32.612,33.214,2091485.0
1758484800000,33.213,33.29,32.958,33.02,1481240.0
1758499200000,33.023,33.124,31.27,31.786,7280522.0
1758513600000,31.785,31.925,26.788,30.532,8351038.0
1758528000000,30.532,31.454,30.451,31.092,4822478.0
1758542400000,31.094,32.052,31.014,31.935,7537184.0
1758556800000,31.935,32.163,31.35,31.361,4173975.0
1758571200000,31.362,33.976,31.316,33.861,7415185.0
1758585600000,33.863,35.768,32.742,34.94,12562155.0
1758600000000,34.939,35.59,34.013,34.957,8500417.0
1758614400000,34.954,35.52,34.255,34.441,5372369.0
1758628800000,34.441,36.16,34.057,35.14,9401022.0
1758643200000,35.14,35.25,33.632,33.759,6185417.0
1758657600000,33.757,33.972,33.407,33.586,3803553.0
1758672000000,33.587,34.932,33.198,33.249,6661503.0
1758686400000,33.247,34.469,32.855,34.12,5401244.0
1758700800000,34.121,34.421,34.004,34.143,2851129.0
1758715200000,34.141,34.745,34.098,34.484,4387568.0
1758729600000,34.484,34.832,34.201,34.207,3329652.0
1758744000000,34.207,34.26,32.253,32.298,6037678.0
1758758400000,32.297,32.79,31.69,31.825,6447205.0
1758772800000,31.826,31.828,30.663,30.714,6363810.0
1758787200000,30.714,31.123,30.411,30.586,5396007.0
1758801600000,30.586,30.727,29.9,30.237,6709020.0
1758816000000,30.237,30.252,28.85,29.468,8097377.0
1758830400000,29.47,29.502,28.525,28.629,4914201.0
1758844800000,28.628,29.064,27.898,28.247,6225198.0
1758859200000,28.247,28.48,27.671,28.263,4353283.0
1758873600000,28.263,28.566,27.4,27.564,5054640.0
1758888000000,27.564,27.901,27.039,27.872,7691992.0
1758902400000,27.872,29.58,27.808,28.698,10392846.0
1758916800000,28.698,29.118,28.579,29.081,3059760.0
1758931200000,29.081,29.086,28.641,28.736,2130769.0
1758945600000,28.735,28.959,28.596,28.661,1413994.0
1758960000000,28.662,28.662,28.277,28.335,2151364.0
1758974400000,28.335,28.832,28.221,28.674,2935176.0
1758988800000,28.675,28.78,28.392,28.752,1920308.0
1759003200000,28.752,28.961,28.59,28.736,1328408.0
1759017600000,28.735,28.877,28.179,28.254,1624137.0
1759032000000,28.254,28.414,28.073,28.37,1379049.0
1759046400000,28.369,28.776,28.03,28.111,2589376.0
1759060800000,28.111,28.925,27.919,28.807,3462783.0
1759075200000,28.807,29.158,28.792,29.0,2370889.0
1759089600000,28.999,30.178,28.945,29.979,4464885.0
1759104000000,29.98,30.219,29.415,29.747,3356899.0
1759118400000,29.747,29.792,29.247,29.561,2623917.0
1759132800000,29.56,29.988,29.128,29.675,3940637.0
1759147200000,29.675,30.538,29.144,30.443,6706402.0
1759161600000,30.443,30.701,30.01,30.464,4363734.0
1759176000000,30.465,30.816,30.338,30.394,2488723.0
1759190400000,30.393,30.691,29.816,29.861,3097336.0
1759204800000,29.862,29.927,29.414,29.504,2086859.0
1759219200000,29.503,29.757,29.182,29.422,3089483.0
1759233600000,29.421,29.458,28.81,29.057,3580471.0
1759248000000,29.056,30.084,28.808,30.01,3565901.0
1759262400000,30.011,30.376,29.764,30.012,2825980.0
1759276800000,30.012,30.231,29.619,29.646,1904621.0
1759291200000,29.645,30.091,29.611,29.999,2063583.0
1759305600000,29.999,31.087,29.995,30.782,4889816.0
1759320000000,30.782,30.822,30.339,30.565,3636210.0
1759334400000,30.567,30.722,30.448,30.592,2268952.0
1759348800000,30.592,30.721,30.435,30.72,2226002.0
1759363200000,30.721,31.373,30.479,30.856,5508164.0
1759377600000,30.856,30.944,30.551,30.567,2864144.0
1759392000000,30.567,30.644,30.4,30.505,2615120.0
1759406400000,30.505,30.731,29.492,29.995,8382424.0
1759420800000,29.994,31.133,29.924,31.006,4231225.0
1759435200000,31.007,31.235,30.806,30.965,2640472.0
1759449600000,30.964,31.005,30.447,30.744,2604698.0
1759464000000,30.745,30.906,30.06,30.16,2394139.0
1759478400000,30.159,30.48,29.97,30.139,2577466.0
1759492800000,30.139,31.259,30.016,31.233,4804867.0
1759507200000,31.232,31.558,30.36,31.169,7191016.0
1759521600000,31.17,31.485,31.114,31.317,1931871.0
1759536000000,31.316,31.439,31.033,31.223,1804354.0
1759550400000,31.222,31.384,30.765,30.788,1707327.0
1759564800000,30.787,30.795,30.232,30.305,2431408.0
1759579200000,30.305,30.536,29.838,29.919,3654833.0
1759593600000,29.919,30.08,29.854,30.013,1623817.0
1759608000000,30.012,30.279,29.996,30.093,1064278.0
1759622400000,30.092,30.684,29.8,30.459,2837998.0
1759636800000,30.459,31.08,30.356,31.067,3269297.0
1759651200000,31.067,31.201,30.05,30.313,3851673.0
1759665600000,30.314,30.328,29.934,30.224,2230418.0
1759680000000,30.225,30.292,29.657,29.687,2354438.0
1759694400000,29.687,30.134,29.612,30.051,1649766.0
1759708800000,30.051,30.431,29.919,30.232,3064468.0
1759723200000,30.232,30.464,30.116,30.292,2363442.0
1759737600000,30.293,30.797,30.293,30.495,2225514.0
1759752000000,30.496,30.977,30.419,30.833,4380723.0
1759766400000,30.833,31.027,30.633,30.837,2871429.0
1759780800000,30.837,30.957,30.512,30.609,1941544.0
1759795200000,30.608,30.724,30.3,30.338,1711078.0
1759809600000,30.337,30.58,30.023,30.089,2482153.0
1759824000000,30.089,30.089,29.5,30.0,3844081.0
1759838400000,30.0,30.001,28.42,28.517,8471273.0
1759852800000,28.517,28.741,28.064,28.093,4528142.0
1759867200000,28.093,28.414,27.8,27.911,2930732.0
1759881600000,27.911,28.34,27.855,27.958,3123631.0
1759896000000,27.958,28.288,27.82,28.278,2040603.0
1759910400000,28.279,28.47,28.149,28.285,2122696.0
1759924800000,28.285,28.746,28.184,28.276,3030243.0
1759939200000,28.276,29.63,28.232,29.182,5679623.0
1759953600000,29.182,29.245,28.758,28.804,1675582.0
1759968000000,28.804,28.898,28.1,28.394,2374341.0
1759982400000,28.393,28.551,28.273,28.352,1181950.0
1759996800000,28.352,28.442,27.956,28.3,2306752.0
1760011200000,28.299,28.709,27.82,27.945,3631597.0
1760025600000,27.945,28.18,27.537,28.071,2664942.0
1760040000000,28.072,28.453,27.963,28.374,1485401.0
1760054400000,28.375,28.569,28.26,28.358,1725566.0
1760068800000,28.357,28.613,28.178,28.214,1438704.0
1760083200000,28.215,28.41,28.024,28.249,1664936.0
1760097600000,28.248,28.476,26.599,26.979,7700211.0
1760112000000,26.979,27.099,26.048,26.417,5968285.0
1760126400000,26.417,26.675,8.433,20.608,35428818.0
1760140800000,20.613,22.844,20.33,21.924,8823519.0
1760155200000,21.924,22.638,21.721,22.189,4642761.0
1760169600000,22.19,23.357,22.093,22.657,4557516.0
1760184000000,22.656,22.949,21.946,22.795,5222762.0
1760198400000,22.794,23.134,21.755,21.878,3976773.0
1760212800000,21.878,21.95,20.923,21.438,5292110.0
1760227200000,21.437,21.468,20.646,21.008,4410729.0
1760241600000,21.008,21.55,20.985,21.356,2187209.0
1760256000000,21.356,21.443,20.904,21.077,2765903.0
1760270400000,21.076,22.53,20.746,22.338,10581781.0
1760284800000,22.338,23.094,22.268,22.99,8493231.0
1760299200000,22.99,23.309,22.249,22.477,4802246.0
1760313600000,22.477,22.562,21.845,22.204,4513636.0
1760328000000,22.204,22.866,22.097,22.682,3938594.0
1760342400000,22.682,23.044,21.676,22.176,6168195.0
1760356800000,22.177,22.934,22.005,22.792,9324495.0
1760371200000,22.793,24.043,22.62,23.83,7109871.0
1760385600000,23.832,24.022,23.689,23.798,2877205.0
1760400000000,23.799,23.883,23.171,23.326,3412440.0
1760414400000,23.325,23.355,21.961,22.129,6738550.0
1760428800000,22.129,22.734,21.933,22.396,5259194.0
1760443200000,22.396,22.819,21.792,22.78,5912188.0
1760457600000,22.778,23.123,22.325,22.562,6252920.0
1760472000000,22.563,22.837,22.467,22.723,2010613.0
1760486400000,22.724,22.891,22.349,22.46,3122142.0
1760500800000,22.461,22.98,22.38,22.953,2555761.0
1760515200000,22.952,23.269,22.39,22.544,3388795.0
1760529600000,22.544,22.569,21.742,21.912,5547327.0
1760544000000,21.911,22.146,21.579,21.979,3558228.0
1760558400000,21.978,22.075,21.537,21.886,2812672.0
1760572800000,21.885,22.125,21.772,21.911,1814350.0
1760587200000,21.912,22.083,21.684,21.853,1963169.0
1760601600000,21.852,22.306,20.9,22.248,5255630.0
1760616000000,22.248,22.381,21.026,21.129,5269628.0
1760630400000,21.13,21.506,20.554,20.768,6134648.0
1760644800000,20.767,21.012,20.565,20.959,2906390.0
1760659200000,20.96,21.253,20.837,20.962,1880060.0
1760673600000,20.963,20.975,19.34,19.387,7190421.0
1760688000000,19.388,20.024,19.01,19.809,8025149.0
1760702400000,19.81,19.98,19.395,19.926,5041275.0
1760716800000,19.926,20.237,19.788,19.921,4396196.0
1760731200000,19.921,20.295,19.878,19.944,2277365.0
1760745600000,19.944,20.197,19.882,20.028,1558131.0
1760760000000,20.028,20.409,19.85,20.156,2308135.0
1760774400000,20.156,20.339,20.089,20.202,1637023.0
1760788800000,20.202,20.3,19.849,20.014,2100987.0
1760803200000,20.015,20.182,19.816,20.153,1502821.0
1760817600000,20.153,20.274,20.081,20.205,953312.0
1760832000000,20.205,20.283,19.986,20.264,1188991.0
1760846400000,20.263,20.28,19.857,19.944,1371014.0
1760860800000,19.944,20.601,19.737,20.385,4755982.0
1760875200000,20.385,20.824,20.294,20.726,2657626.0
1760889600000,20.727,20.832,20.541,20.711,1965013.0
1760904000000,20.711,20.809,20.556,20.582,1291814.0
1760918400000,20.582,21.065,20.151,21.002,2888284.0
1760932800000,21.002,21.2,20.84,20.902,2787586.0
1760947200000,20.903,20.941,20.601,20.762,2257852.0
1760961600000,20.762,20.856,20.531,20.597,2996393.0
1760976000000,20.598,20.598,20.204,20.513,3376225.0
1760990400000,20.513,20.619,20.323,20.332,1299828.0
1761004800000,20.332,20.36,19.803,19.844,2183609.0
1761019200000,19.843,19.845,19.457,19.758,3012186.0
1761033600000,19.759,20.016,19.587,19.969,2070087.0
1761048000000,19.969,20.843,19.804,20.766,6485003.0
1761062400000,20.765,20.84,20.226,20.397,4637676.0
1761076800000,20.397,20.422,19.468,19.53,4165703.0
1761091200000,19.53,19.646,19.336,19.44,2844009.0
1761105600000,19.44,19.64,19.279,19.556,2132090.0
1761120000000,19.556,19.672,19.047,19.575,3234477.0
1761134400000,19.575,19.714,19.236,19.535,4426814.0
1761148800000,19.536,19.584,18.817,19.059,3832494.0
1761163200000,19.06,19.115,18.387,19.007,4917999.0
1761177600000,19.008,19.2,18.958,19.102,1583484.0
1761192000000,19.103,19.567,19.081,19.536,1780255.0
1761206400000,19.537,19.604,19.389,19.41,1649818.0
1761220800000,19.41,19.614,19.25,19.544,2973403.0
1761235200000,19.544,19.74,19.36,19.373,2512875.0
1761249600000,19.373,19.378,18.98,19.12,2192744.0
1761264000000,19.12,19.275,19.01,19.21,1963916.0
1761278400000,19.209,19.65,19.167,19.487,2277465.0
1761292800000,19.487,19.667,19.352,19.487,1734056.0
1761307200000,19.488,19.971,19.213,19.257,4495174.0
1761321600000,19.257,19.565,19.116,19.512,2016726.0
1761336000000,19.512,19.636,19.468,19.492,1287813.0
1761350400000,19.493,19.513,19.32,19.328,1017720.0
1761364800000,19.328,19.453,19.283,19.345,1174332.0
1761379200000,19.346,19.44,19.229,19.324,1139072.0
1761393600000,19.324,19.554,19.311,19.519,1526702.0
1761408000000,19.519,19.825,19.452,19.736,1684474.0
1761422400000,19.737,19.766,19.643,19.711,1048983.0
1761436800000,19.711,19.801,19.333,19.378,1637269.0
1761451200000,19.378,19.715,19.354,19.696,1168191.0
1761465600000,19.696,20.386,19.696,20.356,4325860.0
1761480000000,20.356,20.656,20.253,20.4,3352119.0
1761494400000,20.4,20.413,20.193,20.303,1211173.0
1761508800000,20.303,20.944,20.096,20.812,3391822.0
1761523200000,20.812,21.028,20.721,20.797,2342148.0
1761537600000,20.797,21.083,20.662,20.803,2448392.0
1761552000000,20.803,20.897,20.408,20.554,2628826.0
1761566400000,20.554,20.573,20.233,20.446,2962904.0
1761580800000,20.447,20.784,20.445,20.593,2345158.0
1761595200000,20.593,20.629,20.154,20.316,2520627.0
1761609600000,20.317,20.466,20.114,20.212,2189222.0
1761624000000,20.212,20.487,19.97,20.292,2871644.0
1761638400000,20.293,20.515,20.152,20.179,1921232.0
1761652800000,20.179,20.476,19.75,19.987,5415605.0
1761667200000,19.987,20.171,19.55,19.627,3509314.0
1761681600000,19.624,19.625,19.112,19.461,4782837.0
1761696000000,19.46,19.539,19.358,19.446,1289570.0
1761710400000,19.446,19.625,19.435,19.591,981435.0
1761724800000,19.592,19.754,19.424,19.72,1555898.0
1761739200000,19.721,19.849,19.336,19.425,2855650.0
1761753600000,19.426,20.19,19.3,19.942,8378291.0
1761768000000,19.943,20.154,19.545,19.652,2803124.0
1761782400000,19.653,19.959,19.5,19.825,1935560.0
1761796800000,19.824,19.879,19.042,19.827,4385030.0
1761811200000,19.828,19.887,19.186,19.223,2489592.0
1761825600000,19.223,19.239,18.131,18.215,6794450.0
1761840000000,18.215,18.317,17.516,17.579,5346286.0
1761854400000,17.578,18.134,17.528,18.103,3169536.0
1761868800000,18.104,18.393,18.042,18.255,2098702.0
1761883200000,18.255,18.466,18.213,18.244,2034072.0
1761897600000,18.244,18.519,18.191,18.489,1748985.0
1761912000000,18.488,18.568,18.246,18.266,3403078.0
1761926400000,18.266,18.37,17.776,18.264,4210253.0
1761940800000,18.263,18.27,18.038,18.184,1245877.0
1761955200000,18.184,18.44,18.075,18.407,1250072.0
1761969600000,18.406,18.516,18.28,18.497,1241997.0
1761984000000,18.496,18.702,18.444,18.66,1621422.0
1761998400000,18.659,18.733,18.405,18.625,1838092.0
1762012800000,18.625,18.73,18.55,18.636,1410431.0
1762027200000,18.636,18.727,18.49,18.711,912657.0
1762041600000,18.712,18.8,18.613,18.676,1055483.0
1762056000000,18.676,19.0,18.652,18.949,1532998.0
1762070400000,18.95,18.979,18.575,18.82,1688303.0
1762084800000,18.82,18.837,18.181,18.264,2409303.0
1762099200000,18.263,18.307,18.079,18.147,1845137.0
1762113600000,18.147,18.902,18.085,18.801,1985413.0
1762128000000,18.802,18.907,17.489,17.527,5005136.0
1762142400000,17.527,17.754,17.148,17.465,4596997.0
1762156800000,17.465,17.626,17.173,17.467,3166564.0
1762171200000,17.467,17.676,15.866,16.353,10684568.0
1762185600000,16.354,17.085,16.263,16.769,7130146.0
1762200000000,16.77,16.804,16.402,16.645,3603563.0
1762214400000,16.645,16.992,16.457,16.899,2867778.0
1762228800000,16.9,17.0,15.957,16.149,6821242.0
1762243200000,16.148,16.796,16.073,16.709,3719062.0
1762257600000,16.71,16.845,16.309,16.415,5223228.0
1762272000000,16.415,16.479,15.305,15.586,11014799.0
1762286400000,15.586,16.189,14.974,15.98,12842749.0
1762300800000,15.98,16.475,15.279,16.432,6392008.0
1762315200000,16.432,16.62,16.314,16.536,2895518.0
1762329600000,16.537,16.581,16.219,16.551,3504472.0
1762344000000,16.552,16.805,16.46,16.748,3856555.0
1762358400000,16.748,16.988,16.566,16.766,3016896.0
1762372800000,16.766,16.841,16.551,16.6,2693731.0
1762387200000,16.6,16.693,16.362,16.631,2379213.0
1762401600000,16.632,16.721,16.211,16.273,2147116.0
1762416000000,16.272,16.423,16.193,16.283,1912334.0
1762430400000,16.282,16.41,15.769,15.84,5129633.0
1762444800000,15.841,16.174,15.588,16.11,4961817.0
1762459200000,16.111,16.213,15.917,16.118,2790529.0
1762473600000,16.119,16.51,16.043,16.445,3348471.0
1762488000000,16.446,16.929,16.324,16.91,2278151.0
1762502400000,16.91,17.023,16.249,16.452,3994387.0
1762516800000,16.453,16.881,16.077,16.802,7520215.0
1762531200000,16.803,17.964,16.738,17.814,7948984.0
1762545600000,17.815,18.038,17.661,17.74,4468867.0
1762560000000,17.739,18.403,17.67,17.834,4070746.0
1762574400000,17.835,18.072,17.558,17.854,2654275.0
1762588800000,17.853,17.987,17.649,17.78,2560274.0
1762603200000,17.779,17.78,17.084,17.131,4862073.0
1762617600000,17.131,17.368,17.008,17.275,3847018.0
1762632000000,17.276,17.488,17.233,17.488,1117893.0
1762646400000,17.488,17.519,16.79,16.88,2961779.0
1762660800000,16.88,17.129,16.872,17.124,1661032.0
1762675200000,17.124,17.346,16.881,17.266,2325228.0
1762689600000,17.266,17.874,17.229,17.683,4402366.0
1762704000000,17.683,17.882,17.449,17.881,2345735.0
1762718400000,17.882,17.907,17.59,17.764,1736447.0
1762732800000,17.764,18.119,17.635,17.98,3135700.0
1762747200000,17.981,18.114,17.868,17.992,1836764.0
1762761600000,17.993,18.299,17.757,18.083,3140661.0
1762776000000,18.083,18.328,17.773,17.929,4462778.0
1762790400000,17.929,18.13,17.688,17.997,3256626.0
1762804800000,17.997,18.351,17.805,18.169,2453074.0
1762819200000,18.17,18.599,17.964,18.342,3737938.0
1762833600000,18.341,18.368,17.522,17.547,3433685.0
1762848000000,17.546,17.864,17.482,17.783,2296847.0
1762862400000,17.783,17.88,17.554,17.615,3360481.0
1762876800000,17.615,17.717,17.226,17.259,2935363.0
1762891200000,17.259,17.279,16.961,16.996,3012162.0
1762905600000,16.997,17.157,16.9,17.111,1773579.0
1762920000000,17.111,17.45,17.045,17.129,1405047.0
1762934400000,17.13,17.638,17.13,17.548,2136470.0
1762948800000,17.549,17.76,16.968,17.02,4148353.0
1762963200000,17.021,17.077,16.619,16.774,4705619.0
1762977600000,16.774,16.973,16.727,16.805,1804029.0
1762992000000,16.804,17.64,16.783,17.434,3647578.0
1763006400000,17.434,17.685,17.275,17.392,3252799.0
1763020800000,17.392,17.526,17.187,17.259,2026482.0
1763035200000,17.26,17.424,16.873,16.955,4841070.0
1763049600000,16.954,17.023,15.896,15.966,7536072.0
1763064000000,15.966,16.317,15.744,16.087,4619000.0
1763078400000,16.087,16.17,15.873,15.917,3185947.0
1763092800000,15.918,16.079,15.305,15.918,5841756.0
1763107200000,15.918,15.93,15.308,15.382,3276581.0
1763121600000,15.383,15.648,15.07,15.501,8368364.0
1763136000000,15.501,15.707,15.308,15.647,5511507.0
1763150400000,15.648,15.655,14.822,15.111,4801696.0
1763164800000,15.111,15.606,15.089,15.582,2413589.0
1763179200000,15.582,15.721,15.512,15.62,1539187.0
1763193600000,15.621,15.631,15.316,15.446,2197062.0
1763208000000,15.446,15.691,15.409,15.608,1723356.0
1763222400000,15.607,15.78,15.484,15.679,2149700.0
1763236800000,15.68,15.709,15.434,15.52,1491693.0
1763251200000,15.52,15.704,15.255,15.682,2194701.0
1763265600000,15.681,15.77,15.578,15.733,1217213.0
1763280000000,15.733,15.87,15.407,15.441,2285848.0
1763294400000,15.441,15.558,15.052,15.075,3586022.0
1763308800000,15.075,15.188,14.605,14.926,6755702.0
1763323200000,14.927,15.252,14.714,15.132,5236138.0
1763337600000,15.133,15.678,14.972,15.537,4159440.0
1763352000000,15.538,15.764,15.504,15.63,2441622.0
1763366400000,15.631,15.72,15.58,15.609,1595142.0
1763380800000,15.61,15.965,15.098,15.239,8225413.0
1763395200000,15.238,15.366,14.325,14.366,9861236.0
1763409600000,14.366,14.7,14.253,14.512,5271674.0
1763424000000,14.512,14.557,14.027,14.486,7822801.0
1763438400000,14.487,14.682,14.322,14.525,4445661.0
1763452800000,14.526,14.729,14.526,14.582,2919927.0
1763467200000,14.582,14.81,14.356,14.726,6068878.0
1763481600000,14.727,14.915,14.675,14.728,3644109.0
1763496000000,14.728,14.788,14.492,14.58,2187510.0
1763510400000,14.581,14.688,14.381,14.426,3170934.0
1763524800000,14.427,14.457,13.928,14.346,4765460.0
1763539200000,14.346,14.601,14.241,14.434,3196111.0
1763553600000,14.435,14.573,14.023,14.051,5006818.0
1763568000000,14.05,14.149,13.688,13.774,4781782.0
1763582400000,13.775,14.337,13.733,14.282,4465955.0
1763596800000,14.282,14.4,14.218,14.337,2557872.0
1763611200000,14.337,14.437,14.224,14.359,2495629.0
1763625600000,14.359,14.408,14.218,14.4,1966263.0
1763640000000,14.4,14.528,14.194,14.218,5189278.0
1763654400000,14.22,14.235,13.484,13.752,9261622.0
1763668800000,13.752,13.985,13.625,13.8,3972111.0
1763683200000,13.8,13.984,13.672,13.764,4222165.0
1763697600000,13.763,13.775,12.25,13.162,7582752.0
1763712000000,13.163,13.412,12.853,12.912,6541075.0
1763726400000,12.912,13.306,12.626,12.99,10034953.0
1763740800000,12.99,13.454,12.82,13.285,7503826.0
1763755200000,13.285,13.362,13.171,13.278,5343206.0
1763769600000,13.278,13.321,13.238,13.271,2562596.0
1763784000000,13.271,13.324,13.207,13.28,3020778.0
1763798400000,13.28,13.336,13.146,13.26,3221616.0
1763812800000,13.26,13.269,13.011,13.178,3501347.0
1763827200000,13.178,13.271,13.156,13.223,1585734.0
1763841600000,13.222,13.396,13.183,13.23,2047899.0
1763856000000,13.231,13.382,13.201,13.336,2015225.0
1763870400000,13.337,13.433,13.224,13.283,1688371.0
1763884800000,13.284,13.371,13.217,13.28,1561864.0
1763899200000,13.28,13.424,13.261,13.407,2656725.0
1763913600000,13.406,13.431,13.261,13.368,2152685.0
1763928000000,13.369,13.465,13.261,13.267,1895581.0
1763942400000,13.266,13.494,13.146,13.449,3695368.0
1763956800000,13.448,13.587,13.282,13.437,3392514.0
1763971200000,13.437,13.457,13.261,13.386,2507645.0
1763985600000,13.386,13.578,13.248,13.502,4411745.0
1764000000000,13.502,13.998,13.501,13.912,4497430.0
1764014400000,13.911,14.037,13.875,13.889,2543056.0
1764028800000,13.888,13.942,13.834,13.895,2283436.0
1764043200000,13.894,13.938,13.815,13.876,1878680.0
1764057600000,13.875,13.932,13.766,13.893,2171302.0
1764072000000,13.893,13.936,13.691,13.906,3772294.0
1764086400000,13.906,13.989,13.88,13.986,3272419.0
1764100800000,13.986,14.373,13.963,14.172,4018436.0
1764115200000,14.172,14.325,14.007,14.023,1900811.0
1764129600000,14.024,14.085,13.985,14.082,1347704.0
1764144000000,14.081,14.082,13.961,13.993,2269437.0
1764158400000,13.994,14.007,13.895,13.956,2986934.0
1764172800000,13.956,14.603,13.945,14.543,4987451.0
1764187200000,14.543,14.945,14.505,14.945,3083596.0
1764201600000,14.944,15.008,14.879,14.908,4188378.0
1764216000000,14.908,14.962,14.857,14.939,2133173.0
1764230400000,14.939,14.964,14.851,14.923,1763334.0
1764244800000,14.924,14.969,14.891,14.954,1975828.0
1764259200000,14.955,15.154,14.932,15.018,2755211.0
1764273600000,15.019,15.068,14.968,15.011,1241148.0
1764288000000,15.01,15.053,14.988,15.04,1540571.0
1764302400000,15.04,15.094,14.991,15.001,1435737.0
1764316800000,15.002,15.119,14.756,15.011,3247226.0
1764331200000,15.01,15.257,14.979,15.088,3120028.0
1764345600000,15.089,15.096,14.788,14.866,3753279.0
1764360000000,14.866,14.883,14.775,14.837,1390801.0
1764374400000,14.837,14.875,14.807,14.841,1002322.0
1764388800000,14.842,14.901,14.654,14.669,1594156.0
1764403200000,14.669,14.884,14.626,14.867,1465262.0
1764417600000,14.867,14.876,14.732,14.847,1157747.0
1764432000000,14.848,14.855,14.353,14.442,2666437.0
1764446400000,14.442,14.442,14.166,14.239,2486829.0
1764460800000,14.239,14.322,14.125,14.205,1477750.0
1764475200000,14.205,14.213,13.969,14.128,1885043.0
1764489600000,14.128,14.215,14.03,14.059,1660504.0
1764504000000,14.06,14.294,14.041,14.159,1873649.0
1764518400000,14.16,14.278,13.812,13.986,3454549.0
1764532800000,13.987,14.022,13.642,13.705,2725431.0
1764547200000,13.706,13.725,12.932,12.95,6622087.0
1764561600000,12.95,13.086,12.867,13.065,2356049.0
1764576000000,13.065,13.098,12.933,12.936,1813383.0
1764590400000,12.936,12.972,12.605,12.693,5785033.0
1764604800000,12.694,12.773,12.544,12.607,3359561.0
1764619200000,12.607,12.852,12.583,12.745,2640741.0
1764633600000,12.745,13.015,12.698,12.942,2618391.0
1764648000000,12.941,13.031,12.856,13.013,1708891.0
1764662400000,13.013,13.117,12.866,12.904,5084573.0
1764676800000,12.904,13.724,12.831,13.671,6316191.0
1764691200000,13.671,13.739,13.536,13.643,3550058.0
1764705600000,13.643,13.757,13.559,13.622,2043334.0
1764720000000,13.622,13.839,13.569,13.807,2470568.0
1764734400000,13.806,14.347,13.79,14.123,4169362.0
1764748800000,14.123,14.177,13.995,14.059,2080750.0
1764763200000,14.058,14.289,13.871,14.163,4950950.0
1764777600000,14.163,14.494,14.062,14.485,3065320.0
1764792000000,14.486,15.076,14.402,14.776,5457868.0
1764806400000,14.775,14.877,14.669,14.716,2584513.0
1764820800000,14.716,14.752,14.673,14.712,1526434.0
1764835200000,14.711,14.777,14.69,14.737,1666633.0
1764849600000,14.736,14.854,14.625,14.739,3456881.0
1764864000000,14.74,14.766,14.192,14.418,4273464.0
1764878400000,14.417,14.496,14.345,14.391,1612804.0
1764892800000,14.392,14.518,14.376,14.439,1344751.0
1764907200000,14.44,14.471,14.316,14.361,1463929.0
1764921600000,14.362,14.363,13.753,13.794,3649106.0
1764936000000,13.794,13.866,13.563,13.67,5151710.0
1764950400000,13.669,13.669,13.174,13.402,5797733.0
1764964800000,13.402,13.418,13.102,13.201,2142346.0
1764979200000,13.202,13.38,13.139,13.312,1783633.0
1764993600000,13.313,13.319,13.196,13.227,1014845.0
1765008000000,13.228,13.308,13.154,13.215,1208660.0
1765022400000,13.215,13.342,13.159,13.309,1779662.0
1765036800000,13.308,13.474,13.266,13.3,2341170.0
1765051200000,13.301,13.456,13.285,13.394,1794785.0
1765065600000,13.393,13.542,13.39,13.491,1118336.0
1765080000000,13.492,13.509,13.358,13.391,980078.0
1765094400000,13.392,13.423,13.302,13.337,1076679.0
1765108800000,13.338,13.436,12.9,13.409,4270942.0
1765123200000,13.41,13.848,13.294,13.752,5014689.0
1765137600000,13.753,13.812,13.258,13.473,3807255.0
1765152000000,13.473,13.655,13.362,13.533,2218568.0
1765166400000,13.532,13.728,13.527,13.683,1541412.0
1765180800000,13.683,13.945,13.651,13.74,2049444.0
1765195200000,13.739,13.816,13.505,13.572,3556061.0
1765209600000,13.572,13.711,13.47,13.544,3203255.0
1765224000000,13.544,13.745,13.539,13.637,1959743.0
1765238400000,13.637,13.729,13.514,13.725,1601200.0
1765252800000,13.725,13.767,13.53,13.724,1816793.0
1765267200000,13.724,13.765,13.49,13.583,1789841.0
1765281600000,13.583,14.178,13.541,14.133,4543440.0
1765296000000,14.133,14.731,14.133,14.621,6584575.0
1765310400000,14.621,14.663,14.473,14.599,3182983.0
1765324800000,14.6,14.641,14.556,14.611,1467417.0
1765339200000,14.612,14.623,14.548,14.606,1160911.0
1765353600000,14.605,14.663,14.16,14.25,3248442.0
1765368000000,14.251,14.317,14.136,14.238,2354016.0
1765382400000,14.237,14.661,14.196,14.55,4828005.0
1765396800000,14.551,14.821,14.045,14.107,5475314.0
1765411200000,14.106,14.106,13.257,13.297,5197962.0
1765425600000,13.297,13.476,13.226,13.378,2299481.0
1765440000000,13.379,13.41,13.233,13.311,1988709.0
1765454400000,13.312,13.352,12.913,12.99,4655365.0
1765468800000,12.99,13.375,12.87,13.244,4387017.0
1765483200000,13.244,13.608,13.227,13.407,3817551.0
1765497600000,13.408,13.742,13.317,13.601,2321384.0
1765512000000,13.6,13.785,13.546,13.647,1768909.0
1765526400000,13.647,13.674,13.483,13.552,1624929.0
1765540800000,13.551,13.647,12.793,12.885,4563236.0
1765555200000,12.886,13.196,12.791,13.065,4988637.0
1765569600000,13.064,13.17,13.018,13.103,1360464.0
1765584000000,13.102,13.242,13.077,13.211,1130662.0
1765598400000,13.21,13.454,13.191,13.325,1730782.0
1765612800000,13.325,13.46,13.325,13.377,1321471.0
1765627200000,13.376,13.397,13.214,13.359,1719662.0
1765641600000,13.358,13.412,13.313,13.381,1082823.0
1765656000000,13.381,13.393,13.231,13.363,1148296.0
1765670400000,13.363,13.387,13.283,13.295,742229.0
1765684800000,13.295,13.311,13.176,13.235,854669.0
1765699200000,13.235,13.278,12.952,13.052,1576965.0
1765713600000,13.053,13.13,12.967,13.015,2308073.0
1765728000000,13.014,13.106,12.898,12.966,2180646.0
1765742400000,12.965,13.013,12.7,12.869,2371337.0
1765756800000,12.868,13.272,12.846,13.077,2256354.0
1765771200000,13.078,13.323,13.077,13.189,1882414.0
1765785600000,13.19,13.354,13.166,13.214,1695805.0
1765800000000,13.214,13.217,12.409,12.485,6472269.0
1765814400000,12.485,12.521,12.18,12.383,5212283.0
1765828800000,12.383,12.383,12.24,12.34,2227933.0
1765843200000,12.339,12.353,12.161,12.258,2262514.0
1765857600000,12.258,12.332,12.045,12.185,2331406.0
1765872000000,12.185,12.395,12.134,12.349,2096073.0
1765886400000,12.349,12.397,11.903,12.349,6531498.0
1765900800000,12.349,12.369,12.131,12.277,2433480.0
1765915200000,12.276,12.376,12.262,12.338,1476871.0
1765929600000,12.338,12.386,12.274,12.298,1207800.0
1765944000000,12.297,12.318,12.064,12.215,1846470.0
1765958400000,12.215,12.215,12.04,12.169,1294168.0
1765972800000,12.169,12.652,12.065,12.148,6905181.0
1765987200000,12.147,12.23,11.691,11.875,6217268.0
1766001600000,11.875,11.978,11.775,11.857,1785835.0
1766016000000,11.858,11.883,11.68,11.732,1623032.0
1766030400000,11.732,11.791,11.643,11.753,1524879.0
1766044800000,11.754,11.799,11.668,11.721,1543198.0
1766059200000,11.722,12.313,11.68,12.183,6393444.0
1766073600000,12.182,12.192,11.263,11.294,7553363.0
1766088000000,11.293,11.57,11.288,11.435,2683249.0
1766102400000,11.434,11.813,11.261,11.735,3208190.0
1766116800000,11.734,12.082,11.599,11.928,4057748.0
1766131200000,11.927,12.031,11.871,11.981,2034191.0
1766145600000,11.982,12.409,11.933,12.182,5143994.0
1766160000000,12.182,12.459,12.059,12.327,4627439.0
1766174400000,12.327,12.383,12.239,12.251,1930066.0
1766188800000,12.251,12.287,12.188,12.248,1141457.0
1766203200000,12.248,12.338,12.192,12.326,1081432.0
1766217600000,12.326,12.372,12.24,12.307,1071999.0
1766232000000,12.307,12.309,12.162,12.267,1520388.0
1766246400000,12.267,12.305,12.222,12.255,946271.0
1766260800000,12.255,12.276,12.117,12.201,1650159.0
1766275200000,12.202,12.243,12.077,12.178,1424514.0
1766289600000,12.179,12.192,12.105,12.116,752616.0
1766304000000,12.117,12.329,12.09,12.235,2236920.0
1766318400000,12.236,12.281,11.944,12.086,3455850.0
1766332800000,12.086,12.168,11.996,12.118,2005370.0
1766347200000,12.117,12.254,11.975,12.14,1620955.0
1766361600000,12.141,12.411,11.993,12.189,3550314.0
1766376000000,12.189,12.259,12.121,12.184,1348266.0
1766390400000,12.184,12.369,12.153,12.349,2234489.0
1766404800000,12.348,12.442,12.266,12.366,3842155.0
1766419200000,12.366,12.399,12.109,12.133,2807350.0
1766433600000,12.133,12.433,12.067,12.411,3902460.0
1766448000000,12.412,12.543,12.324,12.398,3089877.0
1766462400000,12.397,12.423,12.11,12.186,2504044.0
1766476800000,12.187,12.321,12.15,12.287,1494574.0
1766491200000,12.288,12.288,11.8,11.941,5135632.0
1766505600000,11.94,12.184,11.904,12.112,3093050.0
1766520000000,12.112,12.382,12.072,12.174,2927094.0
1766534400000,12.175,12.223,11.951,12.059,2002285.0
1766548800000,12.058,12.133,11.925,11.972,1553439.0
1766563200000,11.973,12.127,11.952,12.097,1607077.0
1766577600000,12.096,12.135,11.876,12.005,2875627.0
1766592000000,12.005,12.083,11.894,12.024,2215789.0
1766606400000,12.024,12.145,12.015,12.1,1256271.0
1766620800000,12.1,12.221,12.045,12.154,1308396.0
1766635200000,12.155,12.259,12.142,12.243,1165431.0
1766649600000,12.243,12.351,12.106,12.146,1900236.0
1766664000000,12.146,12.396,12.14,12.348,1893393.0
1766678400000,12.349,12.55,12.338,12.469,2884513.0
1766692800000,12.47,12.495,12.032,12.071,2916275.0
1766707200000,12.071,12.613,12.016,12.528,4901266.0
1766721600000,12.528,12.574,12.386,12.408,1974550.0
1766736000000,12.408,12.498,12.395,12.455,1293876.0
1766750400000,12.455,12.495,12.129,12.226,3693979.0
1766764800000,12.227,12.379,12.154,12.372,2160047.0
1766779200000,12.373,12.395,12.314,12.336,1100758.0
1766793600000,12.337,12.416,12.328,12.416,999897.0
1766808000000,12.416,12.467,12.381,12.451,853935.0
1766822400000,12.451,12.491,12.387,12.465,1225292.0
1766836800000,12.465,12.575,12.432,12.556,1388321.0
1766851200000,12.556,12.602,12.505,12.53,1369389.0
1766865600000,12.529,12.8,12.524,12.691,1813368.0
1766880000000,12.691,12.9,12.691,12.78,2142501.0
1766894400000,12.781,12.847,12.762,12.792,1008171.0
1766908800000,12.793,12.852,12.67,12.693,1132903.0
1766923200000,12.693,12.767,12.573,12.728,2083373.0
1766937600000,12.728,12.749,12.565,12.578,1457554.0
1766952000000,12.577,12.653,12.516,12.635,1285008.0
1766966400000,12.636,13.118,12.617,13.086,3632883.0
1766980800000,13.085,13.198,12.911,13.01,2864798.0
1766995200000,13.009,13.043,12.652,12.714,3267188.0
1767009600000,12.714,12.734,12.443,12.69,4590730.0
1767024000000,12.689,12.709,12.48,12.492,2041630.0
1767038400000,12.492,12.522,12.334,12.364,2337348.0
1767052800000,12.364,12.419,12.317,12.396,1433976.0
1767067200000,12.396,12.452,12.356,12.421,1269388.0
1767081600000,12.421,12.551,12.42,12.503,1781153.0
1767096000000,12.503,12.598,12.434,12.584,2811983.0
1767110400000,12.584,12.64,12.454,12.497,2323565.0
1767124800000,12.497,12.579,12.453,12.575,1424005.0
1767139200000,12.575,12.716,12.501,12.592,2046490.0
1767153600000,12.593,12.631,12.512,12.54,733666.0
1767168000000,12.54,12.573,12.465,12.567,1427386.0
1767182400000,12.567,12.671,12.427,12.461,2336583.0
1767196800000,12.462,12.464,12.189,12.307,2840690.0
1767211200000,12.307,12.383,12.25,12.309,1570932.0
1767225600000,12.309,12.367,12.267,12.279,926969.0
1767240000000,12.278,12.288,12.219,12.268,863721.0
1767254400000,12.268,12.375,12.258,12.368,1002451.0
1767268800000,12.369,12.559,12.333,12.523,2101609.0
1767283200000,12.522,13.58,12.493,13.547,7593353.0
1767297600000,13.547,13.696,13.398,13.584,4923114.0
1767312000000,13.584,13.858,13.515,13.734,3753412.0
1767326400000,13.735,13.747,13.374,13.394,2180695.0
1767340800000,13.393,13.585,13.326,13.387,2913784.0
1767355200000,13.386,13.471,13.085,13.287,4774239.0
1767369600000,13.286,13.662,13.267,13.641,3998470.0
1767384000000,13.641,13.973,13.552,13.805,2912940.0
1767398400000,13.805,14.283,13.775,14.246,3673055.0
1767412800000,14.245,14.273,13.657,13.723,2743367.0
1767427200000,13.722,14.002,13.704,13.977,1887317.0
1767441600000,13.977,14.391,13.819,13.863,3779070.0
1767456000000,13.862,13.967,13.774,13.853,1658571.0
1767470400000,13.853,14.013,13.794,13.977,1383763.0
1767484800000,13.977,14.09,13.894,14.0,1926471.0
1767499200000,14.001,14.133,13.939,14.031,1665982.0
1767513600000,14.032,14.101,13.962,14.066,1832036.0
1767528000000,14.067,14.205,14.009,14.18,2128677.0
1767542400000,14.181,14.289,13.991,14.127,2085838.0
1767556800000,14.128,14.5,14.108,14.237,3140320.0
1767571200000,14.236,14.518,14.2,14.385,2815196.0
1767585600000,14.385,14.406,14.069,14.268,2491747.0
1767600000000,14.267,14.365,14.116,14.191,2128000.0
1767614400000,14.192,14.281,14.016,14.176,3766369.0
1767628800000,14.175,14.349,13.89,14.266,4640012.0
1767643200000,14.266,14.709,14.25,14.446,3439440.0
1767657600000,14.446,14.747,14.234,14.422,2640475.0
1767672000000,14.421,14.553,14.229,14.27,2075244.0
1767686400000,14.27,14.524,14.237,14.521,1515386.0
1767700800000,14.522,14.833,14.408,14.525,4540333.0
1767715200000,14.525,14.595,14.266,14.469,5154735.0
1767729600000,14.47,14.778,14.45,14.592,3151890.0
1767744000000,14.592,14.592,14.39,14.469,1732170.0
1767758400000,14.47,14.529,14.405,14.516,1498729.0
1767772800000,14.515,14.552,14.414,14.484,2066708.0
1767787200000,14.483,14.495,13.937,13.999,4436300.0
1767801600000,13.999,14.148,13.863,14.105,2778607.0
1767816000000,14.104,14.183,13.995,14.113,1339377.0
1767830400000,14.113,14.238,13.991,14.017,1590797.0
1767844800000,14.017,14.132,13.654,13.894,2621196.0
1767859200000,13.893,13.97,13.673,13.883,2500175.0
1767873600000,13.882,13.944,13.58,13.927,2868680.0
1767888000000,13.926,14.039,13.815,13.848,2017392.0
1767902400000,13.849,13.994,13.72,13.879,1488694.0
1767916800000,13.878,14.057,13.84,13.981,1356092.0
1767931200000,13.981,14.025,13.902,13.925,967884.0
1767945600000,13.925,13.941,13.592,13.763,1872821.0
1767960000000,13.763,14.166,13.598,13.97,3604029.0
1767974400000,13.97,14.22,13.677,13.735,3295015.0
1767988800000,13.734,13.853,13.711,13.782,1213119.0
1768003200000,13.783,13.798,13.646,13.689,856972.0
1768017600000,13.689,13.827,13.636,13.804,771699.0
1768032000000,13.805,13.86,13.742,13.855,846512.0
1768046400000,13.856,13.875,13.79,13.827,882701.0
1768060800000,13.826,13.938,13.799,13.857,870213.0
1768075200000,13.858,13.876,13.678,13.729,879680.0
1768089600000,13.728,13.742,13.674,13.72,714016.0
1768104000000,13.721,13.827,13.705,13.812,715185.0
1768118400000,13.813,13.837,13.754,13.807,758150.0
1768132800000,13.808,13.977,13.735,13.798,1427124.0
1768147200000,13.799,13.978,13.776,13.828,1676607.0
1768161600000,13.828,13.828,13.469,13.689,2290319.0
1768176000000,13.689,14.215,13.591,13.983,3729055.0
1768190400000,13.983,14.049,13.72,13.73,1801055.0
1768204800000,13.73,13.796,13.489,13.638,2269179.0
1768219200000,13.637,13.902,13.363,13.866,2992907.0
1768233600000,13.866,13.993,13.612,13.711,2490608.0
1768248000000,13.711,13.77,13.456,13.507,1512813.0
1768262400000,13.506,13.605,13.463,13.574,1266858.0
1768276800000,13.574,13.822,13.574,13.709,1509358.0
1768291200000,13.709,13.86,13.705,13.761,1241667.0
1768305600000,13.762,14.366,13.717,14.364,4700677.0
1768320000000,14.364,14.623,14.364,14.52,4536875.0
1768334400000,14.52,14.855,14.469,14.757,3499044.0
1768348800000,14.756,14.807,14.706,14.763,1628119.0
1768363200000,14.762,14.773,14.663,14.684,1509990.0
1768377600000,14.683,14.749,14.491,14.509,1614751.0
1768392000000,14.509,14.763,14.406,14.757,2980126.0
1768406400000,14.757,14.945,14.394,14.635,4086954.0
1768420800000,14.635,14.736,14.552,14.604,1346216.0
1768435200000,14.604,14.622,14.112,14.14,2030744.0
1768449600000,14.14,14.372,14.122,14.344,1396299.0
1768464000000,14.344,14.471,14.291,14.298,1648462.0
1768478400000,14.297,14.418,13.793,14.044,3098887.0
1768492800000,14.045,14.065,13.626,13.737,3267329.0
1768507200000,13.736,13.827,13.613,13.818,1276279.0
1768521600000,13.818,13.85,13.7,13.74,1240430.0
1768536000000,13.74,13.83,13.673,13.804,1014737.0
1768550400000,13.805,13.86,13.72,13.786,957297.0
1768564800000,13.787,13.808,13.321,13.397,2737367.0
1768579200000,13.398,13.448,13.173,13.398,3509711.0
1768593600000,13.399,13.665,13.29,13.575,1783004.0
1768608000000,13.575,13.629,13.533,13.559,719931.0
1768622400000,13.559,13.602,13.523,13.599,566822.0
1768636800000,13.599,13.711,13.592,13.639,1150485.0
1768651200000,13.638,13.966,13.632,13.891,1946310.0
1768665600000,13.89,13.901,13.746,13.821,1051344.0
1768680000000,13.821,13.858,13.702,13.735,957085.0
1768694400000,13.735,13.818,13.621,13.667,1269896.0
1768708800000,13.666,13.697,13.564,13.618,914056.0
1768723200000,13.619,13.647,13.564,13.575,713736.0
1768737600000,13.575,13.618,13.462,13.56,1401018.0
1768752000000,13.56,13.729,13.532,13.658,1380164.0
1768766400000,13.659,13.754,12.939,12.975,3273958.0
1768780800000,12.976,12.976,12.032,12.705,6467605.0
1768795200000,12.705,12.737,12.543,12.637,1422349.0
1768809600000,12.636,12.828,12.603,12.699,1659695.0
1768824000000,12.698,12.793,12.654,12.715,1301787.0
1768838400000,12.715,12.85,12.616,12.807,1808800.0
1768852800000,12.808,12.831,12.613,12.728,1250726.0
1768867200000,12.728,12.736,12.613,12.692,1178517.0
1768881600000,12.692,12.756,12.519,12.546,1918713.0
1768896000000,12.547,12.644,12.394,12.45,2832075.0
1768910400000,12.451,12.544,12.3,12.391,3015156.0
1768924800000,12.392,12.428,12.052,12.174,3154736.0
1768939200000,12.173,12.286,11.94,12.087,2064430.0
1768953600000,12.087,12.337,12.048,12.292,1432812.0
1768968000000,12.293,12.376,12.209,12.226,1357713.0
1768982400000,12.225,12.271,12.086,12.104,1201443.0
1768996800000,12.103,12.413,11.95,12.39,3700836.0
1769011200000,12.39,12.606,11.862,12.584,5359975.0
1769025600000,12.585,12.718,12.367,12.406,2651104.0
1769040000000,12.407,12.616,12.407,12.483,1129919.0
1769054400000,12.483,12.55,12.409,12.423,797841.0
1769068800000,12.424,12.492,12.338,12.338,1257304.0
1769083200000,12.338,12.395,12.029,12.157,2598528.0
1769097600000,12.157,12.257,12.069,12.159,1831531.0
1769112000000,12.159,12.197,12.075,12.188,1014108.0
1769126400000,12.188,12.294,12.161,12.251,975643.0
1769140800000,12.252,12.362,12.097,12.124,2262911.0
1769155200000,12.124,12.204,12.036,12.196,1534493.0
1769169600000,12.197,12.258,11.98,12.224,2383121.0
1769184000000,12.223,12.488,12.126,12.165,2826320.0
1769198400000,12.164,12.189,12.018,12.12,1291883.0
1769212800000,12.12,12.166,12.094,12.148,640189.0
1769227200000,12.149,12.176,12.1,12.113,528673.0
1769241600000,12.113,12.129,12.053,12.109,667131.0
1769256000000,12.109,12.136,12.014,12.023,864522.0
1769270400000,12.024,12.062,11.959,12.028,874502.0
1769284800000,12.029,12.115,12.027,12.039,744440.0
1769299200000,12.04,12.074,11.863,11.924,1361478.0
1769313600000,11.923,11.989,11.88,11.928,931582.0
1769328000000,11.927,12.063,11.826,11.95,1423349.0
1769342400000,11.95,11.967,11.805,11.843,1353380.0
1769356800000,11.843,11.844,11.223,11.305,6272023.0
1769371200000,11.304,11.519,11.245,11.49,2554589.0
1769385600000,11.491,11.745,11.46,11.527,1921380.0
1769400000000,11.527,11.714,11.524,11.681,1191051.0
1769414400000,11.681,11.78,11.599,11.654,1379337.0
1769428800000,11.654,11.913,11.623,11.748,2836365.0
1769443200000,11.748,11.809,11.611,11.692,2551124.0
1769457600000,11.693,11.79,11.619,11.713,1379580.0
1769472000000,11.714,11.846,11.681,11.778,1104336.0
1769486400000,11.779,11.836,11.709,11.752,853242.0
1769500800000,11.752,11.782,11.646,11.673,1143176.0
1769515200000,11.674,11.742,11.583,11.711,1792546.0
1769529600000,11.711,11.947,11.573,11.848,4007602.0
1769544000000,11.848,12.202,11.841,12.128,3330313.0
1769558400000,12.128,12.165,12.02,12.058,1624719.0
1769572800000,12.057,12.153,12.012,12.078,1154602.0
1769587200000,12.078,12.244,12.02,12.232,1645645.0
1769601600000,12.232,12.283,11.931,12.003,2311980.0
1769616000000,12.003,12.132,11.916,12.052,1880541.0
1769630400000,12.052,12.179,11.956,12.068,1596642.0
1769644800000,12.068,12.093,11.734,11.78,2138956.0
1769659200000,11.779,11.86,11.678,11.792,1477234.0
1769673600000,11.791,11.81,11.629,11.652,1316979.0
1769688000000,11.652,11.658,10.861,10.99,9290728.0
1769702400000,10.99,11.16,10.791,10.978,6656814.0
1769716800000,10.979,11.065,10.953,11.034,2010321.0
1769731200000,11.034,11.084,10.657,10.917,5110580.0
1769745600000,10.918,11.014,10.718,10.943,2384539.0
1769760000000,10.944,11.047,10.798,11.005,2209283.0
1769774400000,11.004,11.015,10.794,10.929,3682471.0
1769788800000,10.928,11.044,10.617,10.991,5671366.0
1769803200000,10.992,10.995,10.81,10.872,2943917.0
1769817600000,10.872,10.892,10.806,10.833,1224547.0
1769832000000,10.833,10.866,10.575,10.648,1934097.0
1769846400000,10.647,10.672,10.418,10.585,3182789.0
1769860800000,10.584,10.604,9.987,10.159,7340854.0
1769875200000,10.16,10.288,9.138,9.827,14703448.0
1769889600000,9.827,10.173,9.73,10.114,4216214.0
1769904000000,10.113,10.223,10.088,10.205,2463645.0
1769918400000,10.205,10.254,10.131,10.184,1927012.0
1769932800000,10.184,10.215,10.009,10.123,2248129.0
1769947200000,10.122,10.144,9.726,9.854,4166294.0
1769961600000,9.854,10.089,9.75,9.881,3671872.0
1769976000000,9.88,10.07,9.663,9.909,4796506.0
1769990400000,9.909,10.127,9.521,9.856,6028529.0
1770004800000,9.857,10.001,9.531,9.877,5261055.0
1770019200000,9.878,10.063,9.863,9.98,2559888.0
1770033600000,9.979,10.317,9.978,10.24,4339982.0
1770048000000,10.24,10.267,10.116,10.125,2225417.0
1770062400000,10.124,10.186,10.065,10.14,1446268.0
1770076800000,10.141,10.152,9.937,10.131,2205049.0
1770091200000,10.13,10.202,10.032,10.143,1614203.0
1770105600000,10.143,10.172,9.966,10.073,2199266.0
1770120000000,10.074,10.167,9.905,10.151,3918909.0
1770134400000,10.151,10.154,9.526,9.956,7493000.0
1770148800000,9.955,10.355,9.845,9.923,5187036.0
1770163200000,9.924,10.133,9.881,10.102,2200986.0
1770177600000,10.102,10.149,10.011,10.141,1663820.0
1770192000000,10.142,10.158,9.921,10.018,2053368.0
1770206400000,10.019,10.031,9.608,9.719,4448792.0
1770220800000,9.72,9.952,9.566,9.933,6590772.0
1770235200000,9.933,9.955,9.537,9.711,4190776.0
1770249600000,9.711,9.846,9.592,9.617,3402549.0
1770264000000,9.617,9.672,9.444,9.499,4790823.0
1770278400000,9.5,9.672,9.175,9.261,4522711.0
1770292800000,9.261,9.446,8.712,8.861,11973246.0
1770307200000,8.862,9.08,8.666,8.692,10126399.0
1770321600000,8.691,8.764,8.238,8.305,12405466.0
1770336000000,8.304,8.516,7.534,8.258,17027035.0
1770350400000,8.257,8.639,8.228,8.411,5275363.0
1770364800000,8.411,8.733,8.324,8.705,4447718.0
1770379200000,8.705,9.061,8.637,9.03,5503940.0
1770393600000,9.029,9.464,8.994,9.242,5588406.0
1770408000000,9.242,9.368,9.107,9.268,3013843.0
1770422400000,9.268,9.307,9.124,9.281,2536931.0
1770436800000,9.281,9.365,8.902,8.991,4228783.0
1770451200000,8.99,9.089,8.929,8.98,2050743.0
1770465600000,8.98,9.256,8.971,9.173,2769021.0
1770480000000,9.174,9.384,9.133,9.253,6467236.0
1770494400000,9.253,9.323,9.17,9.219,1176787.0
1770508800000,9.22,9.248,9.113,9.125,1111209.0
1770523200000,9.124,9.172,9.071,9.137,1050095.0
1770537600000,9.137,9.286,9.099,9.264,2251511.0
1770552000000,9.264,9.283,9.144,9.171,1977150.0
1770566400000,9.171,9.221,8.994,9.205,2202865.0
1770580800000,9.206,9.258,8.999,9.074,2438720.0
1770595200000,9.074,9.2,9.02,9.182,1881104.0
1770609600000,9.182,9.182,9.014,9.023,1229396.0
1770624000000,9.023,9.036,8.716,8.784,2836905.0
1770638400000,8.784,8.999,8.741,8.994,2684832.0
1770652800000,8.993,9.185,8.913,9.112,3837532.0
1770667200000,9.111,9.144,8.984,9.046,1810442.0
1770681600000,9.046,9.109,8.86,8.9,1807218.0
1770696000000,8.899,8.982,8.735,8.819,2412995.0
1770710400000,8.819,8.903,8.775,8.781,1568585.0
1770724800000,8.782,8.871,8.7,8.779,2890688.0
1770739200000,8.779,8.847,8.664,8.72,2512346.0
1770753600000,8.719,8.755,8.653,8.744,1656752.0
1770768000000,8.744,8.96,8.724,8.863,2318730.0
1770782400000,8.863,8.881,8.542,8.573,2933526.0
1770796800000,8.574,8.588,8.472,8.578,2092756.0
1770811200000,8.578,8.888,8.429,8.512,5261398.0
1770825600000,8.512,8.761,8.479,8.697,3748947.0
1770840000000,8.696,8.804,8.581,8.629,2354872.0
1770854400000,8.63,8.783,8.629,8.747,1731290.0
1770868800000,8.747,8.84,8.681,8.812,1648788.0
1770883200000,8.812,8.975,8.777,8.907,2375557.0
1770897600000,8.908,8.968,8.792,8.8,3713714.0
1770912000000,8.8,8.861,8.61,8.764,5375315.0
1770926400000,8.765,8.904,8.679,8.902,2395125.0
1770940800000,8.901,8.935,8.814,8.856,2319778.0
1770955200000,8.855,8.865,8.731,8.829,1793526.0
1770969600000,8.829,8.912,8.809,8.869,1693422.0
1770984000000,8.868,9.216,8.825,9.101,5707088.0
1770998400000,9.101,9.247,9.088,9.177,2649929.0
1771012800000,9.178,9.245,9.134,9.139,1737920.0
1771027200000,9.139,9.217,9.117,9.207,1133090.0
1771041600000,9.206,9.207,9.132,9.189,1022224.0
1771056000000,9.19,9.383,9.186,9.368,2169539.0
1771070400000,9.367,9.391,9.248,9.379,2456714.0
1771084800000,9.379,9.627,9.336,9.625,2437226.0
1771099200000,9.626,9.713,9.533,9.59,2286286.0
1771113600000,9.59,9.636,9.472,9.592,2245759.0
1771128000000,9.592,9.745,9.578,9.693,2497051.0
1771142400000,9.694,9.702,9.505,9.526,1907932.0
1771156800000,9.526,9.54,9.269,9.379,3680193.0
1771171200000,9.379,9.379,9.131,9.179,3850455.0
1771185600000,9.178,9.299,9.142,9.278,1900342.0
1771200000000,9.278,9.335,9.2,9.234,1712741.0
1771214400000,9.233,9.327,9.175,9.254,1518149.0
1771228800000,9.254,9.341,9.165,9.265,1902193.0
1771243200000,9.265,9.415,9.037,9.079,5031768.0
1771257600000,9.079,9.18,9.048,9.139,2476455.0
1771272000000,9.139,9.306,9.11,9.255,2044306.0
1771286400000,9.255,9.293,9.177,9.217,1424219.0
1771300800000,9.216,9.244,9.128,9.194,1258437.0
1771315200000,9.194,9.215,9.052,9.107,1488575.0
1771329600000,9.108,9.226,8.998,9.077,3911780.0
1771344000000,9.078,9.295,9.033,9.174,4012873.0
1771358400000,9.174,9.195,9.123,9.136,1316896.0
1771372800000,9.136,9.162,9.061,9.105,1493619.0
1771387200000,9.105,9.143,9.029,9.124,1399768.0
1771401600000,9.124,9.206,8.99,9.034,1907663.0
1771416000000,9.035,9.2,8.934,9.111,3562054.0
1771430400000,9.112,9.117,8.814,8.874,4142798.0
1771444800000,8.874,8.913,8.794,8.852,2010582.0
1771459200000,8.853,8.92,8.827,8.907,1432049.0
1771473600000,8.908,8.935,8.832,8.898,1180178.0
1771488000000,8.898,8.898,8.778,8.787,1733712.0
1771502400000,8.787,8.86,8.653,8.815,4066639.0
1771516800000,8.814,8.937,8.733,8.883,3514385.0
1771531200000,8.882,8.922,8.852,8.896,1354652.0
1771545600000,8.895,8.967,8.885,8.937,1335901.0
1771560000000,8.937,9.288,8.876,9.196,3772517.0
1771574400000,9.196,9.361,9.095,9.111,4273931.0
1771588800000,9.111,9.19,8.922,9.173,4936493.0
1771603200000,9.173,9.243,8.997,9.147,4178708.0
1771617600000,9.146,9.172,9.09,9.165,1335199.0
1771632000000,9.164,9.196,9.115,9.161,1164531.0
1771646400000,9.16,9.207,9.129,9.149,1139084.0
1771660800000,9.15,9.294,9.136,9.272,1717288.0
1771675200000,9.272,9.449,9.247,9.28,3022577.0
1771689600000,9.28,9.305,9.195,9.264,1818631.0
1771704000000,9.263,9.272,9.102,9.11,2117406.0
1771718400000,9.111,9.111,9.001,9.041,2044776.0
1771732800000,9.04,9.059,8.953,9.007,1459367.0
1771747200000,9.007,9.055,8.965,9.0,1235007.0
1771761600000,9.0,9.005,8.807,8.877,3228314.0
1771776000000,8.877,8.878,8.789,8.812,1601106.0
1771790400000,8.813,8.885,8.784,8.874,1316777.0
1771804800000,8.875,8.89,8.321,8.411,7907615.0
1771819200000,8.412,8.602,8.328,8.557,2689301.0
1771833600000,8.557,8.724,8.497,8.651,2533072.0
1771848000000,8.651,8.775,8.547,8.56,3328044.0
1771862400000,8.56,8.612,8.33,8.364,3966937.0
1771876800000,8.364,8.448,8.264,8.359,2822541.0
1771891200000,8.36,8.437,8.206,8.302,3019761.0
1771905600000,8.302,8.315,8.201,8.25,2166667.0
1771920000000,8.25,8.323,8.221,8.309,1868580.0
1771934400000,8.309,8.373,8.173,8.327,3563710.0
1771948800000,8.327,8.435,8.316,8.344,2372605.0
1771963200000,8.344,8.373,8.248,8.279,1326820.0
1771977600000,8.28,8.706,8.258,8.509,4990273.0
1771992000000,8.51,8.577,8.409,8.571,2187233.0
1772006400000,8.57,8.984,8.536,8.97,5036569.0
1772020800000,8.969,9.596,8.956,9.529,10682737.0
1772035200000,9.529,9.819,9.529,9.747,5999741.0
1772049600000,9.748,9.841,9.416,9.515,4414114.0
1772064000000,9.516,9.632,9.423,9.451,3704488.0
1772078400000,9.45,9.56,9.315,9.321,3278090.0
1772092800000,9.321,9.402,9.23,9.238,3478399.0
1772107200000,9.238,9.388,9.204,9.301,3943529.0
1772121600000,9.302,9.34,9.087,9.298,4169856.0
1772136000000,9.298,9.335,9.229,9.302,1477327.0
1772150400000,9.302,9.425,9.241,9.406,1621555.0
1772164800000,9.407,9.481,9.337,9.382,2182469.0
1772179200000,9.381,9.424,8.985,9.027,3566740.0
1772193600000,9.027,9.054,8.911,9.011,3393405.0
1772208000000,9.011,9.013,8.849,8.889,3047224.0
1772222400000,8.889,8.962,8.776,8.945,1942939.0
1772236800000,8.946,8.971,8.871,8.884,941588.0
1772251200000,8.883,8.901,8.48,8.617,5054620.0
1772265600000,8.617,8.624,8.426,8.467,2717821.0
1772280000000,8.468,8.741,8.45,8.627,3858426.0
1772294400000,8.627,8.99,8.605,8.926,3777250.0
1772308800000,8.927,9.268,8.914,9.162,4656520.0
1772323200000,9.161,9.427,9.054,9.26,3880621.0
1772337600000,9.26,9.299,9.154,9.213,1792510.0
1772352000000,9.214,9.253,9.097,9.122,2264923.0
1772366400000,9.121,9.228,9.024,9.131,3131095.0
1772380800000,9.131,9.163,8.936,8.947,3427911.0
1772395200000,8.946,9.076,8.838,9.029,3463242.0
1772409600000,9.029,9.197,9.003,9.12,3036319.0
1772424000000,9.12,9.138,8.877,8.929,1952395.0
1772438400000,8.93,9.03,8.859,8.972,2343954.0
1772452800000,8.972,9.398,8.893,9.309,4959511.0
1772467200000,9.31,9.477,9.181,9.236,5105450.0
1772481600000,9.235,9.283,9.145,9.171,2268954.0
1772496000000,9.17,9.254,9.072,9.148,2263083.0
1772510400000,9.149,9.189,9.063,9.108,1539285.0
1772524800000,9.108,9.126,8.937,9.01,2665935.0
1772539200000,9.009,9.18,8.891,9.159,3932397.0
1772553600000,9.158,9.332,9.088,9.176,4456262.0
1772568000000,9.177,9.242,9.068,9.175,1925585.0
1772582400000,9.175,9.242,9.098,9.169,2077873.0
1772596800000,9.168,9.196,9.004,9.18,2930639.0
1772611200000,9.18,9.5,9.158,9.298,4640951.0
1772625600000,9.298,9.723,9.237,9.713,4904766.0
1772640000000,9.713,9.781,9.506,9.665,4292520.0
1772654400000,9.666,9.677,9.419,9.496,2572215.0
1772668800000,9.496,9.536,9.407,9.45,1894496.0
1772683200000,9.45,9.499,9.338,9.376,1840093.0
1772697600000,9.376,9.577,9.357,9.446,2222549.0
1772712000000,9.447,9.523,9.334,9.4,3517276.0
1772726400000,9.401,9.452,9.25,9.378,3333283.0
1772740800000,9.377,9.506,9.367,9.375,1635415.0
1772755200000,9.376,9.446,9.322,9.413,1617723.0
1772769600000,9.412,9.469,9.305,9.449,1631772.0
1772784000000,9.449,9.45,9.234,9.249,2113627.0
1772798400000,9.248,9.251,8.918,8.966,6718977.0
1772812800000,8.966,8.998,8.873,8.961,2915656.0
1772827200000,8.962,9.064,8.92,9.012,1608460.0
1772841600000,9.013,9.073,9.003,9.014,850867.0
1772856000000,9.015,9.019,8.957,9.01,1029596.0
1772870400000,9.009,9.051,8.97,9.011,951017.0
1772884800000,9.011,9.021,8.935,8.957,1308041.0
1772899200000,8.957,9.009,8.86,8.879,1520342.0
1772913600000,8.879,8.935,8.867,8.902,1014625.0
1772928000000,8.902,8.919,8.808,8.845,1469203.0
1772942400000,8.845,8.902,8.788,8.875,1077845.0
1772956800000,8.875,9.015,8.835,8.908,1778564.0
1772971200000,8.909,9.02,8.839,8.865,2543237.0
1772985600000,8.864,8.977,8.806,8.956,1685426.0
1773000000000,8.955,8.989,8.673,8.809,4074669.0
1773014400000,8.81,9.091,8.805,8.969,4378309.0
1773028800000,8.969,9.289,8.968,9.083,5141723.0
1773043200000,9.083,9.171,9.009,9.079,2769752.0
1773057600000,9.08,9.328,9.075,9.273,4310364.0
1773072000000,9.274,9.53,9.207,9.386,3972007.0
1773086400000,9.386,9.429,9.224,9.26,2503421.0
1773100800000,9.26,9.501,9.246,9.325,2781742.0
1773115200000,9.325,9.476,9.325,9.398,1950595.0
1773129600000,9.399,9.598,9.395,9.491,3296556.0
1773144000000,9.492,9.809,9.306,9.764,6918353.0
1773158400000,9.763,9.955,9.547,9.599,5861684.0
1773172800000,9.598,9.657,9.487,9.528,1905748.0
1773187200000,9.528,9.596,9.466,9.54,2114576.0
1773201600000,9.541,9.736,9.481,9.512,2437811.0
1773216000000,9.512,9.616,9.489,9.55,1601982.0
1773230400000,9.551,9.858,9.499,9.596,4472405.0
1773244800000,9.597,9.753,9.566,9.698,2455269.0
1773259200000,9.697,9.699,9.528,9.547,1517656.0
1773273600000,9.548,9.558,9.428,9.483,2200592.0
1773288000000,9.483,9.582,9.445,9.581,1393696.0
1773302400000,9.581,9.647,9.504,9.566,2087875.0
1773316800000,9.566,9.638,9.435,9.581,3376181.0
1773331200000,9.581,9.619,9.52,9.599,2064537.0
1773345600000,9.598,9.738,9.582,9.673,1719624.0
1773360000000,9.673,10.007,9.648,9.951,4971634.0
1773374400000,9.951,9.997,9.808,9.847,2411539.0
1773388800000,9.847,10.044,9.798,10.002,2397372.0
1773403200000,10.002,10.28,9.866,9.892,7073850.0
1773417600000,9.892,9.927,9.716,9.767,2755544.0
1773432000000,9.768,9.817,9.661,9.715,1435759.0
1773446400000,9.714,9.755,9.628,9.735,1375054.0
1773460800000,9.736,9.774,9.572,9.588,1827377.0
1773475200000,9.588,9.607,9.513,9.563,1766086.0
1773489600000,9.563,9.583,9.537,9.555,1074394.0
1773504000000,9.555,9.6,9.543,9.567,805079.0
1773518400000,9.568,9.726,9.557,9.724,1385372.0
1773532800000,9.724,9.799,9.651,9.714,1820278.0
1773547200000,9.715,9.751,9.658,9.708,1266300.0
1773561600000,9.708,9.864,9.708,9.797,1447189.0
1773576000000,9.798,9.878,9.697,9.711,1600037.0
1773590400000,9.71,9.792,9.667,9.758,1773360.0
1773604800000,9.758,10.042,9.729,9.945,3357018.0
1773619200000,9.945,10.41,9.875,10.264,4663039.0
1773633600000,10.264,10.517,10.263,10.366,3827262.0
1773648000000,10.366,10.446,10.173,10.204,2889469.0
1773662400000,10.203,10.271,9.996,10.072,4957849.0
1773676800000,10.071,10.333,10.067,10.271,2796232.0
1773691200000,10.27,10.514,10.257,10.482,3080286.0
1773705600000,10.481,10.543,10.272,10.346,3917735.0
1773720000000,10.346,10.395,10.236,10.307,2027575.0
1773734400000,10.307,10.349,10.201,10.256,2203615.0
1773748800000,10.256,10.333,10.194,10.256,2672415.0
1773763200000,10.256,10.323,10.241,10.244,1178162.0
1773777600000,10.244,10.337,10.167,10.189,1392306.0
1773792000000,10.19,10.357,10.152,10.306,1536664.0
1773806400000,10.307,10.328,10.218,10.242,1298255.0
1773820800000,10.242,10.288,9.922,9.971,3411905.0
1773835200000,9.972,9.972,9.477,9.557,6363771.0
1773849600000,9.556,9.713,9.484,9.611,3157160.0
1773864000000,9.611,9.732,9.53,9.678,1775097.0
1773878400000,9.678,9.743,9.607,9.661,1751978.0
1773892800000,9.661,9.663,9.43,9.512,1883374.0
1773907200000,9.511,9.607,9.48,9.542,1354205.0
1773921600000,9.541,9.542,9.326,9.404,3445299.0
1773936000000,9.404,9.574,9.333,9.5,1943796.0
1773950400000,9.5,9.543,9.413,9.466,1249645.0
1773964800000,9.466,9.591,9.454,9.554,1327293.0
1773979200000,9.554,9.6,9.448,9.527,1247325.0
1773993600000,9.527,9.612,9.48,9.511,1532321.0
1774008000000,9.511,9.543,9.415,9.479,1874587.0
1774022400000,9.478,9.533,9.408,9.522,1700076.0
1774036800000,9.521,9.644,9.445,9.568,1792786.0
1774051200000,9.567,9.607,9.53,9.582,1004756.0
1774065600000,9.582,9.632,9.551,9.581,768409.0
1774080000000,9.581,9.592,9.491,9.502,933072.0
1774094400000,9.501,9.545,9.456,9.536,951921.0
1774108800000,9.535,9.563,9.471,9.487,722789.0
1774123200000,9.487,9.528,9.148,9.208,2789564.0
1774137600000,9.208,9.358,9.041,9.275,3321098.0
1774152000000,9.274,9.312,9.186,9.189,1085375.0
1774166400000,9.19,9.19,9.054,9.056,1972914.0
1774180800000,9.056,9.142,9.054,9.091,1384575.0
1774195200000,9.091,9.106,8.944,8.972,1703311.0
1774209600000,8.971,9.09,8.867,9.019,2507217.0
1774224000000,9.019,9.188,8.979,9.098,1859576.0
1774238400000,9.099,9.177,8.953,9.018,1739315.0
1774252800000,9.019,9.584,8.914,9.38,7478581.0
1774267200000,9.38,9.754,9.34,9.418,6280188.0
1774281600000,9.418,9.569,9.357,9.458,2905881.0
1774296000000,9.457,9.581,9.441,9.561,1826028.0
1774310400000,9.561,9.591,9.451,9.572,1754630.0
1774324800000,9.572,9.616,9.47,9.599,1772530.0
1774339200000,9.6,9.628,9.508,9.542,2005856.0
1774353600000,9.542,9.558,9.386,9.438,2782677.0
1774368000000,9.437,9.469,9.35,9.388,2015484.0
1774382400000,9.387,9.641,9.38,9.62,2377224.0
1774396800000,9.619,9.657,9.554,9.612,1557375.0
1774411200000,9.611,9.711,9.602,9.648,1423884.0
1774425600000,9.648,9.78,9.621,9.739,1789728.0
1774440000000,9.74,9.792,9.591,9.663,2112203.0
1774454400000,9.663,9.756,9.635,9.681,1429230.0
1774468800000,9.681,9.722,9.609,9.676,952439.0
1774483200000,9.675,9.689,9.535,9.568,1267165.0
1774497600000,9.568,9.568,9.397,9.433,1922150.0
1774512000000,9.433,9.44,9.227,9.231,2455440.0
1774526400000,9.23,9.33,9.122,9.177,2497620.0
1774540800000,9.177,9.2,8.981,9.008,2779429.0
1774555200000,9.008,9.139,8.989,9.095,2054744.0
1774569600000,9.095,9.143,9.062,9.075,1247223.0
1774584000000,9.074,9.092,8.991,9.061,1510462.0
1774598400000,9.062,9.077,8.658,8.75,4346385.0
1774612800000,8.75,8.879,8.721,8.802,2682421.0
1774627200000,8.802,8.816,8.66,8.761,1751830.0
1774641600000,8.76,8.799,8.719,8.785,950175.0
1774656000000,8.785,8.787,8.698,8.735,818511.0
1774670400000,8.734,8.833,8.705,8.826,790708.0
1774684800000,8.827,8.845,8.77,8.81,717530.0
1774699200000,8.811,8.996,8.763,8.928,2179327.0
1774713600000,8.929,8.943,8.854,8.878,924482.0
1774728000000,8.877,8.905,8.714,8.752,1387891.0
1774742400000,8.752,8.815,8.722,8.792,870840.0
1774756800000,8.793,8.799,8.723,8.742,704185.0
1774771200000,8.742,8.752,8.662,8.722,919832.0
1774785600000,8.723,8.723,8.611,8.656,1698589.0
1774800000000,8.656,8.678,8.558,8.599,1408989.0
1774814400000,8.599,8.679,8.365,8.594,3064325.0
1774828800000,8.595,8.855,8.557,8.801,2914027.0
1774843200000,8.801,8.923,8.801,8.914,1567236.0
1774857600000,8.914,9.079,8.887,8.983,3477694.0
1774872000000,8.983,9.032,8.867,8.945,2184984.0
1774886400000,8.944,8.956,8.733,8.797,1926717.0
1774900800000,8.797,8.872,8.756,8.806,1046929.0
1774915200000,8.807,9.069,8.787,8.967,2468518.0
1774929600000,8.968,8.997,8.882,8.917,1557800.0
1774944000000,8.917,8.919,8.688,8.762,2642126.0
1774958400000,8.763,8.955,8.735,8.739,2500986.0
1774972800000,8.738,8.957,8.711,8.898,2483183.0
1774987200000,8.897,8.957,8.842,8.907,1212155.0
1775001600000,8.907,8.977,8.862,8.952,1410437.0
1775016000000,8.953,9.48,8.942,9.34,5404459.0
1775030400000,9.34,9.355,9.147,9.196,2376265.0
1775044800000,9.196,9.307,9.138,9.211,2539735.0
1775059200000,9.212,9.302,9.117,9.162,2352543.0
1775073600000,9.161,9.212,9.087,9.123,1415778.0
1775088000000,9.123,9.186,8.716,8.765,5029902.0
1775102400000,8.765,8.779,8.651,8.739,2714123.0
1775116800000,8.739,8.739,8.628,8.675,1603962.0
1775131200000,8.675,8.844,8.612,8.733,3321998.0
1775145600000,8.732,8.785,8.631,8.699,2238474.0
1775160000000,8.699,8.757,8.663,8.746,1180605.0
1775174400000,8.747,8.816,8.732,8.8,1349087.0
1775188800000,8.801,8.947,8.771,8.896,2041171.0
1775203200000,8.897,8.969,8.882,8.953,1138259.0
1775217600000,8.954,9.07,8.928,9.013,2396036.0
1775232000000,9.013,9.144,8.927,8.964,2538099.0
1775246400000,8.963,8.984,8.877,8.91,1068078.0
1775260800000,8.91,8.918,8.851,8.891,981816.0
1775275200000,8.89,8.911,8.855,8.871,767595.0
1775289600000,8.871,8.898,8.837,8.888,861628.0
1775304000000,8.888,8.969,8.831,8.947,1715005.0
1775318400000,8.947,9.108,8.917,9.014,2687117.0
1775332800000,9.013,9.03,8.965,8.985,783879.0
1775347200000,8.986,9.023,8.941,8.953,879770.0
1775361600000,8.952,8.959,8.776,8.797,2105273.0
1775376000000,8.796,8.855,8.782,8.814,1222260.0
1775390400000,8.814,8.955,8.741,8.872,1972803.0
1775404800000,8.873,8.882,8.809,8.843,1140996.0
1775419200000,8.843,9.083,8.808,9.065,2356817.0
1775433600000,9.065,9.663,9.065,9.451,8820508.0
1775448000000,9.451,9.536,9.368,9.384,3474228.0
1775462400000,9.385,9.505,9.377,9.448,2567634.0
1775476800000,9.449,9.463,9.318,9.378,2488775.0
1775491200000,9.378,9.395,9.273,9.315,1946573.0
1775505600000,9.315,9.35,8.794,8.892,5696025.0
1775520000000,8.892,8.911,8.625,8.678,5772889.0
1775534400000,8.678,8.724,8.46,8.64,5124496.0
1775548800000,8.64,8.727,8.574,8.608,3122764.0
1775563200000,8.608,8.678,8.522,8.58,4182481.0
1775577600000,8.579,8.813,8.554,8.791,3238883.0
1775592000000,8.791,9.619,8.736,9.428,11675028.0
1775606400000,9.429,9.525,9.325,9.437,4149901.0
1775620800000,9.438,9.561,9.369,9.395,3420918.0
1775635200000,9.395,9.405,9.281,9.307,2253671.0
1775649600000,9.308,9.438,9.143,9.216,4607341.0
1775664000000,9.216,9.292,9.115,9.186,2373885.0
1775678400000,9.185,9.216,9.033,9.049,2436450.0
1775692800000,9.05,9.053,8.908,9.023,2755787.0
1775707200000,9.022,9.086,9.0,9.076,1448417.0
1775721600000,9.076,9.161,9.043,9.081,2261204.0
1775736000000,9.081,9.365,9.046,9.336,3490559.0
1775750400000,9.337,9.388,9.24,9.299,3552611.0
1775764800000,9.3,9.7,9.279,9.361,5040511.0
1775779200000,9.361,9.407,9.266,9.304,2428007.0
1775793600000,9.304,9.415,9.261,9.27,1909238.0
1775808000000,9.27,9.335,9.24,9.299,1535789.0
1775822400000,9.3,9.514,9.289,9.421,3356483.0
1775836800000,9.422,9.56,9.348,9.523,2837331.0
1775851200000,9.523,9.552,9.373,9.39,1983640.0
1775865600000,9.39,9.398,9.305,9.32,1375303.0
1775880000000,9.319,9.344,9.225,9.279,1746003.0
1775894400000,9.28,9.309,9.245,9.275,1064876.0
1775908800000,9.275,9.335,9.184,9.326,1648226.0
1775923200000,9.327,9.605,9.327,9.58,3314953.0
1775937600000,9.58,9.61,9.327,9.371,2382683.0
1775952000000,9.372,9.386,9.02,9.078,4292043.0
1775966400000,9.077,9.089,8.989,9.016,1728233.0
1775980800000,9.016,9.046,8.974,9.024,1384946.0
1775995200000,9.024,9.055,8.924,8.956,2277149.0
1776009600000,8.956,9.164,8.948,9.081,2188880.0
1776024000000,9.08,9.168,8.999,9.025,2150222.0
1776038400000,9.026,9.165,9.01,9.067,1622460.0
1776052800000,9.066,9.192,9.01,9.061,2154078.0
1776067200000,9.061,9.083,8.961,9.057,1905479.0
1776081600000,9.056,9.325,9.033,9.202,4502114.0
1776096000000,9.202,9.416,9.144,9.404,4133123.0
1776110400000,9.403,9.716,9.243,9.659,5796521.0
1776124800000,9.659,9.705,9.427,9.448,2548080.0
1776139200000,9.449,9.467,9.366,9.409,1400454.0
1776153600000,9.41,9.448,9.372,9.381,1311678.0
1776168000000,9.381,9.531,9.272,9.424,4278450.0
1776182400000,9.424,9.486,9.206,9.345,4859337.0
1776196800000,9.346,9.381,9.269,9.296,2141578.0
1776211200000,9.296,9.384,9.278,9.341,1493971.0
1776225600000,9.342,9.455,9.254,9.265,2529308.0
1776240000000,9.265,9.454,9.255,9.419,1700227.0
1776254400000,9.419,9.46,9.321,9.362,2392770.0
1776268800000,9.363,9.567,9.349,9.527,2514415.0
1776283200000,9.527,9.556,9.382,9.43,2239303.0
1776297600000,9.431,9.511,9.336,9.48,2052989.0
1776312000000,9.48,9.618,9.455,9.508,2216742.0
1776326400000,9.509,9.514,9.338,9.46,2396251.0
1776340800000,9.46,9.613,9.257,9.582,6393687.0
1776355200000,9.582,9.866,9.404,9.85,7277978.0
1776369600000,9.849,9.883,9.64,9.723,2854372.0
1776384000000,9.724,9.747,9.537,9.555,1961666.0
1776398400000,9.556,9.623,9.441,9.623,2678308.0
1776412800000,9.623,9.719,9.497,9.65,3315780.0
1776427200000,9.651,10.006,9.607,9.808,5522164.0
1776441600000,9.809,9.95,9.734,9.787,2716919.0
1776456000000,9.787,9.841,9.683,9.715,1676246.0
1776470400000,9.715,9.779,9.622,9.642,1335353.0
1776484800000,9.642,9.73,9.615,9.699,1707806.0
1776499200000,9.699,9.702,9.341,9.386,3892088.0
1776513600000,9.385,9.442,9.326,9.399,1928116.0
1776528000000,9.399,9.437,9.291,9.371,2348519.0
1776542400000,9.371,9.41,9.318,9.328,1065464.0
1776556800000,9.328,9.332,9.203,9.29,2173852.0
1776571200000,9.29,9.319,9.121,9.205,2318117.0
1776585600000,9.204,9.269,9.144,9.237,1647730.0
1776600000000,9.238,9.354,9.196,9.276,2322493.0
1776614400000,9.276,9.29,9.125,9.185,1888353.0
1776628800000,9.184,9.186,8.961,8.999,3404427.0
1776643200000,9.0,9.164,8.979,9.154,1750821.0
1776657600000,9.154,9.323,9.044,9.21,2172575.0
1776672000000,9.212,9.272,9.15,9.207,1895142.0
1776686400000,9.208,9.296,9.144,9.224,3378696.0
1776700800000,9.225,9.354,9.162,9.314,1944269.0
1776715200000,9.313,9.432,9.257,9.269,2099832.0
1776729600000,9.269,9.36,9.245,9.279,1119468.0
1776744000000,9.278,9.378,9.255,9.336,1651790.0
1776758400000,9.336,9.532,9.325,9.436,2724592.0
1776772800000,9.436,9.463,9.316,9.384,3155522.0
1776787200000,9.385,9.436,9.163,9.201,3458740.0
1776801600000,9.2,9.398,9.191,9.388,1981611.0
1776816000000,9.389,9.606,9.362,9.557,3208363.0
1776830400000,9.557,9.673,9.528,9.57,2105760.0
1776844800000,9.57,9.645,9.536,9.568,1800489.0
1776859200000,9.568,9.585,9.485,9.542,1817734.0
1776873600000,9.543,9.568,9.427,9.47,1422478.0
1776888000000,9.47,9.483,9.322,9.33,1381332.0
1776902400000,9.331,9.349,9.207,9.267,2486150.0
1776916800000,9.266,9.341,9.244,9.281,2178273.0
1776931200000,9.281,9.294,9.185,9.268,1524349.0
1776945600000,9.269,9.446,9.24,9.393,2597104.0
1776960000000,9.394,9.406,9.142,9.266,2750896.0
1776974400000,9.266,9.4,9.262,9.376,1164008.0
1776988800000,9.377,9.437,9.277,9.322,1492461.0
1777003200000,9.323,9.4,9.292,9.367,1431269.0
1777017600000,9.367,9.465,9.321,9.436,1618109.0
1777032000000,9.436,9.464,9.338,9.459,1928086.0
1777046400000,9.459,9.476,9.382,9.431,1253666.0
1777060800000,9.431,9.472,9.366,9.396,1099167.0
1777075200000,9.396,9.452,9.377,9.438,747369.0
1777089600000,9.437,9.498,9.382,9.444,1601326.0
1777104000000,9.444,9.488,9.374,9.399,1184361.0
1777118400000,9.399,9.43,9.322,9.34,1158918.0
1777132800000,9.34,9.361,9.278,9.3,1393390.0
1777147200000,9.3,9.365,9.281,9.358,737994.0
1777161600000,9.359,9.362,9.309,9.334,962494.0
1777176000000,9.334,9.435,9.32,9.432,1263136.0
1777190400000,9.433,9.524,9.4,9.478,1262592.0
1777204800000,9.479,9.498,9.403,9.481,1436928.0
1777219200000,9.482,9.541,9.394,9.47,2792933.0
1777233600000,9.471,9.506,9.38,9.45,1656883.0
1777248000000,9.451,9.56,9.415,9.504,1959000.0
1777262400000,9.505,9.526,9.203,9.226,3735185.0
1777276800000,9.225,9.273,9.212,9.26,1320865.0
1777291200000,9.259,9.311,9.076,9.129,2854610.0
1777305600000,9.13,9.2,9.098,9.168,1523597.0
1777320000000,9.168,9.277,9.157,9.262,1097968.0
1777334400000,9.263,9.27,9.186,9.217,1174418.0
1777348800000,9.216,9.257,9.135,9.175,1709029.0
1777363200000,9.174,9.219,9.119,9.152,2217891.0
1777377600000,9.152,9.222,9.103,9.161,2402677.0
1777392000000,9.161,9.194,9.124,9.178,1264506.0
1777406400000,9.178,9.199,9.147,9.171,577729.0
1777420800000,9.172,9.258,9.136,9.253,1093601.0
1777435200000,9.254,9.354,9.239,9.293,2085885.0
1777449600000,9.293,9.442,9.248,9.345,2830973.0
1777464000000,9.346,9.348,9.079,9.112,3845629.0
1777478400000,9.112,9.192,8.908,9.049,4643880.0
1777492800000,9.05,9.155,9.039,9.119,1771644.0
1777507200000,9.119,9.224,9.086,9.159,2033710.0
1777521600000,9.159,9.16,9.044,9.149,1675495.0
1777536000000,9.148,9.221,9.111,9.139,1824663.0
1777550400000,9.138,9.173,9.074,9.131,2140375.0
1777564800000,9.131,9.138,9.073,9.097,1019197.0
1777579200000,9.097,9.111,9.057,9.09,719053.0
1777593600000,9.09,9.202,9.087,9.15,1205308.0
1777608000000,9.15,9.173,9.059,9.097,1127060.0
1777622400000,9.098,9.143,9.061,9.122,1037473.0
1777636800000,9.122,9.267,9.107,9.192,3040061.0
1777651200000,9.193,9.215,9.131,9.149,1316775.0
1777665600000,9.15,9.155,9.054,9.082,1620555.0
1777680000000,9.083,9.136,9.068,9.12,1268270.0
1777694400000,9.121,9.125,9.06,9.09,919279.0
1777708800000,9.089,9.12,9.069,9.08,1275880.0
1777723200000,9.081,9.154,9.073,9.151,1145610.0
1777737600000,9.15,9.17,9.096,9.163,1212434.0
1777752000000,9.162,9.245,9.153,9.182,1448611.0
1777766400000,9.182,9.194,9.017,9.033,1913697.0
1777780800000,9.033,9.073,8.992,9.047,1519026.0
1777795200000,9.047,9.104,8.963,9.074,2349859.0
1777809600000,9.074,9.125,9.05,9.103,1397748.0
1777824000000,9.104,9.137,9.059,9.122,783483.0
1777838400000,9.122,9.195,9.044,9.079,2630394.0
1777852800000,9.08,9.334,8.987,9.292,4567108.0
1777867200000,9.292,9.377,9.211,9.23,2737117.0
1777881600000,9.229,9.311,9.026,9.137,5588418.0
1777896000000,9.137,9.274,9.057,9.138,3506442.0
1777910400000,9.139,9.298,9.087,9.234,2846544.0
1777924800000,9.235,9.251,9.125,9.168,1938766.0
1777939200000,9.169,9.31,9.169,9.282,1602650.0
1777953600000,9.281,9.375,9.253,9.337,1782408.0
1777968000000,9.337,9.43,9.314,9.395,1909263.0
1777982400000,9.396,9.527,9.375,9.406,3614876.0
1777996800000,9.406,9.422,9.331,9.403,1874988.0
1778011200000,9.402,9.489,9.366,9.399,2008379.0
1778025600000,9.399,9.579,9.358,9.568,2894110.0
1778040000000,9.568,9.589,9.487,9.557,2221971.0
1778054400000,9.558,9.762,9.554,9.745,3013955.0
1778068800000,9.745,9.774,9.452,9.612,3499203.0
1778083200000,9.611,9.663,9.555,9.603,1628661.0
1778097600000,9.603,9.662,9.521,9.609,1414118.0
1778112000000,9.61,9.627,9.447,9.464,1878521.0
1778126400000,9.463,9.698,9.455,9.679,1741329.0
1778140800000,9.679,9.683,9.518,9.572,1691399.0
1778155200000,9.573,9.646,9.364,9.41,3461308.0
1778169600000,9.411,9.54,9.393,9.471,2655529.0
1778184000000,9.471,9.53,9.406,9.498,1464025.0
1778198400000,9.499,9.531,9.423,9.479,1420934.0
1778212800000,9.478,9.525,9.437,9.514,1262619.0
1778227200000,9.514,9.623,9.508,9.587,1845745.0
1778241600000,9.587,9.779,9.498,9.778,3368970.0
1778256000000,9.778,9.957,9.703,9.91,3372985.0
1778270400000,9.91,10.018,9.859,9.903,1981967.0
1778284800000,9.903,10.118,9.892,9.978,2095990.0
1778299200000,9.979,10.032,9.927,9.939,1159017.0
1778313600000,9.939,9.992,9.853,9.928,1312113.0
1778328000000,9.928,9.973,9.792,9.831,2569013.0
1778342400000,9.831,9.991,9.808,9.986,1271872.0
1778356800000,9.986,10.004,9.929,9.957,730912.0
1778371200000,9.957,9.988,9.846,9.902,1309558.0
1778385600000,9.902,10.009,9.891,9.923,1218471.0
1778400000000,9.923,10.067,9.91,9.976,2280211.0
1778414400000,9.976,10.16,9.944,10.148,2473671.0
1778428800000,10.147,10.483,10.135,10.412,4642926.0
1778443200000,10.412,10.464,9.946,10.222,5320503.0
1778457600000,10.222,10.253,9.966,10.03,2724993.0
1778472000000,10.029,10.14,9.974,10.09,2133400.0
1778486400000,10.09,10.2,10.02,10.117,2186868.0
1778500800000,10.118,10.246,9.985,10.23,3235131.0
1778515200000,10.229,10.268,10.134,10.201,2018110.0
1778529600000,10.202,10.228,10.101,10.128,1394218.0
1778544000000,10.128,10.163,9.972,10.006,2227222.0
1778558400000,10.006,10.069,9.933,10.008,1592795.0
1778572800000,10.008,10.016,9.809,9.858,3106213.0
1778587200000,9.858,9.922,9.669,9.732,4682283.0
1778601600000,9.732,9.88,9.677,9.862,2170848.0
1778616000000,9.863,9.899,9.828,9.83,970095.0
1778630400000,9.83,10.042,9.817,10.027,1758858.0
1778644800000,10.027,10.06,9.958,10.001,1486232.0
1778659200000,10.001,10.152,9.926,9.946,2427751.0
1778673600000,9.946,9.977,9.613,9.634,4996968.0
1778688000000,9.635,9.812,9.627,9.726,2075552.0
1778702400000,9.727,9.792,9.686,9.75,1417007.0
1778716800000,9.75,9.809,9.626,9.647,1539272.0
1778731200000,9.647,9.796,9.635,9.701,1862929.0
1778745600000,9.702,9.729,9.631,9.665,1529583.0
1778760000000,9.665,10.068,9.657,10.055,3649986.0
1778774400000,10.056,10.133,9.927,10.011,3961918.0
1778788800000,10.012,10.024,9.883,9.901,1469619.0
1778803200000,9.901,9.958,9.815,9.875,1857522.0
1778817600000,9.874,9.877,9.672,9.811,2557585.0
1778832000000,9.812,9.824,9.723,9.771,1437649.0
1778846400000,9.771,9.781,9.401,9.478,5305030.0
1778860800000,9.478,9.607,9.465,9.537,1894578.0
1778875200000,9.537,9.558,9.496,9.532,914970.0
1778889600000,9.533,9.567,9.51,9.528,804043.0
1778904000000,9.527,9.532,9.22,9.336,3067793.0
1778918400000,9.336,9.372,9.185,9.245,2284464.0
1778932800000,9.245,9.336,9.235,9.31,1294655.0
1778947200000,9.31,9.369,9.3,9.311,1240187.0
1778961600000,9.31,9.332,9.282,9.285,591276.0
1778976000000,9.285,9.302,9.174,9.271,1587825.0
1778990400000,9.271,9.355,9.267,9.317,1399424.0
1779004800000,9.317,9.413,9.29,9.357,1077617.0
1779019200000,9.357,9.384,9.251,9.288,1106595.0
1779033600000,9.289,9.325,9.222,9.304,1199316.0
1779048000000,9.305,9.338,8.932,9.19,3685428.0
1779062400000,9.19,9.237,9.105,9.188,2398668.0
1779076800000,9.189,9.224,9.06,9.111,2283043.0
1779091200000,9.111,9.204,9.042,9.151,1660044.0
1779105600000,9.151,9.226,9.006,9.087,2904819.0
1779120000000,9.088,9.194,9.01,9.173,2514950.0
1779134400000,9.174,9.265,9.146,9.245,1210805.0
1779148800000,9.245,9.314,9.192,9.232,1249556.0
1779163200000,9.231,9.289,9.192,9.27,1028105.0
1779177600000,9.27,9.284,9.08,9.099,1678114.0
1779192000000,9.099,9.153,9.015,9.095,2142962.0
1779206400000,9.095,9.181,9.08,9.112,1355360.0
1779220800000,9.113,9.144,9.058,9.1,739031.0
1779235200000,9.101,9.135,9.058,9.11,940724.0
1779249600000,9.11,9.241,9.091,9.205,1351352.0
1779264000000,9.205,9.263,9.177,9.198,1012665.0
1779278400000,9.198,9.359,9.147,9.336,3200497.0
1779292800000,9.337,9.396,9.266,9.313,2295475.0
1779307200000,9.312,9.331,9.212,9.292,1414484.0
1779321600000,9.292,9.388,9.286,9.379,1442532.0
1779336000000,9.379,9.48,9.298,9.464,2213920.0
1779350400000,9.465,9.514,9.276,9.291,2679233.0
1779364800000,9.291,9.401,9.242,9.372,2290195.0
1779379200000,9.373,9.513,9.301,9.489,2757368.0
1779393600000,9.489,9.5,9.422,9.448,1167122.0
1779408000000,9.448,9.502,9.377,9.498,1191646.0
1779422400000,9.499,9.573,9.452,9.505,1696296.0
1779436800000,9.505,9.56,9.454,9.525,1544974.0
1779451200000,9.526,9.599,9.364,9.427,2753222.0
1779465600000,9.427,9.461,9.14,9.211,3872754.0
1779480000000,9.211,9.279,9.09,9.148,1804029.0
1779494400000,9.148,9.209,9.101,9.193,1170612.0
1779508800000,9.193,9.194,8.838,8.915,2726679.0
1779523200000,8.915,8.924,8.833,8.892,2443422.0
1779537600000,8.892,9.166,8.871,9.13,2320876.0
1779552000000,9.131,9.331,9.103,9.28,2780675.0
1779566400000,9.28,9.59,9.263,9.385,4378247.0
1779580800000,9.386,9.426,9.313,9.326,1272708.0
1779595200000,9.326,9.371,9.316,9.322,1220449.0
1779609600000,9.323,9.382,9.31,9.347,1202332.0
1779624000000,9.348,9.349,9.13,9.231,1894439.0
1779638400000,9.231,9.268,9.206,9.228,914563.0
1779652800000,9.229,9.236,9.061,9.208,2106343.0
1779667200000,9.208,9.238,9.148,9.163,1250298.0
1779681600000,9.164,9.356,9.154,9.338,1786779.0
1779696000000,9.338,9.419,9.319,9.372,1625596.0
1779710400000,9.373,9.505,9.359,9.428,2186535.0
1779724800000,9.428,9.481,9.358,9.382,1281476.0
1779739200000,9.381,9.399,9.265,9.304,1446043.0
1779753600000,9.304,9.31,9.161,9.22,1786873.0
1779768000000,9.221,9.33,9.205,9.264,1548969.0
1779782400000,9.265,9.461,9.256,9.376,1887576.0
1779796800000,9.376,9.488,9.227,9.284,3397732.0
1779811200000,9.283,9.285,9.112,9.167,2825916.0
1779825600000,9.168,9.184,9.113,9.135,861823.0
1779840000000,9.136,9.197,9.106,9.137,1125827.0
1779854400000,9.136,9.211,9.038,9.191,1506926.0
1779868800000,9.191,9.221,9.119,9.147,920731.0
1779883200000,9.147,9.288,9.075,9.237,2932306.0
1779897600000,9.238,9.252,9.07,9.186,1806408.0
1779912000000,9.186,9.218,8.988,9.035,2341257.0
1779926400000,9.034,9.067,8.853,8.872,2766061.0
1779940800000,8.872,8.873,8.705,8.84,3610305.0
1779955200000,8.841,8.88,8.787,8.812,1275196.0
1779969600000,8.812,8.922,8.74,8.845,2953860.0
1779984000000,8.845,9.071,8.807,8.912,2525959.0
1779998400000,8.912,8.989,8.885,8.922,1037466.0
1780012800000,8.922,8.971,8.862,8.877,1019784.0
1780027200000,8.877,8.977,8.827,8.923,1271626.0
1780041600000,8.923,8.973,8.829,8.869,1191156.0
1780056000000,8.869,9.0,8.648,8.919,4788931.0
1780070400000,8.92,8.983,8.767,8.833,2510044.0
1780084800000,8.833,8.877,8.784,8.822,1035698.0
1780099200000,8.823,9.045,8.808,8.97,1703839.0
1780113600000,8.97,8.992,8.815,8.912,1833353.0
1780128000000,8.912,8.938,8.879,8.915,674834.0
1780142400000,8.916,8.992,8.902,8.959,898368.0
1780156800000,8.96,9.005,8.937,8.987,761700.0
1780171200000,8.988,9.013,8.911,8.942,824430.0
1780185600000,8.942,9.037,8.928,9.006,962153.0
1780200000000,9.007,9.081,8.966,8.985,1378984.0
1780214400000,8.986,9.033,8.951,9.012,815430.0
1780228800000,9.011,9.046,8.808,8.88,2564713.0
1780243200000,8.879,8.894,8.791,8.832,1630341.0
1780257600000,8.832,9.028,8.832,8.98,1540693.0
1780272000000,8.981,9.071,8.861,9.016,2262041.0
1780286400000,9.016,9.042,8.774,8.788,2238500.0
1780300800000,8.788,8.889,8.754,8.829,1978958.0
1780315200000,8.829,8.875,8.671,8.727,3932771.0
1780329600000,8.727,8.966,8.681,8.955,2557276.0
1780344000000,8.955,8.984,8.823,8.932,1899509.0
1780358400000,8.932,8.941,8.665,8.88,2407202.0
1780372800000,8.881,8.892,8.655,8.713,2690755.0
1780387200000,8.713,8.74,8.655,8.678,1391040.0
1780401600000,8.677,8.72,8.257,8.36,6208631.0
1780416000000,8.361,8.501,8.167,8.327,3096831.0
1780430400000,8.328,8.387,8.02,8.176,4205477.0
1780444800000,8.177,8.262,7.988,8.047,2922989.0
1780459200000,8.047,8.34,8.044,8.315,2559397.0
1780473600000,8.316,8.368,8.242,8.297,2019907.0
1780488000000,8.298,8.338,8.174,8.188,2106164.0
1780502400000,8.188,8.195,8.022,8.038,3517632.0
1780516800000,8.037,8.188,7.9,8.044,3043340.0
1780531200000,8.044,8.114,7.505,8.032,6066929.0
1780545600000,8.031,8.074,7.813,7.819,2247566.0
1780560000000,7.819,7.845,7.536,7.658,3896156.0
1780574400000,7.658,7.857,7.61,7.759,3300122.0
1780588800000,7.759,7.844,7.666,7.775,1945792.0
1780603200000,7.774,7.777,7.562,7.701,2671320.0
1780617600000,7.7,7.721,7.306,7.313,3705933.0
1780632000000,7.314,7.507,6.997,7.301,7961099.0
1780646400000,7.301,7.304,7.057,7.071,3881197.0
1780660800000,7.071,7.219,6.843,6.898,8517958.0
1780675200000,6.898,7.106,6.578,6.693,10931271.0
1780689600000,6.692,7.005,6.607,6.723,6861963.0
1780704000000,6.724,6.93,6.506,6.519,4424618.0
1780718400000,6.52,6.712,6.218,6.673,8985191.0
1780732800000,6.674,6.832,6.563,6.68,4051923.0
1780747200000,6.68,6.825,6.597,6.686,4315189.0
1780761600000,6.686,6.711,6.588,6.602,2131513.0
1780776000000,6.602,6.685,6.562,6.659,1830033.0
1780790400000,6.66,6.84,6.647,6.751,2686904.0
1780804800000,6.75,6.832,6.684,6.82,2920578.0
1780819200000,6.82,6.883,6.688,6.724,3029254.0
1780833600000,6.724,6.773,6.585,6.705,3437855.0
1780848000000,6.705,6.739,6.503,6.535,2715108.0
1780862400000,6.535,6.967,6.513,6.814,3976896.0
1780876800000,6.814,6.86,6.626,6.665,2774945.0
1780891200000,6.665,6.7,6.528,6.698,2157450.0
1780905600000,6.698,6.821,6.613,6.78,2485833.0
1780920000000,6.78,6.877,6.694,6.804,3720959.0
1780934400000,6.805,6.859,6.762,6.817,2296517.0
1780948800000,6.818,6.88,6.742,6.762,1981994.0
1780963200000,6.762,6.774,6.584,6.665,2980748.0
1780977600000,6.664,6.789,6.641,6.744,1862519.0
1780992000000,6.744,6.747,6.655,6.704,1497741.0
1781006400000,6.704,6.744,6.513,6.52,3681060.0
1781020800000,6.519,6.678,6.436,6.654,3393786.0
1781035200000,6.654,6.698,6.604,6.634,1432844.0
1781049600000,6.635,6.675,6.55,6.577,1648169.0
1781064000000,6.578,6.589,6.482,6.559,1628417.0
1781078400000,6.559,6.56,6.412,6.457,2934621.0
1781092800000,6.456,6.661,6.432,6.574,3684918.0
1781107200000,6.574,6.578,6.426,6.457,3307238.0
1781121600000,6.457,6.479,6.292,6.376,3105470.0
1781136000000,6.377,6.635,6.376,6.591,2546872.0
1781150400000,6.592,6.626,6.542,6.587,1754550.0
1781164800000,6.588,6.639,6.536,6.595,1708492.0
1781179200000,6.594,6.608,6.491,6.541,2604566.0
1781193600000,6.54,6.705,6.469,6.663,3450870.0
1781208000000,6.664,6.674,6.601,6.645,1377057.0
1781222400000,6.645,6.673,6.596,6.655,867713.0
1781236800000,6.655,6.687,6.523,6.565,1561852.0
1781251200000,6.566,6.663,6.561,6.632,1406179.0
1781265600000,6.633,6.695,6.514,6.546,3247044.0
1781280000000,6.546,6.648,6.515,6.582,1729092.0
1781294400000,6.582,6.603,6.533,6.567,884530.0
1781308800000,6.567,6.633,6.553,6.591,897692.0
1781323200000,6.592,6.685,6.562,6.662,1490275.0
1781337600000,6.662,6.679,6.625,6.67,932808.0
1781352000000,6.67,6.758,6.658,6.749,1738907.0
1781366400000,6.749,6.77,6.671,6.71,1564355.0
1781380800000,6.71,6.772,6.693,6.714,897286.0
1781395200000,6.715,6.73,6.681,6.715,927202.0
1781409600000,6.715,6.72,6.634,6.651,964021.0
1781424000000,6.652,6.678,6.618,6.641,892357.0
1781438400000,6.642,6.648,6.491,6.525,1954175.0
1781452800000,6.525,6.548,6.371,6.428,3006891.0
1781467200000,6.429,6.788,6.41,6.787,3866634.0
1781481600000,6.786,6.802,6.695,6.761,2229320.0
1781496000000,6.761,6.801,6.731,6.752,1460784.0
1781510400000,6.753,6.948,6.735,6.904,2975901.0
1781524800000,6.905,7.03,6.871,7.03,4440581.0
1781539200000,7.029,7.076,6.874,6.892,3073148.0
1781553600000,6.892,6.921,6.791,6.834,2342876.0
1781568000000,6.835,6.869,6.737,6.83,1984434.0
1781582400000,6.83,6.924,6.753,6.917,1660926.0
1781596800000,6.917,7.047,6.909,6.946,1929234.0
1781611200000,6.946,6.998,6.707,6.784,3545293.0
1781625600000,6.785,6.907,6.761,6.861,1832681.0
1781640000000,6.861,6.948,6.841,6.877,1490339.0
1781654400000,6.876,7.018,6.866,6.951,1797063.0
1781668800000,6.952,6.983,6.864,6.895,1626798.0
1781683200000,6.896,6.9,6.766,6.801,2033723.0
1781697600000,6.802,6.968,6.763,6.964,2519318.0
1781712000000,6.964,7.017,6.69,6.73,5425281.0
1781726400000,6.73,6.79,6.644,6.762,2577363.0
1781740800000,6.762,6.799,6.696,6.706,1235038.0
1781755200000,6.706,6.708,6.567,6.672,2371562.0
1781769600000,6.672,6.691,6.601,6.615,1367903.0
1781784000000,6.616,6.676,6.206,6.239,7421357.0
1781798400000,6.239,6.363,6.221,6.35,3549495.0
1781812800000,6.351,6.381,6.268,6.312,1857931.0
1781827200000,6.313,6.32,6.104,6.145,3736986.0
1781841600000,6.144,6.145,5.964,5.986,4943708.0
1781856000000,5.986,6.097,5.982,6.042,3088699.0
1781870400000,6.042,6.19,6.031,6.118,2967023.0
1781884800000,6.119,6.154,5.673,5.873,14725488.0
1781899200000,5.874,5.971,5.796,5.89,4294645.0
1781913600000,5.89,5.969,5.875,5.943,2555593.0
1781928000000,5.943,6.258,5.824,6.146,9467932.0
1781942400000,6.146,6.217,6.094,6.158,3035462.0
1781956800000,6.159,6.185,6.025,6.146,4230315.0
1781971200000,6.146,6.148,6.065,6.112,1630151.0
1781985600000,6.113,6.258,6.102,6.234,2423925.0
1782000000000,6.234,6.287,6.211,6.257,1887940.0
1782014400000,6.258,6.344,6.201,6.284,2017122.0
1782028800000,6.284,6.338,6.23,6.263,2351805.0
1782043200000,6.262,6.37,6.233,6.326,1803582.0
1782057600000,6.327,6.332,6.222,6.259,1596378.0
1782072000000,6.259,6.266,6.091,6.109,2512033.0
1782086400000,6.108,6.332,6.108,6.225,2415722.0
1782100800000,6.226,6.317,6.194,6.281,2605582.0
1782115200000,6.282,6.376,6.216,6.36,1997488.0
1782129600000,6.361,6.468,6.274,6.302,3286428.0
1782144000000,6.302,6.33,6.23,6.268,2041395.0
1782158400000,6.268,6.294,6.158,6.236,1473153.0
1782172800000,6.237,6.311,6.206,6.31,1421736.0
1782187200000,6.31,6.331,6.065,6.154,4101435.0
1782201600000,6.154,6.258,6.003,6.253,4179363.0
1782216000000,6.254,6.454,6.212,6.367,5055148.0
1782230400000,6.367,6.405,6.266,6.336,2940160.0
1782244800000,6.337,6.525,6.337,6.48,3416736.0
1782259200000,6.479,6.54,6.401,6.413,2479482.0
1782273600000,6.413,6.454,6.347,6.389,1848752.0
1782288000000,6.39,6.492,6.366,6.443,2008979.0
1782302400000,6.443,6.445,6.201,6.23,4769042.0
1782316800000,6.229,6.302,5.989,6.138,5263572.0
1782331200000,6.139,6.488,6.114,6.442,3389335.0
1782345600000,6.442,6.48,6.385,6.409,1648443.0
1782360000000,6.409,6.635,6.383,6.527,3291672.0
1782374400000,6.527,6.531,6.376,6.398,1876664.0
1782388800000,6.398,6.441,5.946,6.113,7302212.0
1782403200000,6.113,6.257,6.04,6.104,3709234.0
1782417600000,6.104,6.267,6.104,6.231,1771936.0
1782432000000,6.232,6.243,5.957,6.139,2731335.0
1782446400000,6.138,6.332,6.071,6.308,2812186.0
1782460800000,6.308,6.319,6.101,6.132,2161437.0
1782475200000,6.132,6.374,6.038,6.37,3962837.0
1782489600000,6.37,6.523,6.338,6.378,4031860.0
1782504000000,6.378,6.629,6.315,6.629,3176579.0
1782518400000,6.629,6.669,6.496,6.545,3081235.0
1782532800000,6.546,6.632,6.517,6.558,1747066.0
1782547200000,6.559,6.58,6.444,6.575,1595266.0
1782561600000,6.575,6.67,6.516,6.633,1978104.0
1782576000000,6.633,6.648,6.391,6.427,2005258.0
1782590400000,6.426,6.459,6.33,6.427,1564983.0
1782604800000,6.428,6.443,6.36,6.401,939012.0
1782619200000,6.402,6.406,6.296,6.336,1036423.0
1782633600000,6.336,6.393,6.303,6.352,1274982.0
1782648000000,6.352,6.354,6.279,6.322,1171998.0
1782662400000,6.323,6.366,6.266,6.33,1225036.0
1782676800000,6.329,6.485,6.291,6.443,2578217.0
1782691200000,6.443,6.66,6.359,6.613,2695744.0
1782705600000,6.614,6.646,6.493,6.546,2887283.0
1782720000000,6.547,6.626,6.495,6.57,1818009.0
1782734400000,6.57,6.708,6.443,6.655,3890958.0
1782748800000,6.655,6.818,6.622,6.72,3213717.0
1782763200000,6.72,6.733,6.656,6.674,1182529.0
1782777600000,6.675,6.677,6.608,6.625,1321567.0
1782792000000,6.626,6.636,6.564,6.574,1197403.0
1782806400000,6.574,6.651,6.519,6.529,1898887.0
1782820800000,6.529,6.53,6.381,6.495,3338354.0
1782835200000,6.496,6.596,6.462,6.571,1906995.0
1782849600000,6.571,6.59,6.502,6.534,1021569.0
1782864000000,6.534,6.725,6.421,6.703,2593702.0
1782878400000,6.703,6.72,6.6,6.648,1919114.0
1782892800000,6.648,6.693,6.611,6.654,1336500.0
1782907200000,6.655,6.745,6.556,6.726,2917365.0
1782921600000,6.726,6.756,6.663,6.69,1850475.0
1782936000000,6.69,6.81,6.657,6.662,1976761.0
1782950400000,6.662,6.725,6.607,6.71,1769184.0
1782964800000,6.71,6.728,6.657,6.666,1264370.0
1782979200000,6.666,6.812,6.66,6.778,2000665.0
1782993600000,6.777,6.877,6.733,6.771,3599970.0
1783008000000,6.772,6.785,6.713,6.74,1372170.0
1783022400000,6.74,6.82,6.717,6.798,1252348.0
1783036800000,6.798,6.877,6.779,6.847,1523599.0
1783051200000,6.846,6.876,6.806,6.835,1281629.0
1783065600000,6.835,6.912,6.823,6.897,2086774.0
1783080000000,6.897,6.921,6.801,6.825,2282206.0
1783094400000,6.825,6.937,6.786,6.912,1824937.0
1783108800000,6.911,7.041,6.907,6.944,1938023.0
1783123200000,6.943,6.967,6.859,6.929,1131137.0
1783137600000,6.929,6.946,6.836,6.862,1117896.0
1783152000000,6.862,6.872,6.812,6.851,1171446.0
1783166400000,6.851,7.007,6.851,6.985,1610225.0
1783180800000,6.984,7.112,6.937,7.008,2375812.0
1783195200000,7.008,7.023,6.91,6.962,1121886.0
1783209600000,6.962,6.967,6.775,6.801,2051042.0
1783224000000,6.801,6.824,6.745,6.811,1612869.0
1783238400000,6.812,6.891,6.769,6.876,1972809.0
1783252800000,6.877,6.947,6.85,6.926,1302586.0
1783267200000,6.926,6.974,6.898,6.915,1327389.0
1783281600000,6.915,7.006,6.877,6.922,1684390.0
1783296000000,6.922,6.949,6.844,6.915,1630406.0
1783310400000,6.914,6.963,6.826,6.927,1574839.0
1783324800000,6.928,6.938,6.811,6.814,1434605.0
1783339200000,6.813,6.921,6.706,6.916,4215774.0
1783353600000,6.915,6.992,6.893,6.958,2369070.0
1783368000000,6.959,7.088,6.903,6.927,2375576.0
1783382400000,6.928,6.948,6.777,6.8,1680951.0
1783396800000,6.8,6.814,6.691,6.761,2530787.0
1783411200000,6.761,6.798,6.732,6.79,1401606.0
1783425600000,6.79,6.819,6.644,6.765,3318790.0
1783440000000,6.766,6.806,6.688,6.753,1937599.0
1783454400000,6.754,6.768,6.655,6.686,1193996.0
1783468800000,6.687,6.695,6.345,6.388,4134294.0
1783483200000,6.387,6.455,6.361,6.442,1867740.0
1783497600000,6.443,6.451,6.311,6.437,2771076.0
1783512000000,6.437,6.473,6.341,6.377,2146432.0
1783526400000,6.378,6.479,6.375,6.452,1360105.0
1783540800000,6.453,6.472,6.411,6.471,738428.0
1783555200000,6.471,6.544,6.423,6.461,2007296.0
1783569600000,6.46,6.809,6.458,6.742,3721427.0
1783584000000,6.742,6.764,6.661,6.706,1735752.0
1783598400000,6.707,6.786,6.685,6.75,2025344.0
1783612800000,6.75,6.774,6.692,6.722,1405871.0
1783627200000,6.721,6.732,6.675,6.675,909900.0
1783641600000,6.676,6.813,6.661,6.776,1828419.0
1783656000000,6.777,6.833,6.738,6.749,1331325.0
1783670400000,6.75,6.812,6.733,6.747,1411690.0
1783684800000,6.747,6.783,6.648,6.74,2177155.0
1783699200000,6.74,6.77,6.703,6.739,1023712.0
1783713600000,6.739,6.764,6.727,6.735,468782.0
1783728000000,6.735,6.753,6.701,6.721,619081.0
1783742400000,6.72,6.735,6.692,6.705,531465.0
1783756800000,6.705,6.736,6.682,6.717,683789.0
1783771200000,6.716,6.788,6.713,6.748,1133908.0
1783785600000,6.747,6.781,6.724,6.748,863920.0
1783800000000,6.747,6.758,6.537,6.546,1974955.0
1783814400000,6.546,6.546,6.418,6.522,2526591.0
1783828800000,6.521,6.536,6.272,6.373,3984765.0
1783843200000,6.373,6.442,6.365,6.426,1429593.0
1783857600000,6.426,6.478,6.413,6.435,1319251.0
1783872000000,6.436,6.476,6.386,6.467,1414533.0
1783886400000,6.466,6.478,6.365,6.403,1420265.0
1783900800000,6.403,6.562,6.397,6.487,2761232.0
1783915200000,6.487,6.522,6.45,6.504,1826802.0
1783929600000,6.505,6.672,6.486,6.642,3654853.0
1783944000000,6.642,6.682,6.525,6.56,4032224.0
1783958400000,6.56,6.582,6.415,6.471,2409605.0
1783972800000,6.471,6.486,6.331,6.447,1633614.0
1783987200000,6.447,6.499,6.415,6.439,1165702.0
1784001600000,6.439,6.513,6.437,6.477,930930.0
1784016000000,6.478,6.533,6.433,6.433,1131790.0
1784030400000,6.434,6.71,6.416,6.653,4446126.0
1784044800000,6.653,6.685,6.6,6.672,1455375.0
1784059200000,6.672,6.709,6.621,6.709,1144679.0
1784073600000,6.71,6.755,6.603,6.652,1428186.0
1784088000000,6.653,6.73,6.606,6.617,1531936.0
1784102400000,6.618,6.686,6.608,6.664,1259907.0
1784116800000,6.665,6.771,6.653,6.724,3046043.0
1784131200000,6.725,6.745,6.644,6.691,1945125.0
1784145600000,6.692,6.732,6.669,6.698,897683.0
1784160000000,6.697,6.728,6.653,6.708,1029099.0
1784174400000,6.709,6.737,6.606,6.623,1292269.0
1784188800000,6.624,6.628,6.532,6.573,1841023.0
1784203200000,6.573,6.654,6.506,6.624,1895705.0
1784217600000,6.625,6.638,6.519,6.594,1538493.0
1784232000000,6.594,6.629,6.476,6.511,1306291.0
1784246400000,6.512,6.55,6.429,6.523,1788802.0
1784260800000,6.524,6.529,6.436,6.473,1276905.0
1784275200000,6.474,6.506,6.418,6.483,967994.0
1784289600000,6.484,6.513,6.365,6.477,2356585.0
1784304000000,6.478,6.648,6.459,6.571,2441935.0
1784318400000,6.57,6.586,6.536,6.585,702324.0
1784332800000,6.585,6.655,6.572,6.641,1044931.0
1784347200000,6.641,6.66,6.588,6.604,899755.0
1784361600000,6.605,6.617,6.522,6.54,996654.0
1784376000000,6.54,6.571,6.508,6.539,904963.0
1784390400000,6.538,6.597,6.521,6.568,880432.0
1784404800000,6.569,6.6,6.56,6.57,503664.0
1784419200000,6.571,6.634,6.568,6.583,764230.0
1784433600000,6.583,6.591,6.549,6.555,651454.0
1784448000000,6.554,6.565,6.472,6.481,1355933.0
1784462400000,6.481,6.481,6.402,6.45,1857308.0
1784476800000,6.45,6.492,6.385,6.433,1663334.0
1784491200000,6.434,6.485,6.403,6.462,1101612.0
1784505600000,6.462,6.65,6.438,6.596,3128295.0
1784520000000,6.596,6.598,6.44,6.542,1958796.0
1784534400000,6.542,6.633,6.487,6.627,1970941.0
1784548800000,6.627,6.631,6.473,6.608,2285057.0
1784563200000,6.607,6.625,6.541,6.562,1307066.0
1784577600000,6.563,6.621,6.547,6.577,826540.0
1784592000000,6.577,6.663,6.562,6.638,1271352.0
1784606400000,6.639,6.684,6.601,6.673,1479943.0
1784620800000,6.674,6.685,6.61,6.634,1169943.0
1784635200000,6.634,6.656,6.573,6.616,1606870.0
1784649600000,6.616,6.638,6.577,6.61,1101516.0
1784664000000,6.61,6.612,6.519,6.567,1424075.0
1784678400000,6.567,6.612,6.54,6.543,1129056.0
1784692800000,6.544,6.579,6.457,6.498,1551775.0
1784707200000,6.499,6.525,6.479,6.512,859948.0
1784721600000,6.511,6.652,6.483,6.636,1905670.0
1784736000000,6.635,6.654,6.564,6.593,1429397.0
1784750400000,6.594,6.662,6.572,6.623,1123317.0
1784764800000,6.622,6.652,6.518,6.525,1392518.0
1784779200000,6.525,6.583,6.515,6.556,1159351.0
1784793600000,6.556,6.609,6.546,6.582,830417.0
1784808000000,6.582,6.586,6.39,6.445,3647405.0
1784822400000,6.445,6.446,6.19,6.279,4286206.0
1784836800000,6.279,6.323,6.254,6.262,1149626.0
1784851200000,6.262,6.284,6.205,6.265,1792008.0
1784865600000,6.265,6.316,6.227,6.277,1460924.0
1784880000000,6.277,6.282,6.221,6.255,1318832.0
1784894400000,6.254,6.255,6.131,6.196,2410280.0
1784908800000,6.197,6.239,6.17,6.229,1051761.0
1784923200000,6.229,6.312,6.22,6.301,932505.0
1784937600000,6.301,6.314,6.234,6.243,1032770.0
1784952000000,6.242,6.279,6.235,6.242,752391.0
1784966400000,6.242,6.298,6.227,6.287,864472.0
1784980800000,6.287,6.598,6.279,6.576,5555723.0
1784995200000,6.576,6.733,6.569,6.71,4557377.0
1785009600000,6.71,6.844,6.673,6.776,3869000.0
1785024000000,6.776,6.814,6.731,6.764,2094256.0
1785038400000,6.764,6.831,6.737,6.781,2175474.0
1785052800000,6.781,6.785,6.691,6.698,1505988.0
1785067200000,6.698,6.719,6.641,6.69,1789380.0
1785081600000,6.69,6.722,6.659,6.666,799274.0
1785096000000,6.666,6.753,6.662,6.742,1336702.0
1785110400000,6.743,6.743,6.672,6.687,1078367.0
1785124800000,6.687,6.743,6.663,6.678,1190190.0
1785139200000,6.678,6.682,6.585,6.664,1919208.0
1785153600000,6.664,6.694,6.475,6.539,3416344.0
1785168000000,6.54,6.63,6.528,6.61,1527092.0
1785182400000,6.611,6.619,6.37,6.402,2678557.0
1785196800000,6.402,6.448,6.353,6.429,1904893.0
1785211200000,6.429,6.466,6.398,6.443,811136.0
1785225600000,6.443,6.481,6.416,6.456,760336.0
1785240000000,6.456,6.589,6.367,6.57,2215060.0
1785254400000,6.57,6.605,6.497,6.591,1148363.0
1785268800000,6.591,6.626,6.519,6.574,1165823.0
1785283200000,6.574,6.638,6.405,6.407,1570408.0
1785297600000,6.408,6.451,6.304,6.425,1889640.0
1785312000000,6.425,6.43,6.371,6.412,1064519.0
1785326400000,6.411,6.413,6.352,6.378,1353742.0
1785340800000,6.378,6.494,6.329,6.358,2069460.0
1785355200000,6.358,6.434,6.306,6.428,1282032.0
1785369600000,6.427,6.525,6.387,6.483,1293869.0
1785384000000,6.482,6.487,6.415,6.418,680404.0
1785398400000,6.418,6.504,6.413,6.49,756483.0
1785412800000,6.491,6.509,6.415,6.452,1470400.0
1785427200000,6.453,6.497,6.445,6.47,783788.0
1785441600000,6.47,6.488,6.429,6.43,775803.0
1785456000000,6.43,6.542,6.389,6.449,1634990.0
1785470400000,6.449,6.478,6.385,6.451,1065097.0
1785484800000,6.452,6.522,6.398,6.46,1186663.0
1785499200000,6.459,6.501,6.325,6.4,2836361.0
1785513600000,6.401,6.475,6.399,6.418,1089474.0
1785528000000,6.419,6.45,6.376,6.383,650460.0
1785542400000,6.384,6.421,6.378,6.406,553209.0
1785556800000,6.405,6.45,6.368,6.374,701934.0
1785571200000,6.374,6.38,6.317,6.328,1032599.0
1785585600000,6.329,6.375,6.321,6.369,633070.0
1785600000000,6.369,6.385,6.033,6.125,4899141.0
1785614400000,6.125,6.206,6.101,6.185,1164703.0
1785628800000,6.185,6.344,6.178,6.318,1927084.0
1785643200000,6.318,6.686,6.318,6.608,4971903.0
1785657600000,6.608,6.654,6.549,6.595,2297471.0
1785672000000,6.595,6.612,6.554,6.594,1305785.0
1785686400000,6.595,6.674,6.562,6.599,1476887.0
1785700800000,6.6,6.669,6.526,6.55,1443840.0
1785715200000,6.551,6.561,6.379,6.422,1908729.0
1785729600000,6.422,6.448,6.376,6.397,1137134.0
1785744000000,6.397,6.459,6.364,6.439,1054757.0
1785758400000,6.438,6.548,6.418,6.511,1684947.0
1785772800000,6.511,6.596,6.51,6.574,1239023.0
1785787200000,6.574,6.589,6.544,6.572,809776.0
1785801600000,6.572,6.986,6.558,6.865,5784577.0
1785816000000,6.865,6.914,6.765,6.832,2039904.0
1785830400000,6.832,6.849,6.758,6.816,1291525.0
1785844800000,6.817,6.837,6.678,6.756,2177850.0
1785859200000,6.756,6.758,6.695,6.729,891536.0
1785873600000,6.729,6.736,6.632,6.685,1348070.0
1785888000000,6.684,6.705,6.587,6.622,1965114.0
1785902400000,6.622,6.72,6.621,6.68,1087050.0
1785916800000,6.679,6.702,6.651,6.657,899165.0
1785931200000,6.657,6.719,6.524,6.643,2917753.0
1785945600000,6.642,6.698,6.639,6.661,1054964.0
1785960000000,6.66,6.701,6.637,6.657,807733.0
1785974400000,6.657,6.676,6.607,6.663,1089241.0
1785988800000,6.664,6.699,6.646,6.683,899338.0
1786003200000,6.682,6.689,6.338,6.436,5433599.0
1786017600000,6.436,6.474,6.391,6.466,2023987.0
1786032000000,6.466,6.504,6.434,6.445,1560841.0
1786046400000,6.445,6.473,6.406,6.437,934772.0
1786060800000,6.436,6.444,6.387,6.403,1277011.0
1786075200000,6.402,6.431,6.366,6.41,974809.0
1786089600000,6.41,6.476,6.404,6.46,1297367.0
1786104000000,6.461,6.527,6.402,6.436,1599954.0
1786118400000,6.437,6.459,6.355,6.44,1218304.0
1786132800000,6.44,6.477,6.417,6.428,544861.0
1786147200000,6.428,6.592,6.415,6.523,1547111.0
1786161600000,6.524,6.549,6.502,6.516,687525.0
1786176000000,6.517,6.579,6.503,6.548,862371.0
1786190400000,6.548,6.565,6.512,6.54,705061.0
1786204800000,6.54,6.556,6.516,6.521,508602.0
1786219200000,6.521,6.528,6.455,6.475,931585.0
1786233600000,6.475,6.489,6.435,6.456,628150.0
1786248000000,6.455,6.494,6.428,6.478,627064.0
1786262400000,6.478,6.499,6.458,6.471,490825.0
1786276800000,6.471,6.553,6.455,6.546,822106.0
1786291200000,6.547,6.589,6.527,6.562,1078162.0
1786305600000,6.561,6.586,6.358,6.415,1782068.0
1786320000000,6.416,6.537,6.369,6.481,1409387.0
1786334400000,6.481,6.573,6.478,6.533,998231.0
1786348800000,6.533,6.547,6.492,6.546,822503.0
1786363200000,6.547,6.58,6.467,6.484,1759255.0
1786377600000,6.484,6.498,6.413,6.469,1775054.0
1786392000000,6.47,6.471,6.406,6.432,655832.0
1786406400000,6.431,6.556,6.428,6.538,1124968.0
1786420800000,6.538,6.547,6.466,6.481,873662.0
1786435200000,6.48,6.523,6.454,6.503,1109157.0
1786449600000,6.504,6.513,6.102,6.21,5961475.0
1786464000000,6.21,6.274,6.184,6.272,1855124.0
1786478400000,6.272,6.33,6.27,6.317,1217788.0
1786492800000,6.318,6.322,6.256,6.282,1287101.0
1786507200000,6.282,6.313,6.206,6.232,1360241.0
1786521600000,6.233,6.311,6.212,6.305,1423223.0
1786536000000,6.305,6.55,6.272,6.372,5640414.0
1786550400000,6.373,6.397,6.312,6.353,1838154.0
1786564800000,6.352,6.422,6.291,6.316,1592461.0
1786579200000,6.315,6.523,6.312,6.508,1941083.0
1786593600000,6.508,6.549,6.483,6.516,2066759.0
1786608000000,6.516,6.533,6.472,6.502,1513045.0
1786622400000,6.501,6.548,6.406,6.408,2258701.0
1786636800000,6.408,6.438,6.356,6.421,1479824.0
1786651200000,6.421,6.454,6.403,6.453,535021.0
1786665600000,6.453,6.485,6.401,6.414,1211816.0
1786680000000,6.413,6.434,6.366,6.374,819484.0
1786694400000,6.375,6.404,6.344,6.356,799541.0
1786708800000,6.357,6.449,6.344,6.435,1198612.0
1786723200000,6.435,6.492,6.395,6.428,1405107.0
1786737600000,6.429,6.49,6.383,6.474,756219.0
1786752000000,6.474,6.879,6.471,6.769,5687407.0
1786766400000,6.769,6.791,6.594,6.617,2660819.0
1786780800000,6.617,6.628,6.56,6.568,1481695.0
1786795200000,6.569,6.595,6.532,6.558,979115.0
1786809600000,6.559,6.562,6.474,6.501,1424385.0
1786824000000,6.502,6.507,6.296,6.328,3150707.0
1786838400000,6.328,6.367,6.216,6.348,2802042.0
1786852800000,6.349,6.353,6.316,6.332,783198.0
1786867200000,6.332,6.383,6.321,6.355,1021358.0
1786881600000,6.356,6.433,6.35,6.427,1072295.0
1786896000000,6.427,6.435,6.332,6.341,1275253.0
1786910400000,6.341,6.347,6.271,6.326,1276274.0
1786924800000,6.326,6.383,6.288,6.362,1400809.0
1786939200000,6.363,6.4,6.336,6.359,965148.0
1786953600000,6.36,6.363,6.304,6.324,1426015.0
1786968000000,6.324,6.343,6.289,6.323,1923923.0
1786982400000,6.324,6.353,6.293,6.337,1457831.0
1786996800000,6.337,6.367,6.31,6.347,1073370.0
1787011200000,6.346,6.451,6.231,6.273,2966362.0
1787025600000,6.273,6.367,6.266,6.31,1240031.0
1787040000000,6.31,6.345,6.293,6.329,1024566.0
1787054400000,6.328,6.396,6.307,6.371,1463450.0
1787068800000,6.372,6.377,6.317,6.345,953198.0
1787083200000,6.344,6.353,6.3,6.331,780796.0
1787097600000,6.332,6.371,6.314,6.36,905762.0
1787112000000,6.361,6.37,6.333,6.347,781056.0
1787126400000,6.347,6.39,6.302,6.309,1543180.0
1787140800000,6.309,6.732,6.278,6.558,7334280.0
1787155200000,6.558,6.642,6.493,6.585,3538597.0
1787169600000,6.585,6.886,6.585,6.778,7340921.0
1787184000000,6.778,6.824,6.692,6.754,1980230.0
1787198400000,6.753,6.831,6.728,6.809,1537513.0
1787212800000,6.808,6.966,6.797,6.891,3912419.0
1787227200000,6.891,7.138,6.726,7.056,7454787.0
1787241600000,7.057,7.324,7.048,7.145,6852840.0
1787256000000,7.145,7.312,7.122,7.293,2585209.0
1787270400000,7.293,7.36,7.218,7.305,4070505.0
1787284800000,7.305,7.497,7.266,7.476,4455471.0
1787299200000,7.477,7.7,7.364,7.493,7520722.0
1787313600000,7.494,7.68,7.452,7.623,5152581.0
1787328000000,7.624,7.706,7.455,7.543,3948284.0
1787342400000,7.544,7.899,7.519,7.841,3795900.0
1787356800000,7.841,8.127,7.776,8.082,4797994.0
1787371200000,8.083,8.331,6.962,7.614,10552323.0
1787385600000,7.614,7.662,7.351,7.53,4421007.0
1787400000000,7.529,7.598,7.428,7.453,2259254.0
1787414400000,7.452,7.633,7.45,7.568,1725031.0
1787428800000,7.567,7.603,7.415,7.495,1721053.0
1787443200000,7.494,7.585,7.375,7.407,1914272.0
1787457600000,7.407,7.445,7.274,7.374,2544680.0
1787472000000,7.373,7.532,7.368,7.529,1541305.0
1787486400000,7.529,7.661,7.421,7.558,2928230.0
1787500800000,7.558,7.604,7.528,7.545,1358953.0
1787515200000,7.546,7.678,7.512,7.61,1641608.0
1787529600000,7.609,7.61,7.39,7.453,2477403.0
1787544000000,7.452,7.542,7.432,7.457,1869098.0
1787558400000,7.458,7.583,7.404,7.545,2029004.0
1787572800000,7.545,7.647,7.44,7.536,3936174.0
1787587200000,7.537,7.645,7.483,7.527,2680942.0
1787601600000,7.528,7.586,7.494,7.543,902171.0
1787616000000,7.543,7.733,7.508,7.623,2429782.0
1787630400000,7.623,7.704,7.467,7.524,2018610.0
1787644800000,7.524,7.579,7.487,7.519,1494042.0
1787659200000,7.519,7.537,7.32,7.504,3423188.0
1787673600000,7.505,7.536,7.429,7.456,1206106.0
1787688000000,7.456,7.459,7.225,7.323,2298759.0
1787702400000,7.323,7.417,7.29,7.364,1018932.0
1787716800000,7.364,7.416,7.302,7.388,1228346.0
1787731200000,7.388,7.412,7.276,7.336,1425772.0
1787745600000,7.336,7.388,7.148,7.226,3087441.0
1787760000000,7.225,7.291,7.188,7.249,1195072.0
1787774400000,7.249,7.457,7.198,7.439,1553161.0
1787788800000,7.439,7.442,7.321,7.345,1025894.0
1787803200000,7.345,7.383,7.289,7.374,811852.0
1787817600000,7.374,7.515,7.347,7.389,2409145.0
1787832000000,7.389,7.575,7.377,7.516,4079607.0
1787846400000,7.515,7.579,7.453,7.479,2169082.0
1787860800000,7.479,7.54,7.466,7.523,897790.0
1787875200000,7.522,7.594,7.391,7.436,2358232.0
1787889600000,7.437,7.5,7.394,7.395,1286050.0
1787904000000,7.396,7.445,7.314,7.423,1656443.0
1787918400000,7.422,7.469,7.267,7.327,2664982.0
1787932800000,7.326,7.336,7.2,7.266,2605163.0
1787947200000,7.265,7.317,7.244,7.305,795358.0
1787961600000,7.304,7.327,7.253,7.256,715984.0
1787976000000,7.257,7.312,7.253,7.266,557833.0
1787990400000,7.266,7.28,7.219,7.257,714978.0
1788004800000,7.257,7.367,7.253,7.327,947679.0
1788019200000,7.328,7.339,7.268,7.316,801640.0
1788033600000,7.316,7.335,7.298,7.326,462501.0
1788048000000,7.327,7.344,7.245,7.289,793468.0
1788062400000,7.289,7.347,7.261,7.321,534401.0
1788076800000,7.321,7.391,7.304,7.379,927182.0
1788091200000,7.38,7.433,7.371,7.408,1133958.0
1788105600000,7.407,7.468,7.372,7.408,1545396.0
1788120000000,7.407,7.429,7.0,7.109,4507352.0
1788134400000,7.108,7.177,7.075,7.137,1743218.0
1788148800000,7.138,7.24,7.12,7.214,1158563.0
1788163200000,7.214,7.244,7.176,7.193,1273425.0
1788177600000,7.194,7.233,7.126,7.198,1993644.0
1788192000000,7.198,7.263,7.17,7.209,1166006.0
1788206400000,7.209,7.248,7.197,7.229,699903.0
1788220800000,7.229,7.295,7.22,7.273,1080149.0
1788235200000,7.274,7.333,7.256,7.312,1009121.0
1788249600000,7.313,7.319,7.194,7.278,1565887.0
1788264000000,7.278,7.359,7.208,7.301,1949473.0
1788278400000,7.302,7.308,7.137,7.228,2736455.0
1788292800000,7.229,7.241,7.163,7.214,1096964.0
1788307200000,7.215,7.243,7.105,7.198,1375725.0
1788321600000,7.199,7.254,7.18,7.205,870025.0
1788336000000,7.206,7.22,7.035,7.114,2433191.0
1788350400000,7.114,7.2,7.087,7.145,1755951.0
1788364800000,7.146,7.183,7.097,7.163,1322615.0
1788379200000,7.163,7.197,7.133,7.19,1026685.0
1788393600000,7.19,7.28,7.128,7.275,1791220.0
1788408000000,7.276,7.347,7.21,7.257,2216354.0
1788422400000,7.258,7.299,7.227,7.277,1321523.0
1788436800000,7.278,7.519,7.271,7.51,3662211.0
1788451200000,7.511,7.568,7.466,7.536,2671100.0
1788465600000,7.536,7.579,7.472,7.517,1648160.0
1788480000000,7.517,7.531,7.472,7.494,1320821.0
1788494400000,7.494,7.522,7.42,7.473,1477061.0
1788508800000,7.473,7.537,7.466,7.491,1471388.0
1788523200000,7.492,7.504,7.256,7.363,4259705.0
1788537600000,7.362,7.399,7.351,7.384,212286.0
