timestamp,open,high,low,close,volume
1741204800000,0.9907,0.9984,0.9711,0.9736,221237640.0
1741219200000,0.9736,0.988,0.9481,0.9582,331541717.0
1741233600000,0.9582,0.9677,0.9331,0.9382,272827470.0
1741248000000,0.9382,0.9699,0.9365,0.9515,284806636.0
1741262400000,0.9516,0.9519,0.9012,0.9317,482469747.0
1741276800000,0.9318,0.936,0.8852,0.902,357564671.0
1741291200000,0.9021,0.9279,0.8989,0.9058,203707277.0
1741305600000,0.9058,0.9199,0.8153,0.8522,936420024.0
1741320000000,0.8521,0.8814,0.8504,0.8749,198215614.0
1741334400000,0.8747,0.8894,0.8641,0.8789,340321102.0
1741348800000,0.8788,0.8974,0.8435,0.8574,515649277.0
1741363200000,0.8574,0.8662,0.8056,0.8523,645672934.0
1741377600000,0.8522,0.8641,0.805,0.8174,483419782.0
1741392000000,0.8174,0.8386,0.811,0.8217,229979499.0
1741406400000,0.8217,0.8315,0.8139,0.8237,153269529.0
1741420800000,0.8237,0.8258,0.7924,0.8001,215144144.0
1741435200000,0.8001,0.8248,0.7977,0.8162,218079763.0
1741449600000,0.8161,0.8227,0.7927,0.8197,194202928.0
1741464000000,0.8196,0.8211,0.8002,0.8045,109452364.0
1741478400000,0.8046,0.8166,0.7931,0.8006,146579530.0
1741492800000,0.8007,0.8173,0.7972,0.8139,214519024.0
1741507200000,0.8139,0.8152,0.7705,0.78,272073623.0
1741521600000,0.7801,0.7804,0.7503,0.7557,306063033.0
1741536000000,0.7557,0.761,0.7104,0.7306,456124966.0
1741550400000,0.7307,0.7411,0.7083,0.7208,238841515.0
1741564800000,0.7207,0.7522,0.7017,0.7404,367987384.0
1741579200000,0.7405,0.7496,0.7355,0.7455,154769417.0
1741593600000,0.7455,0.7781,0.7293,0.7564,376228142.0
1741608000000,0.7563,0.7624,0.6847,0.7005,513360854.0
1741622400000,0.7006,0.7041,0.6578,0.6883,436580744.0
1741636800000,0.6884,0.693,0.6683,0.6707,161734590.0
1741651200000,0.6707,0.7044,0.6461,0.7006,410912313.0
1741665600000,0.7005,0.7329,0.6979,0.7192,307088990.0
1741680000000,0.7193,0.7378,0.7161,0.7307,263094027.0
1741694400000,0.7306,0.735,0.6968,0.726,523994250.0
1741708800000,0.726,0.7446,0.707,0.7313,250488619.0
1741723200000,0.7313,0.7339,0.7187,0.7233,99933763.0
1741737600000,0.7234,0.7465,0.7154,0.7163,199822255.0
1741752000000,0.7163,0.7365,0.7105,0.7339,152775966.0
1741766400000,0.734,0.7504,0.7272,0.7418,205525676.0
1741780800000,0.7418,0.7689,0.7121,0.729,445873733.0
1741795200000,0.7289,0.7351,0.7167,0.7291,173557595.0
1741809600000,0.729,0.7364,0.7245,0.7354,119385901.0
1741824000000,0.7353,0.7396,0.7232,0.7266,146505246.0
1741838400000,0.7266,0.729,0.7135,0.7169,120816634.0
1741852800000,0.7169,0.7332,0.7081,0.7276,186326316.0
1741867200000,0.7277,0.7417,0.7019,0.7059,293786507.0
1741881600000,0.7058,0.7097,0.6952,0.6975,253420546.0
1741896000000,0.6975,0.7096,0.6902,0.7023,107821278.0
1741910400000,0.7023,0.7101,0.696,0.7054,128673182.0
1741924800000,0.7054,0.7171,0.7045,0.7109,106822780.0
1741939200000,0.711,0.7236,0.7089,0.7184,100373893.0
1741953600000,0.7183,0.7509,0.7139,0.7395,247121776.0
1741968000000,0.7395,0.7453,0.7317,0.7363,124072343.0
1741982400000,0.7362,0.7466,0.728,0.737,117813635.0
1741996800000,0.737,0.7538,0.7343,0.7485,81394423.0
1742011200000,0.7485,0.7571,0.731,0.7334,102482987.0
1742025600000,0.7334,0.7435,0.7304,0.7428,101809949.0
1742040000000,0.7429,0.753,0.7419,0.749,110249309.0
1742054400000,0.7491,0.7557,0.7433,0.7481,77025716.0
1742068800000,0.7481,0.7592,0.746,0.7461,68870579.0
1742083200000,0.7461,0.7468,0.7326,0.7419,93646953.0
1742097600000,0.7419,0.7445,0.7346,0.7386,58456011.0
1742112000000,0.7386,0.7402,0.7035,0.7051,196138268.0
1742126400000,0.7052,0.7119,0.6962,0.7037,206831512.0
1742140800000,0.7037,0.7161,0.6917,0.6984,197961507.0
1742155200000,0.6984,0.7076,0.6946,0.7042,104815788.0
1742169600000,0.7043,0.7193,0.7035,0.7151,93341408.0
1742184000000,0.7151,0.7231,0.702,0.7205,117608546.0
1742198400000,0.7205,0.7292,0.7175,0.7232,106190740.0
1742212800000,0.7232,0.7293,0.7128,0.724,180889322.0
1742227200000,0.7239,0.7298,0.7166,0.7252,90121306.0
1742241600000,0.7252,0.726,0.7142,0.7169,60779614.0
1742256000000,0.717,0.7182,0.7018,0.7043,102966195.0
1742270400000,0.7043,0.7101,0.6982,0.7083,86830290.0
1742284800000,0.7082,0.7123,0.7004,0.7011,68957008.0
1742299200000,0.7011,0.7038,0.6808,0.6865,222499405.0
1742313600000,0.6866,0.6975,0.6812,0.6954,97238376.0
1742328000000,0.6953,0.7052,0.6902,0.701,62490320.0
1742342400000,0.701,0.7124,0.6997,0.7117,88963079.0
1742356800000,0.7117,0.7123,0.7058,0.708,66831666.0
1742371200000,0.708,0.7267,0.7078,0.7233,120664423.0
1742385600000,0.7233,0.7455,0.7156,0.7404,288158693.0
1742400000000,0.7403,0.743,0.7184,0.7308,232773310.0
1742414400000,0.7309,0.7466,0.7257,0.7433,86589084.0
1742428800000,0.7433,0.7469,0.7265,0.7304,90326385.0
1742443200000,0.7304,0.7321,0.724,0.7301,73979909.0
1742457600000,0.7301,0.7362,0.7193,0.7275,101449528.0
1742472000000,0.7275,0.755,0.7237,0.7253,275450480.0
1742486400000,0.7252,0.7306,0.7115,0.7188,120832586.0
1742500800000,0.7188,0.7241,0.7125,0.7174,52485523.0
1742515200000,0.7174,0.7274,0.7145,0.7167,84896528.0
1742529600000,0.7168,0.7218,0.7102,0.7136,59104453.0
1742544000000,0.7136,0.7157,0.7002,0.7069,93384170.0
1742558400000,0.7069,0.7131,0.7005,0.7032,101790165.0
1742572800000,0.7031,0.7175,0.7,0.7102,84482089.0
1742587200000,0.7102,0.7161,0.7027,0.7044,51671965.0
1742601600000,0.7044,0.7112,0.703,0.7088,47521586.0
1742616000000,0.7088,0.7149,0.7076,0.7108,34544728.0
1742630400000,0.7107,0.7157,0.7091,0.711,43109226.0
1742644800000,0.711,0.7112,0.6988,0.7027,78220040.0
1742659200000,0.7027,0.7091,0.7004,0.7068,61070628.0
1742673600000,0.7068,0.7081,0.6964,0.7009,62874189.0
1742688000000,0.7009,0.7126,0.7001,0.7117,65060082.0
1742702400000,0.7117,0.715,0.7083,0.7125,48214296.0
1742716800000,0.7125,0.7158,0.7082,0.7112,62233065.0
1742731200000,0.7112,0.7134,0.7055,0.7084,58762510.0
1742745600000,0.7085,0.7116,0.691,0.6986,113618420.0
1742760000000,0.6986,0.7104,0.6973,0.7103,67218421.0
1742774400000,0.7104,0.7206,0.7051,0.719,118959426.0
1742788800000,0.719,0.7287,0.719,0.722,112433848.0
1742803200000,0.7219,0.7343,0.7219,0.7315,84104209.0
1742817600000,0.7314,0.7418,0.7246,0.7324,145980174.0
1742832000000,0.7324,0.7413,0.7254,0.7361,94133649.0
1742846400000,0.7361,0.745,0.7246,0.7317,105042882.0
1742860800000,0.7317,0.7379,0.7211,0.7229,98457819.0
1742875200000,0.7228,0.7489,0.7205,0.7345,143327994.0
1742889600000,0.7346,0.7629,0.7345,0.7568,163308024.0
1742904000000,0.7568,0.7681,0.7469,0.7561,231111395.0
1742918400000,0.7561,0.7602,0.7443,0.7487,116032349.0
1742932800000,0.7486,0.7518,0.7389,0.7441,83266598.0
1742947200000,0.7441,0.7545,0.7379,0.7416,100446855.0
1742961600000,0.7416,0.7698,0.7403,0.7677,102770139.0
1742976000000,0.7677,0.7741,0.7632,0.7685,127184370.0
1742990400000,0.7685,0.7714,0.7356,0.7396,218374027.0
1743004800000,0.7396,0.7429,0.7191,0.7267,134372024.0
1743019200000,0.7266,0.734,0.7203,0.7282,92280920.0
1743033600000,0.7283,0.744,0.7255,0.7419,80130652.0
1743048000000,0.742,0.7422,0.7336,0.7378,63136176.0
1743062400000,0.7377,0.743,0.7301,0.7316,93343700.0
1743076800000,0.7316,0.7413,0.7202,0.7332,145100075.0
1743091200000,0.7332,0.7388,0.729,0.7342,65206696.0
1743105600000,0.7342,0.743,0.7321,0.7379,50713406.0
1743120000000,0.7379,0.7464,0.7282,0.7314,89136443.0
1743134400000,0.7314,0.7319,0.6997,0.7011,190200175.0
1743148800000,0.701,0.705,0.6934,0.7034,148348313.0
1743163200000,0.7034,0.7076,0.6943,0.6985,145930765.0
1743177600000,0.6984,0.7011,0.6885,0.6956,97330689.0
1743192000000,0.6956,0.7086,0.6953,0.7057,77522666.0
1743206400000,0.7057,0.7117,0.6894,0.7013,97290357.0
1743220800000,0.7012,0.7031,0.6769,0.6829,115057887.0
1743235200000,0.683,0.6873,0.6602,0.6663,164814898.0
1743249600000,0.6664,0.6771,0.6646,0.6709,94815901.0
1743264000000,0.6709,0.674,0.6582,0.6728,130628409.0
1743278400000,0.6728,0.6744,0.6646,0.6726,52864820.0
1743292800000,0.6727,0.6844,0.667,0.6777,75597125.0
1743307200000,0.6778,0.6845,0.6773,0.6808,56240480.0
1743321600000,0.6808,0.687,0.6732,0.6753,71357353.0
1743336000000,0.6753,0.6771,0.6654,0.6692,94502803.0
1743350400000,0.6692,0.6749,0.6555,0.6672,136567901.0
1743364800000,0.6671,0.6705,0.6505,0.6607,123367686.0
1743379200000,0.6607,0.6619,0.6461,0.6492,122362192.0
1743393600000,0.6492,0.6613,0.6408,0.6453,122648757.0
1743408000000,0.6452,0.6512,0.6292,0.6437,184813858.0
1743422400000,0.6436,0.6625,0.6343,0.6563,195449249.0
1743436800000,0.6562,0.6654,0.6496,0.6551,143341991.0
1743451200000,0.6552,0.6641,0.654,0.6613,65456392.0
1743465600000,0.6614,0.6725,0.6571,0.6678,94492485.0
1743480000000,0.6678,0.6757,0.6657,0.6688,97762174.0
1743494400000,0.6687,0.684,0.668,0.6731,140649174.0
1743508800000,0.6731,0.6943,0.6666,0.6912,201001200.0
1743523200000,0.6913,0.6935,0.675,0.6778,91210699.0
1743537600000,0.6777,0.6837,0.6726,0.6769,64039195.0
1743552000000,0.6768,0.6772,0.664,0.6726,84929444.0
1743566400000,0.6726,0.6765,0.6628,0.6715,77337981.0
1743580800000,0.6715,0.6841,0.6677,0.6764,87334001.0
1743595200000,0.6765,0.6985,0.6743,0.6919,203891872.0
1743609600000,0.6919,0.6964,0.6808,0.6893,92546064.0
1743624000000,0.6893,0.7099,0.6342,0.6395,338455466.0
1743638400000,0.6395,0.6571,0.6352,0.6514,114699065.0
1743652800000,0.6514,0.6565,0.6435,0.6488,76561437.0
1743667200000,0.6488,0.6538,0.6374,0.6425,98165101.0
1743681600000,0.6426,0.6438,0.6124,0.6279,257054077.0
1743696000000,0.628,0.643,0.6251,0.6378,97805896.0
1743710400000,0.6379,0.6525,0.637,0.6504,71950800.0
1743724800000,0.6504,0.6532,0.642,0.6514,72831055.0
1743739200000,0.6514,0.6631,0.6453,0.6624,90491538.0
1743753600000,0.6624,0.6661,0.6272,0.6356,177754748.0
1743768000000,0.6356,0.6713,0.629,0.6566,312562194.0
1743782400000,0.6566,0.6664,0.6503,0.6605,119119441.0
1743796800000,0.6605,0.6684,0.6558,0.6601,66048802.0
1743811200000,0.6601,0.6673,0.6572,0.6573,46964117.0
1743825600000,0.6573,0.6599,0.6525,0.6564,42504066.0
1743840000000,0.6563,0.6643,0.6541,0.6608,58130167.0
1743854400000,0.6609,0.6624,0.6443,0.6474,105182673.0
1743868800000,0.6474,0.6533,0.6453,0.6463,45611756.0
1743883200000,0.6464,0.656,0.6447,0.6544,44792472.0
1743897600000,0.6544,0.655,0.6437,0.6465,38407805.0
1743912000000,0.6465,0.6484,0.6369,0.6379,60871254.0
1743926400000,0.638,0.6415,0.6349,0.6379,57591570.0
1743940800000,0.6379,0.6387,0.618,0.6268,155825442.0
1743955200000,0.6268,0.6278,0.5818,0.5887,289995853.0
1743969600000,0.5886,0.5907,0.5593,0.5731,306157147.0
1743984000000,0.5732,0.5859,0.5475,0.5566,238069379.0
1743998400000,0.5566,0.5644,0.5108,0.52,464318148.0
1744012800000,0.5199,0.5599,0.5184,0.5422,302261462.0
1744027200000,0.5422,0.6053,0.5354,0.5737,734653245.0
1744041600000,0.5737,0.5843,0.559,0.5767,226054312.0
1744056000000,0.5767,0.5947,0.5765,0.586,119841780.0
1744070400000,0.586,0.6046,0.5794,0.593,121884343.0
1744084800000,0.5929,0.5989,0.5798,0.5846,120866224.0
1744099200000,0.5847,0.6072,0.5769,0.6054,144412370.0
1744113600000,0.6053,0.62,0.59,0.5924,392511335.0
1744128000000,0.5923,0.5939,0.557,0.5599,445767096.0
1744142400000,0.5599,0.567,0.5525,0.558,124154049.0
1744156800000,0.558,0.5645,0.5364,0.5481,305541136.0
1744171200000,0.5481,0.5779,0.5476,0.5751,267092140.0
1744185600000,0.5752,0.5774,0.5549,0.5588,162015025.0
1744200000000,0.5588,0.5756,0.5543,0.5697,187540406.0
1744214400000,0.5698,0.644,0.5686,0.6321,511571095.0
1744228800000,0.6322,0.6459,0.6254,0.6314,152393198.0
1744243200000,0.6314,0.6335,0.606,0.6144,139576259.0
1744257600000,0.6145,0.6271,0.6077,0.6198,112346124.0
1744272000000,0.6198,0.6332,0.6152,0.6203,128865139.0
1744286400000,0.6203,0.6315,0.5862,0.5894,242539200.0
1744300800000,0.5894,0.6015,0.5852,0.5981,156255810.0
1744315200000,0.5981,0.6113,0.5976,0.6091,83010489.0
1744329600000,0.609,0.6264,0.6052,0.6231,101276636.0
1744344000000,0.6231,0.6364,0.6208,0.6273,102708118.0
1744358400000,0.6274,0.6448,0.6211,0.6229,198825846.0
1744372800000,0.623,0.632,0.6147,0.6211,148484390.0
1744387200000,0.6211,0.633,0.6165,0.6276,104063018.0
1744401600000,0.6275,0.6337,0.6218,0.6235,50535264.0
1744416000000,0.6235,0.6251,0.6166,0.6215,50294700.0
1744430400000,0.6215,0.6358,0.6213,0.6326,79406228.0
1744444800000,0.6326,0.641,0.6292,0.6365,97426792.0
1744459200000,0.6365,0.6671,0.6351,0.6597,193227719.0
1744473600000,0.6597,0.6639,0.6467,0.6543,102681271.0
1744488000000,0.6543,0.665,0.6534,0.6593,68337985.0
1744502400000,0.6593,0.6631,0.6468,0.6506,82582374.0
1744516800000,0.6507,0.6508,0.6408,0.6435,65615224.0
1744531200000,0.6435,0.6683,0.6403,0.6514,136400173.0
1744545600000,0.6513,0.6547,0.6367,0.6436,91132740.0
1744560000000,0.6437,0.6619,0.6318,0.6413,123275281.0
1744574400000,0.6412,0.6478,0.629,0.638,92511886.0
1744588800000,0.638,0.6573,0.6353,0.6432,113773242.0
1744603200000,0.6432,0.653,0.6334,0.6413,88369652.0
1744617600000,0.6413,0.6504,0.6346,0.6493,117297357.0
1744632000000,0.6494,0.6569,0.63,0.6328,178240222.0
1744646400000,0.6327,0.6433,0.6269,0.6397,122272576.0
1744660800000,0.6397,0.6401,0.63,0.6347,48261620.0
1744675200000,0.6348,0.645,0.6307,0.6442,102603485.0
1744689600000,0.6441,0.6455,0.6386,0.6452,69441658.0
1744704000000,0.6452,0.6484,0.6338,0.6369,79577538.0
1744718400000,0.637,0.6458,0.6186,0.6229,238254326.0
1744732800000,0.6229,0.6257,0.6144,0.618,84353566.0
1744747200000,0.6181,0.6209,0.6067,0.6085,84179694.0
1744761600000,0.6085,0.6172,0.6037,0.6111,86713093.0
1744776000000,0.6111,0.6117,0.6016,0.6033,66402177.0
1744790400000,0.6033,0.6111,0.5993,0.6066,94343586.0
1744804800000,0.6066,0.6179,0.6007,0.6095,105357493.0
1744819200000,0.6096,0.6177,0.5937,0.6148,193175762.0
1744833600000,0.6147,0.6243,0.6075,0.6102,81138230.0
1744848000000,0.6103,0.6169,0.6084,0.6129,58270590.0
1744862400000,0.6128,0.6236,0.6103,0.6191,61457431.0
1744876800000,0.6192,0.6215,0.6123,0.6185,50154464.0
1744891200000,0.6185,0.6225,0.6094,0.6192,100270292.0
1744905600000,0.6193,0.6296,0.6144,0.6187,123564727.0
1744920000000,0.6187,0.624,0.6155,0.6165,44569591.0
1744934400000,0.6165,0.6174,0.6104,0.6128,55688019.0
1744948800000,0.6129,0.6158,0.6098,0.6143,50065949.0
1744963200000,0.6144,0.6182,0.611,0.6157,60642284.0
1744977600000,0.6158,0.6202,0.613,0.6158,57124526.0
1744992000000,0.6159,0.629,0.6152,0.6271,74044915.0
1745006400000,0.6272,0.6318,0.6251,0.6274,71176791.0
1745020800000,0.6274,0.6348,0.6273,0.6318,59642193.0
1745035200000,0.6318,0.6347,0.6274,0.6303,42279815.0
1745049600000,0.6303,0.6321,0.6258,0.6268,40063896.0
1745064000000,0.6268,0.628,0.6213,0.6221,51656942.0
1745078400000,0.6222,0.6293,0.6184,0.6272,64078452.0
1745092800000,0.6272,0.6317,0.6261,0.6277,38053347.0
1745107200000,0.6278,0.6346,0.6277,0.6309,51591693.0
1745121600000,0.631,0.633,0.6221,0.6248,51538495.0
1745136000000,0.6249,0.6255,0.6115,0.6144,82794228.0
1745150400000,0.6144,0.6178,0.6101,0.6112,72855882.0
1745164800000,0.6113,0.6192,0.6092,0.6189,51229433.0
1745179200000,0.619,0.6258,0.615,0.6199,66799682.0
1745193600000,0.62,0.6409,0.6196,0.6368,165416526.0
1745208000000,0.6368,0.6489,0.6363,0.6431,81140177.0
1745222400000,0.6432,0.6489,0.6356,0.6386,88611643.0
1745236800000,0.6386,0.6507,0.6338,0.6356,126584889.0
1745251200000,0.6355,0.6362,0.6154,0.6234,149154292.0
1745265600000,0.6234,0.6244,0.6177,0.6237,68015765.0
1745280000000,0.6236,0.6309,0.6148,0.6235,117160290.0
1745294400000,0.6235,0.6348,0.6213,0.6326,89643751.0
1745308800000,0.6326,0.6435,0.6321,0.6402,135050787.0
1745323200000,0.6402,0.6666,0.6366,0.6562,240880536.0
1745337600000,0.6562,0.6594,0.6521,0.6564,98464821.0
1745352000000,0.6565,0.6848,0.6533,0.6793,188109633.0
1745366400000,0.6794,0.6937,0.6772,0.6935,128328479.0
1745380800000,0.6936,0.7011,0.6887,0.7007,111370704.0
1745395200000,0.7008,0.7109,0.6957,0.7014,166642290.0
1745409600000,0.7013,0.718,0.6841,0.6982,316243184.0
1745424000000,0.6981,0.7103,0.6943,0.698,140234904.0
1745438400000,0.6979,0.7016,0.694,0.6974,50480337.0
1745452800000,0.6974,0.6996,0.6801,0.6804,82777232.0
1745467200000,0.6803,0.6893,0.677,0.6783,78292902.0
1745481600000,0.6783,0.6909,0.6699,0.687,137115268.0
1745496000000,0.6871,0.7449,0.6844,0.7258,366718886.0
1745510400000,0.7259,0.7457,0.7164,0.7278,174633883.0
1745524800000,0.7278,0.7312,0.7125,0.7215,81762444.0
1745539200000,0.7216,0.7258,0.7015,0.7111,119370584.0
1745553600000,0.7111,0.7233,0.706,0.7218,111695633.0
1745568000000,0.7217,0.7229,0.7105,0.7207,112525441.0
1745582400000,0.7206,0.7287,0.7045,0.7193,189947025.0
1745596800000,0.7192,0.733,0.7095,0.7165,233303513.0
1745611200000,0.7165,0.7178,0.7063,0.7131,68334143.0
1745625600000,0.7131,0.7265,0.7131,0.7209,83156363.0
1745640000000,0.7209,0.7332,0.7115,0.7257,91769653.0
1745654400000,0.7256,0.7343,0.7043,0.707,133327753.0
1745668800000,0.707,0.7124,0.6989,0.7093,119306409.0
1745683200000,0.7093,0.7099,0.703,0.7067,60009109.0
1745697600000,0.7067,0.7125,0.7024,0.7065,44413225.0
1745712000000,0.7065,0.7175,0.6945,0.7036,112202122.0
1745726400000,0.7036,0.7042,0.6912,0.6996,56940838.0
1745740800000,0.6995,0.7031,0.6964,0.6965,38500475.0
1745755200000,0.6964,0.7085,0.6908,0.6956,141202845.0
1745769600000,0.6956,0.7155,0.6903,0.7154,83364779.0
1745784000000,0.7154,0.7165,0.7021,0.703,69691280.0
1745798400000,0.7029,0.7088,0.6816,0.7067,151988731.0
1745812800000,0.7068,0.7255,0.706,0.7249,117783261.0
1745827200000,0.725,0.7288,0.7122,0.7221,111830913.0
1745841600000,0.722,0.7228,0.684,0.6896,198792489.0
1745856000000,0.6896,0.7096,0.6839,0.7064,141987274.0
1745870400000,0.7063,0.7067,0.6953,0.7052,53697356.0
1745884800000,0.7052,0.7097,0.6969,0.7032,70709054.0
1745899200000,0.7032,0.7147,0.6963,0.7117,82950158.0
1745913600000,0.7116,0.717,0.7091,0.714,77615037.0
1745928000000,0.714,0.7179,0.7036,0.7081,104479285.0
1745942400000,0.7081,0.7178,0.7069,0.7079,84681972.0
1745956800000,0.7079,0.7091,0.6882,0.6951,119113128.0
1745971200000,0.6952,0.7033,0.6908,0.7023,60809242.0
1745985600000,0.7023,0.7032,0.692,0.6942,52158541.0
1746000000000,0.6943,0.7003,0.6918,0.6995,40480695.0
1746014400000,0.6995,0.7,0.664,0.6759,231213337.0
1746028800000,0.6759,0.688,0.6733,0.6823,89981050.0
1746043200000,0.6823,0.6906,0.6786,0.6811,57748516.0
1746057600000,0.6811,0.6929,0.681,0.6884,54304064.0
1746072000000,0.6884,0.6934,0.6842,0.6914,46561048.0
1746086400000,0.6914,0.7088,0.6908,0.7067,118619818.0
1746100800000,0.7067,0.7097,0.694,0.7012,154281252.0
1746115200000,0.7011,0.7094,0.6993,0.7049,85210774.0
1746129600000,0.7048,0.7143,0.7021,0.7047,69131773.0
1746144000000,0.7047,0.7254,0.7005,0.7132,123329442.0
1746158400000,0.7132,0.7158,0.7004,0.7006,82759242.0
1746172800000,0.7007,0.7102,0.7003,0.7055,63110761.0
1746187200000,0.7056,0.7156,0.7023,0.7053,115827963.0
1746201600000,0.7054,0.714,0.688,0.6903,130516594.0
1746216000000,0.6902,0.6996,0.6883,0.6979,68043222.0
1746230400000,0.6978,0.6995,0.6912,0.6975,48852683.0
1746244800000,0.6976,0.7019,0.6947,0.6988,45677273.0
1746259200000,0.6988,0.7038,0.6933,0.6954,62365995.0
1746273600000,0.6954,0.7294,0.6954,0.7213,239669000.0
1746288000000,0.7214,0.7248,0.7036,0.7129,195490627.0
1746302400000,0.7128,0.7146,0.6983,0.6991,83432981.0
1746316800000,0.699,0.7144,0.6938,0.6976,139610242.0
1746331200000,0.6976,0.706,0.693,0.6982,103752140.0
1746345600000,0.6981,0.6984,0.6865,0.6894,90203338.0
1746360000000,0.6894,0.6934,0.6817,0.6897,84832260.0
1746374400000,0.6897,0.6932,0.6793,0.6852,96509780.0
1746388800000,0.6853,0.6895,0.671,0.6756,96265461.0
1746403200000,0.6755,0.6797,0.6658,0.6724,101850042.0
1746417600000,0.6723,0.6916,0.672,0.6854,86570939.0
1746432000000,0.6854,0.6888,0.6622,0.663,119660502.0
1746446400000,0.663,0.6682,0.6539,0.6575,190433491.0
1746460800000,0.6576,0.6724,0.6561,0.6633,84581207.0
1746475200000,0.6632,0.6691,0.6534,0.6617,64514891.0
1746489600000,0.6618,0.6656,0.6523,0.6611,99633237.0
1746504000000,0.6612,0.667,0.6573,0.6613,61200177.0
1746518400000,0.6613,0.6617,0.6434,0.6476,114724367.0
1746532800000,0.6476,0.6572,0.6421,0.6516,115992852.0
1746547200000,0.6516,0.6653,0.6453,0.6637,96069827.0
1746561600000,0.6638,0.6805,0.6525,0.6785,142824178.0
1746576000000,0.6785,0.6888,0.6712,0.6778,113342195.0
1746590400000,0.6778,0.6828,0.6729,0.6819,68882158.0
1746604800000,0.682,0.6869,0.6791,0.6826,77287592.0
1746619200000,0.6826,0.6832,0.6637,0.665,117658855.0
1746633600000,0.6649,0.6697,0.6544,0.6589,161397101.0
1746648000000,0.659,0.6752,0.655,0.6713,70600435.0
1746662400000,0.6713,0.7041,0.6697,0.7026,175509248.0
1746676800000,0.7027,0.7118,0.6985,0.7077,142054339.0
1746691200000,0.7077,0.7242,0.7075,0.7192,156564033.0
1746705600000,0.7192,0.7435,0.715,0.7313,230464227.0
1746720000000,0.7313,0.7412,0.728,0.7404,185197720.0
1746734400000,0.7404,0.7713,0.7363,0.7693,233511823.0
1746748800000,0.7692,0.7755,0.7526,0.7555,172333827.0
1746763200000,0.7554,0.7968,0.7542,0.7939,167872268.0
1746777600000,0.7938,0.8181,0.774,0.7937,346157663.0
1746792000000,0.7937,0.7998,0.7718,0.7815,191603999.0
1746806400000,0.7815,0.7897,0.7722,0.7812,102227593.0
1746820800000,0.7812,0.7838,0.7722,0.7771,52994419.0
1746835200000,0.7771,0.7911,0.77,0.7804,107196296.0
1746849600000,0.7804,0.8018,0.7746,0.8003,132635767.0
1746864000000,0.8004,0.813,0.7865,0.7887,165497514.0
1746878400000,0.7887,0.8138,0.7887,0.8012,131169401.0
1746892800000,0.8012,0.8398,0.8009,0.8123,218842817.0
1746907200000,0.8122,0.8434,0.8045,0.8406,125196483.0
1746921600000,0.8405,0.8467,0.8061,0.816,184353749.0
1746936000000,0.816,0.8218,0.7833,0.7913,146579398.0
1746950400000,0.7912,0.8038,0.7865,0.8034,95523447.0
1746964800000,0.8035,0.8056,0.784,0.7897,119148656.0
1746979200000,0.7896,0.8161,0.781,0.8085,127521736.0
1746993600000,0.8086,0.8137,0.8001,0.8049,66788323.0
1747008000000,0.8049,0.822,0.7958,0.8195,108468619.0
1747022400000,0.8195,0.8447,0.8068,0.8246,167887095.0
1747036800000,0.8246,0.8373,0.8129,0.824,140915133.0
1747051200000,0.824,0.8641,0.8075,0.8216,410815761.0
1747065600000,0.8215,0.8339,0.7796,0.807,241217673.0
1747080000000,0.807,0.8242,0.8,0.8166,96546787.0
1747094400000,0.8166,0.8172,0.7736,0.7738,170419644.0
1747108800000,0.7737,0.7972,0.771,0.7911,87183867.0
1747123200000,0.7912,0.8037,0.786,0.7983,104834358.0
1747137600000,0.7983,0.8086,0.7903,0.8056,155624166.0
1747152000000,0.8056,0.8418,0.8045,0.8345,175889375.0
1747166400000,0.8345,0.8362,0.8242,0.8297,91027977.0
1747180800000,0.8297,0.8336,0.8121,0.8168,101792757.0
1747195200000,0.8168,0.8318,0.8122,0.824,85590405.0
1747209600000,0.8239,0.8293,0.7983,0.8205,215286457.0
1747224000000,0.8205,0.8288,0.7974,0.8069,178085032.0
1747238400000,0.8069,0.81,0.7882,0.801,105452808.0
1747252800000,0.801,0.8031,0.791,0.7981,50027936.0
1747267200000,0.7982,0.8099,0.7849,0.7918,111572598.0
1747281600000,0.7918,0.7962,0.7651,0.7672,130438100.0
1747296000000,0.7671,0.7835,0.7586,0.7715,159191248.0
1747310400000,0.7714,0.7785,0.7441,0.7751,219220679.0
1747324800000,0.7751,0.7921,0.7584,0.7693,194743505.0
1747339200000,0.7694,0.777,0.7481,0.762,125297812.0
1747353600000,0.762,0.7831,0.7592,0.7813,99444256.0
1747368000000,0.7813,0.7855,0.7727,0.778,59996268.0
1747382400000,0.778,0.7851,0.763,0.7787,86010265.0
1747396800000,0.7787,0.7847,0.7682,0.7784,85279559.0
1747411200000,0.7784,0.7824,0.7661,0.7724,65715077.0
1747425600000,0.7724,0.7725,0.75,0.7584,83576357.0
1747440000000,0.7583,0.7612,0.7347,0.7551,115833277.0
1747454400000,0.7551,0.7812,0.7535,0.7758,110302269.0
1747468800000,0.7758,0.7768,0.7563,0.7598,103901637.0
1747483200000,0.7599,0.7617,0.7452,0.7501,97549427.0
1747497600000,0.75,0.7508,0.726,0.7345,162849987.0
1747512000000,0.7344,0.7535,0.7321,0.7424,76045599.0
1747526400000,0.7424,0.7458,0.7349,0.7376,48113224.0
1747540800000,0.7375,0.7603,0.7373,0.759,65147776.0
1747555200000,0.7591,0.7661,0.7548,0.7554,68703655.0
1747569600000,0.7553,0.7763,0.7507,0.7735,109934273.0
1747584000000,0.7736,0.7758,0.7294,0.7299,206888154.0
1747598400000,0.7298,0.7625,0.7154,0.7595,156293900.0
1747612800000,0.7595,0.7648,0.7262,0.7278,113268193.0
1747627200000,0.7278,0.731,0.7091,0.723,142050933.0
1747641600000,0.723,0.7295,0.7157,0.7277,80850811.0
1747656000000,0.7278,0.7394,0.7169,0.7358,124497955.0
1747670400000,0.7358,0.7472,0.7301,0.7417,103694947.0
1747684800000,0.7416,0.7446,0.737,0.7424,46512764.0
1747699200000,0.7424,0.7536,0.74,0.7428,100721468.0
1747713600000,0.7428,0.7464,0.7305,0.7326,74334737.0
1747728000000,0.7325,0.7364,0.7235,0.7285,81098629.0
1747742400000,0.7285,0.7333,0.722,0.7316,89415694.0
1747756800000,0.7317,0.7411,0.7241,0.739,92829941.0
1747771200000,0.7391,0.7497,0.7356,0.7458,95342703.0
1747785600000,0.7458,0.7546,0.7364,0.7517,70980742.0
1747800000000,0.7518,0.7663,0.7504,0.7526,116958982.0
1747814400000,0.7526,0.7631,0.7444,0.7548,82325486.0
1747828800000,0.7548,0.7681,0.7476,0.765,127475345.0
1747843200000,0.765,0.7837,0.7418,0.7607,255341651.0
1747857600000,0.7606,0.7784,0.757,0.7691,88374572.0
1747872000000,0.7691,0.792,0.7685,0.7885,98945130.0
1747886400000,0.7885,0.7947,0.7832,0.7938,91876051.0
1747900800000,0.7938,0.8107,0.7923,0.8022,111766908.0
1747915200000,0.8023,0.8087,0.7951,0.8031,93297255.0
1747929600000,0.8032,0.8086,0.799,0.8019,59056879.0
1747944000000,0.802,0.8094,0.7971,0.8092,58773114.0
1747958400000,0.8093,0.8395,0.8066,0.8378,119305715.0
1747972800000,0.8379,0.8414,0.8034,0.8083,153930467.0
1747987200000,0.8083,0.8248,0.7776,0.7816,169220903.0
1748001600000,0.7816,0.7904,0.76,0.7772,250222047.0
1748016000000,0.7772,0.7849,0.7705,0.7731,92395101.0
1748030400000,0.773,0.7731,0.7425,0.7468,124967892.0
1748044800000,0.7468,0.7626,0.7425,0.7612,91457837.0
1748059200000,0.7612,0.7664,0.7546,0.757,59607027.0
1748073600000,0.7569,0.7654,0.7529,0.7606,63688710.0
1748088000000,0.7606,0.7617,0.7546,0.758,50372018.0
1748102400000,0.7581,0.7619,0.7516,0.7544,43631423.0
1748116800000,0.7543,0.7546,0.7405,0.7463,60030615.0
1748131200000,0.7463,0.7488,0.7307,0.7438,100848653.0
1748145600000,0.7438,0.744,0.734,0.7383,42512087.0
1748160000000,0.7383,0.7394,0.7273,0.7385,79488640.0
1748174400000,0.7384,0.7518,0.7303,0.7398,125303280.0
1748188800000,0.7398,0.7509,0.7343,0.7478,66176773.0
1748203200000,0.7478,0.76,0.741,0.7593,78508000.0
1748217600000,0.7594,0.7652,0.754,0.7627,70345760.0
1748232000000,0.7627,0.7752,0.7599,0.7749,63431629.0
1748246400000,0.7749,0.7768,0.7611,0.7666,73439903.0
1748260800000,0.7667,0.7723,0.7567,0.7683,101789970.0
1748275200000,0.7683,0.7694,0.7511,0.7539,64303925.0
1748289600000,0.7539,0.7627,0.7505,0.7598,38071032.0
1748304000000,0.7598,0.763,0.7425,0.7536,74591630.0
1748318400000,0.7536,0.7663,0.75,0.7646,65202738.0
1748332800000,0.7647,0.773,0.7645,0.7692,73589089.0
1748347200000,0.7692,0.7753,0.7554,0.7674,116748756.0
1748361600000,0.7674,0.7746,0.7623,0.7636,60653116.0
1748376000000,0.7636,0.7663,0.7549,0.758,47851362.0
1748390400000,0.758,0.7602,0.749,0.7542,70373699.0
1748404800000,0.7542,0.7584,0.745,0.7503,64988934.0
1748419200000,0.7503,0.7597,0.7469,0.7587,64830723.0
1748433600000,0.7586,0.7612,0.74,0.7412,112316926.0
1748448000000,0.7413,0.751,0.7322,0.7326,69705247.0
1748462400000,0.7326,0.7479,0.732,0.7473,50448649.0
1748476800000,0.7472,0.765,0.7433,0.7578,99377047.0
1748491200000,0.7578,0.76,0.7442,0.7501,64489580.0
1748505600000,0.7502,0.7565,0.7462,0.7558,56225164.0
1748520000000,0.7558,0.7562,0.7331,0.7373,110016912.0
1748534400000,0.7373,0.74,0.7222,0.7267,115714309.0
1748548800000,0.7267,0.7358,0.7188,0.7217,71103522.0
1748563200000,0.7216,0.7274,0.6815,0.7088,234321657.0
1748577600000,0.7087,0.7124,0.6962,0.6994,78841473.0
1748592000000,0.6994,0.7099,0.6935,0.7085,72149856.0
1748606400000,0.7085,0.7112,0.6959,0.7015,102452459.0
1748620800000,0.7015,0.715,0.6815,0.711,152780145.0
1748635200000,0.711,0.7122,0.6824,0.6884,111411792.0
1748649600000,0.6884,0.691,0.6587,0.6614,221947574.0
1748664000000,0.6614,0.671,0.6557,0.6652,101112473.0
1748678400000,0.6653,0.6718,0.6623,0.6636,80199245.0
1748692800000,0.6635,0.6859,0.6628,0.6794,96794646.0
1748707200000,0.6795,0.6934,0.679,0.6889,75840375.0
1748721600000,0.6889,0.6948,0.6841,0.6856,59826819.0
1748736000000,0.6856,0.6859,0.6715,0.6777,70414725.0
1748750400000,0.6776,0.6843,0.6702,0.6727,65832048.0
1748764800000,0.6727,0.6727,0.6534,0.6632,144829965.0
1748779200000,0.6633,0.6755,0.6567,0.6745,82703422.0
1748793600000,0.6745,0.685,0.6696,0.6785,103362939.0
1748808000000,0.6784,0.6878,0.6759,0.6853,69003735.0
1748822400000,0.6853,0.6895,0.6738,0.6768,86338941.0
1748836800000,0.6768,0.6842,0.6754,0.6786,53562162.0
1748851200000,0.6786,0.68,0.6632,0.666,109085339.0
1748865600000,0.6659,0.6765,0.664,0.6739,100176689.0
1748880000000,0.6739,0.6795,0.669,0.6731,62942722.0
1748894400000,0.673,0.6919,0.673,0.6895,93169137.0
1748908800000,0.6894,0.7069,0.6873,0.6936,114856841.0
1748923200000,0.6936,0.6982,0.6891,0.6928,45663290.0
1748937600000,0.6928,0.6957,0.6878,0.6914,62327371.0
1748952000000,0.6914,0.6968,0.6825,0.6929,127334493.0
1748966400000,0.6929,0.6934,0.6843,0.6906,74346983.0
1748980800000,0.6906,0.6909,0.6733,0.6834,83786712.0
1748995200000,0.6834,0.7025,0.6825,0.6954,83784485.0
1749009600000,0.6953,0.6987,0.6904,0.6958,54774710.0
1749024000000,0.6958,0.7015,0.6926,0.6927,54086088.0
1749038400000,0.6928,0.6935,0.678,0.6879,102889589.0
1749052800000,0.6879,0.6884,0.6708,0.6731,85779060.0
1749067200000,0.6731,0.6736,0.6615,0.6652,94028131.0
1749081600000,0.6652,0.6755,0.6649,0.6753,59241908.0
1749096000000,0.6753,0.681,0.6718,0.6763,79995074.0
1749110400000,0.6763,0.6841,0.6755,0.6808,93750419.0
1749124800000,0.6807,0.6898,0.6681,0.6738,132711667.0
1749139200000,0.6739,0.674,0.6338,0.6417,226944903.0
1749153600000,0.6416,0.6426,0.6182,0.6251,256364450.0
1749168000000,0.6251,0.6373,0.6204,0.6369,90893480.0
1749182400000,0.6369,0.6425,0.6342,0.6388,67260559.0
1749196800000,0.6389,0.6524,0.638,0.6504,97485750.0
1749211200000,0.6504,0.672,0.6502,0.6663,168639906.0
1749225600000,0.6663,0.6721,0.6603,0.6626,87001654.0
1749240000000,0.6626,0.6662,0.6524,0.6551,93834732.0
1749254400000,0.655,0.6621,0.649,0.6616,84263543.0
1749268800000,0.6615,0.6699,0.6566,0.6684,58153144.0
1749283200000,0.6685,0.6702,0.6628,0.6677,41464135.0
1749297600000,0.6678,0.6707,0.6656,0.6661,53585872.0
1749312000000,0.6661,0.6673,0.6616,0.6638,66877355.0
1749326400000,0.6637,0.6695,0.6636,0.664,41991876.0
1749340800000,0.6641,0.6648,0.6552,0.6579,68081458.0
1749355200000,0.6578,0.6658,0.6555,0.6619,48364534.0
1749369600000,0.6619,0.6649,0.6512,0.664,88134244.0
1749384000000,0.6639,0.6793,0.6628,0.6697,132598969.0
1749398400000,0.6696,0.6776,0.6694,0.674,76904789.0
1749412800000,0.6741,0.6789,0.6673,0.67,65269565.0
1749427200000,0.67,0.6718,0.6602,0.6632,68146999.0
1749441600000,0.6631,0.6635,0.656,0.6622,73812973.0
1749456000000,0.6623,0.6774,0.6598,0.6755,91261790.0
1749470400000,0.6755,0.6759,0.665,0.6734,89399563.0
1749484800000,0.6734,0.6863,0.6733,0.6811,101224128.0
1749499200000,0.6812,0.7078,0.6812,0.7046,139395169.0
1749513600000,0.7046,0.7156,0.7044,0.7059,106810043.0
1749528000000,0.7059,0.7067,0.693,0.696,98786008.0
1749542400000,0.696,0.7071,0.6855,0.7045,135327211.0
1749556800000,0.7044,0.7124,0.6871,0.6954,177137847.0
1749571200000,0.6954,0.7152,0.6948,0.7085,109886387.0
1749585600000,0.7085,0.7208,0.7032,0.7166,110264033.0
1749600000000,0.7166,0.7218,0.7091,0.7199,89711470.0
1749614400000,0.7199,0.7276,0.717,0.7233,102570396.0
1749628800000,0.7234,0.7287,0.7111,0.7147,99551509.0
1749643200000,0.7147,0.7313,0.7109,0.7254,153348319.0
1749657600000,0.7253,0.7263,0.7016,0.704,113140089.0
1749672000000,0.7039,0.7098,0.6907,0.6976,102451133.0
1749686400000,0.6976,0.6999,0.6883,0.6904,82037036.0
1749700800000,0.6903,0.6943,0.6851,0.6866,69682940.0
1749715200000,0.6866,0.6885,0.6751,0.677,94836046.0
1749729600000,0.677,0.6897,0.6757,0.677,101282547.0
1749744000000,0.677,0.688,0.6658,0.6681,102715860.0
1749758400000,0.668,0.6708,0.6564,0.6609,121218834.0
1749772800000,0.6609,0.6612,0.6168,0.6339,349061003.0
1749787200000,0.6339,0.6365,0.6244,0.635,102156206.0
1749801600000,0.6351,0.6418,0.6297,0.6411,89828170.0
1749816000000,0.6412,0.6432,0.6275,0.6381,132781903.0
1749830400000,0.638,0.6447,0.6278,0.6316,97102913.0
1749844800000,0.6318,0.6424,0.6304,0.6418,50603104.0
1749859200000,0.6417,0.6425,0.6331,0.636,46146833.0
1749873600000,0.6359,0.6386,0.6319,0.6361,43021715.0
1749888000000,0.636,0.6375,0.6311,0.6357,37244231.0
1749902400000,0.6356,0.637,0.6257,0.628,57909574.0
1749916800000,0.6281,0.6298,0.614,0.6186,117037553.0
1749931200000,0.6186,0.6269,0.6127,0.6242,60338752.0
1749945600000,0.6241,0.6296,0.6231,0.6271,38345786.0
1749960000000,0.6271,0.6346,0.6269,0.6274,55030156.0
1749974400000,0.6274,0.6284,0.6207,0.6256,48852041.0
1749988800000,0.6257,0.6356,0.6251,0.6302,65201490.0
1750003200000,0.6302,0.6323,0.6267,0.6292,39576824.0
1750017600000,0.6292,0.6346,0.6202,0.6331,51532649.0
1750032000000,0.633,0.6408,0.6243,0.6366,77679849.0
1750046400000,0.6366,0.6502,0.636,0.6488,78256516.0
1750060800000,0.6488,0.6494,0.6386,0.6456,68638772.0
1750075200000,0.6457,0.6538,0.6426,0.6488,102628774.0
1750089600000,0.6488,0.6573,0.648,0.6547,70348428.0
1750104000000,0.6548,0.6564,0.6279,0.63,130361177.0
1750118400000,0.63,0.6423,0.6184,0.6364,142598841.0
1750132800000,0.6365,0.6374,0.6297,0.6322,55220550.0
1750147200000,0.6322,0.6326,0.6202,0.6216,77688520.0
1750161600000,0.6215,0.6275,0.6062,0.6114,149465987.0
1750176000000,0.6114,0.6219,0.5992,0.6173,167807266.0
1750190400000,0.6172,0.6192,0.6049,0.6087,80443271.0
1750204800000,0.6087,0.6174,0.6079,0.6134,49901647.0
1750219200000,0.6133,0.6214,0.6119,0.6153,56642443.0
1750233600000,0.6152,0.6175,0.599,0.6065,85641680.0
1750248000000,0.6065,0.6075,0.5891,0.5945,165934885.0
1750262400000,0.5944,0.601,0.5875,0.5907,141850514.0
1750276800000,0.5906,0.6095,0.5892,0.6038,81680195.0
1750291200000,0.6037,0.6114,0.5982,0.603,72357928.0
1750305600000,0.6031,0.6075,0.5964,0.5982,61612708.0
1750320000000,0.5982,0.6036,0.5968,0.5983,48266265.0
1750334400000,0.5984,0.6007,0.5904,0.5907,64577848.0
1750348800000,0.5906,0.6017,0.5894,0.5993,69958539.0
1750363200000,0.5993,0.6035,0.5973,0.6018,40568297.0
1750377600000,0.6018,0.6039,0.5975,0.5978,32721670.0
1750392000000,0.5978,0.6031,0.5862,0.6025,92326916.0
1750406400000,0.6025,0.6068,0.5985,0.6021,69787723.0
1750420800000,0.6021,0.6052,0.5806,0.5828,156971157.0
1750435200000,0.5829,0.584,0.5609,0.5775,217139119.0
1750449600000,0.5775,0.5839,0.5707,0.5771,61650089.0
1750464000000,0.5771,0.5867,0.5767,0.5844,57682824.0
1750478400000,0.5844,0.5879,0.581,0.5822,51443341.0
1750492800000,0.5821,0.5862,0.5811,0.5838,38799706.0
1750507200000,0.5838,0.5852,0.5717,0.5753,70037471.0
1750521600000,0.5754,0.5783,0.5633,0.5642,83996308.0
1750536000000,0.5642,0.5696,0.5424,0.5559,201875158.0
1750550400000,0.556,0.5637,0.5447,0.5474,141795974.0
1750564800000,0.5473,0.5578,0.5458,0.5486,68047089.0
1750579200000,0.5486,0.5504,0.5383,0.5461,118486319.0
1750593600000,0.5461,0.5509,0.52,0.5229,383358593.0
1750608000000,0.5229,0.5356,0.5202,0.5242,142965124.0
1750622400000,0.5241,0.5417,0.5093,0.5415,200299495.0
1750636800000,0.5415,0.5476,0.5389,0.5452,73069176.0
1750651200000,0.5451,0.5519,0.5434,0.5481,68261302.0
1750665600000,0.5482,0.5501,0.5395,0.543,79930874.0
1750680000000,0.543,0.5567,0.5375,0.5421,213218068.0
1750694400000,0.5421,0.5559,0.5284,0.5547,235395403.0
1750708800000,0.5547,0.5858,0.553,0.5817,228406085.0
1750723200000,0.5817,0.5841,0.5758,0.5795,71634209.0
1750737600000,0.5794,0.5932,0.5785,0.5817,114828546.0
1750752000000,0.5817,0.5872,0.5768,0.5845,91709379.0
1750766400000,0.5844,0.5882,0.5791,0.5832,119504346.0
1750780800000,0.5833,0.5923,0.5787,0.5822,89882992.0
1750795200000,0.5822,0.5875,0.5806,0.5872,38374053.0
1750809600000,0.5872,0.5904,0.5835,0.5837,52950020.0
1750824000000,0.5836,0.586,0.5787,0.5847,40222512.0
1750838400000,0.5846,0.585,0.574,0.5801,71311075.0
1750852800000,0.5801,0.5852,0.5656,0.567,156197269.0
1750867200000,0.567,0.5724,0.5631,0.5713,84985888.0
1750881600000,0.5713,0.5745,0.5628,0.5668,49849248.0
1750896000000,0.5668,0.5814,0.5656,0.5733,105130074.0
1750910400000,0.5734,0.5747,0.5672,0.572,47424672.0
1750924800000,0.572,0.5744,0.5624,0.5631,67326426.0
1750939200000,0.5631,0.5638,0.5495,0.5542,140132340.0
1750953600000,0.5542,0.558,0.5501,0.5555,54281815.0
1750968000000,0.5555,0.5638,0.5505,0.554,78704382.0
1750982400000,0.5539,0.5609,0.5482,0.5597,55798413.0
1750996800000,0.5597,0.5604,0.5526,0.5535,48912738.0
1751011200000,0.5535,0.5591,0.552,0.554,57158139.0
1751025600000,0.554,0.556,0.5463,0.5552,101250261.0
1751040000000,0.5553,0.565,0.5446,0.5505,117689008.0
1751054400000,0.5506,0.561,0.5499,0.5584,57439058.0
1751068800000,0.5584,0.563,0.5559,0.5595,42465895.0
1751083200000,0.5594,0.5641,0.558,0.5622,41989574.0
1751097600000,0.5622,0.5625,0.5582,0.5588,29364368.0
1751112000000,0.5588,0.5644,0.555,0.564,44725164.0
1751126400000,0.564,0.5684,0.5616,0.5635,72497927.0
1751140800000,0.5635,0.5673,0.5621,0.5652,30703081.0
1751155200000,0.5652,0.5682,0.5623,0.5631,31285852.0
1751169600000,0.563,0.5637,0.5585,0.5609,39933165.0
1751184000000,0.5609,0.5663,0.56,0.5649,46601224.0
1751198400000,0.5649,0.5668,0.5551,0.5556,70731355.0
1751212800000,0.5556,0.5611,0.5546,0.5586,50655795.0
1751227200000,0.5586,0.5856,0.5549,0.577,177379875.0
1751241600000,0.5771,0.5797,0.5656,0.568,136412161.0
1751256000000,0.568,0.5697,0.5575,0.566,99704747.0
1751270400000,0.566,0.5681,0.5618,0.5637,84571893.0
1751284800000,0.5636,0.5713,0.5558,0.5669,149307807.0
1751299200000,0.5669,0.5903,0.5648,0.5894,160590111.0
1751313600000,0.5894,0.5904,0.5709,0.5719,115551786.0
1751328000000,0.5718,0.5764,0.5644,0.5688,91609535.0
1751342400000,0.5688,0.5688,0.5582,0.5668,92601185.0
1751356800000,0.5668,0.5668,0.5579,0.5598,71272479.0
1751371200000,0.5598,0.5604,0.5428,0.5464,197591965.0
1751385600000,0.5464,0.5544,0.5379,0.5389,173569340.0
1751400000000,0.5389,0.5446,0.5361,0.5416,71141214.0
1751414400000,0.5416,0.5489,0.5383,0.5481,68137216.0
1751428800000,0.5481,0.558,0.5479,0.5563,80297809.0
1751443200000,0.5564,0.5647,0.5562,0.5608,84480050.0
1751457600000,0.5608,0.5786,0.5566,0.5774,151412595.0
1751472000000,0.5775,0.5996,0.5774,0.5955,352200571.0
1751486400000,0.5955,0.5991,0.5831,0.584,100670563.0
1751500800000,0.5839,0.5894,0.5825,0.5865,74584589.0
1751515200000,0.5865,0.6089,0.5861,0.608,150793505.0
1751529600000,0.608,0.6106,0.6004,0.6036,120495629.0
1751544000000,0.6036,0.6111,0.5863,0.5875,238228901.0
1751558400000,0.5875,0.5974,0.5872,0.5953,70756974.0
1751572800000,0.5953,0.6027,0.5952,0.599,47687128.0
1751587200000,0.599,0.6032,0.5904,0.5934,77040880.0
1751601600000,0.5935,0.594,0.579,0.5795,90763129.0
1751616000000,0.5795,0.5839,0.5738,0.5812,89709389.0
1751630400000,0.5812,0.583,0.5696,0.5709,129744999.0
1751644800000,0.5708,0.5725,0.5626,0.5662,107603562.0
1751659200000,0.5662,0.5759,0.5653,0.572,54341156.0
1751673600000,0.5721,0.5788,0.5682,0.5777,58906454.0
1751688000000,0.5778,0.5832,0.575,0.5788,47060463.0
1751702400000,0.5788,0.5788,0.5703,0.5746,68120681.0
1751716800000,0.5745,0.576,0.571,0.5754,45623643.0
1751731200000,0.5754,0.5772,0.5692,0.5733,59785507.0
1751745600000,0.5733,0.5765,0.5711,0.5752,28885313.0
1751760000000,0.5752,0.5754,0.5703,0.5747,29742149.0
1751774400000,0.5748,0.5767,0.5721,0.5733,34985282.0
1751788800000,0.5734,0.5793,0.5714,0.5778,61487101.0
1751803200000,0.5778,0.5903,0.5763,0.5852,119784018.0
1751817600000,0.5852,0.5874,0.5781,0.583,59935241.0
1751832000000,0.583,0.5936,0.5825,0.5854,65162912.0
1751846400000,0.5853,0.5945,0.5815,0.5873,66066592.0
1751860800000,0.5873,0.5899,0.5813,0.5898,62034952.0
1751875200000,0.5897,0.5905,0.5836,0.587,58880819.0
1751889600000,0.587,0.5909,0.5795,0.5834,133392510.0
1751904000000,0.5834,0.5881,0.5746,0.58,127879617.0
1751918400000,0.5799,0.5804,0.573,0.5802,57736093.0
1751932800000,0.5802,0.5837,0.5721,0.5757,64065272.0
1751947200000,0.5756,0.5807,0.5717,0.578,105507638.0
1751961600000,0.5781,0.5873,0.5763,0.5843,60813900.0
1751976000000,0.5843,0.588,0.5786,0.5809,90383943.0
1751990400000,0.581,0.5919,0.5793,0.5889,104630143.0
1752004800000,0.589,0.5896,0.5849,0.5881,36460363.0
1752019200000,0.5881,0.5888,0.5836,0.5849,49804227.0
1752033600000,0.5848,0.5998,0.584,0.5959,95232800.0
1752048000000,0.596,0.6107,0.5921,0.6093,132355355.0
1752062400000,0.6093,0.621,0.6007,0.6105,234740122.0
1752076800000,0.6105,0.6246,0.6057,0.6218,169731144.0
1752091200000,0.6218,0.6274,0.6146,0.6223,153024228.0
1752105600000,0.6224,0.6264,0.6172,0.6213,80837683.0
1752120000000,0.6213,0.6405,0.618,0.6277,152469686.0
1752134400000,0.6276,0.634,0.6248,0.6313,122590717.0
1752148800000,0.6313,0.6314,0.6209,0.6288,107604394.0
1752163200000,0.6288,0.6597,0.6273,0.652,226201565.0
1752177600000,0.6519,0.6803,0.6512,0.6774,209725399.0
1752192000000,0.6775,0.6908,0.6679,0.6872,156339679.0
1752206400000,0.6873,0.7022,0.6826,0.6989,226207423.0
1752220800000,0.6989,0.7374,0.6979,0.7276,307145374.0
1752235200000,0.7276,0.7773,0.7272,0.7377,639778607.0
1752249600000,0.7378,0.746,0.7231,0.7432,278219053.0
1752264000000,0.7432,0.7433,0.6932,0.7093,218116840.0
1752278400000,0.7092,0.7371,0.6983,0.7289,187569221.0
1752292800000,0.7289,0.7328,0.7113,0.7149,130203065.0
1752307200000,0.7149,0.7349,0.7109,0.723,136735188.0
1752321600000,0.7229,0.7246,0.6882,0.6932,243569040.0
1752336000000,0.6932,0.7091,0.6895,0.7072,93766940.0
1752350400000,0.7072,0.7104,0.6951,0.7087,62845754.0
1752364800000,0.7087,0.7224,0.7048,0.7185,89157139.0
1752379200000,0.7186,0.7481,0.7154,0.7398,163152461.0
1752393600000,0.7399,0.7435,0.7231,0.7288,168997878.0
1752408000000,0.7288,0.7561,0.7271,0.7414,239077111.0
1752422400000,0.7415,0.7527,0.7316,0.7445,112012454.0
1752436800000,0.7445,0.7499,0.7263,0.7364,109452714.0
1752451200000,0.7365,0.7684,0.7339,0.7598,227097396.0
1752465600000,0.7599,0.7672,0.745,0.762,196765516.0
1752480000000,0.7621,0.7649,0.7416,0.7467,170313842.0
1752494400000,0.7467,0.7612,0.7277,0.7341,237730607.0
1752508800000,0.7341,0.7457,0.728,0.7316,127436217.0
1752523200000,0.7315,0.7374,0.7211,0.7349,98253547.0
1752537600000,0.7349,0.7394,0.7103,0.7186,176628185.0
1752552000000,0.7185,0.7313,0.7115,0.7197,102611591.0
1752566400000,0.7197,0.7371,0.7135,0.727,127929255.0
1752580800000,0.7271,0.7401,0.7109,0.7241,301579448.0
1752595200000,0.7241,0.7467,0.7203,0.7215,181799505.0
1752609600000,0.7214,0.7496,0.7187,0.7468,103373511.0
1752624000000,0.7467,0.7511,0.7326,0.7381,94882501.0
1752638400000,0.7381,0.7494,0.7328,0.7466,68827602.0
1752652800000,0.7467,0.755,0.7421,0.7445,111422524.0
1752667200000,0.7446,0.7609,0.7421,0.7504,202306569.0
1752681600000,0.7505,0.771,0.7476,0.7638,170167162.0
1752696000000,0.7637,0.7848,0.7587,0.7644,216638856.0
1752710400000,0.7644,0.7727,0.7401,0.7448,178499673.0
1752724800000,0.7447,0.7792,0.7419,0.7731,209596811.0
1752739200000,0.7732,0.8257,0.7676,0.8156,434259914.0
1752753600000,0.8155,0.8192,0.787,0.8027,313238226.0
1752768000000,0.8026,0.8167,0.785,0.7992,247097218.0
1752782400000,0.7992,0.8387,0.7877,0.8217,350509374.0
1752796800000,0.8217,0.8645,0.8189,0.86,361214298.0
1752811200000,0.8601,0.8957,0.8522,0.8542,431802442.0
1752825600000,0.8543,0.8675,0.8408,0.8514,266798081.0
1752840000000,0.8513,0.863,0.8041,0.8226,389826839.0
1752854400000,0.8225,0.8354,0.8106,0.8176,218554468.0
1752868800000,0.8175,0.8226,0.7961,0.8158,209741644.0
1752883200000,0.8158,0.8313,0.8011,0.8272,111984838.0
1752897600000,0.8272,0.8372,0.8194,0.8251,107934123.0
1752912000000,0.8251,0.8356,0.8171,0.8188,104277038.0
1752926400000,0.8188,0.8295,0.8102,0.8218,127287874.0
1752940800000,0.8217,0.8348,0.8167,0.829,91217287.0
1752955200000,0.829,0.835,0.8161,0.8296,90958038.0
1752969600000,0.8295,0.8455,0.8226,0.8403,115789968.0
1752984000000,0.8402,0.8494,0.8307,0.8447,117546297.0
1752998400000,0.8448,0.862,0.844,0.8506,154720423.0
1753012800000,0.8505,0.8734,0.8463,0.8708,183429376.0
1753027200000,0.8709,0.8788,0.8563,0.8709,177569535.0
1753041600000,0.871,0.8785,0.8372,0.858,222073739.0
1753056000000,0.858,0.8708,0.8415,0.8662,187648783.0
1753070400000,0.8662,0.898,0.8624,0.8941,186488491.0
1753084800000,0.8942,0.9118,0.8805,0.9088,239761949.0
1753099200000,0.9087,0.9344,0.8998,0.9124,382662933.0
1753113600000,0.9123,0.9137,0.8755,0.8768,274554307.0
1753128000000,0.8767,0.8918,0.8729,0.8891,117147220.0
1753142400000,0.8892,0.9099,0.8651,0.8864,289745255.0
1753156800000,0.8864,0.8864,0.8551,0.8714,252180198.0
1753171200000,0.8714,0.8835,0.8529,0.8781,189131917.0
1753185600000,0.878,0.8916,0.8562,0.8808,240739393.0
1753200000000,0.8808,0.895,0.8734,0.878,172917207.0
1753214400000,0.8778,0.9046,0.8762,0.904,89314112.0
1753228800000,0.9039,0.9041,0.8794,0.8814,100392663.0
1753243200000,0.8813,0.8892,0.8662,0.868,102932544.0
1753257600000,0.868,0.8742,0.8551,0.8625,111766662.0
1753272000000,0.8625,0.8631,0.808,0.834,466627397.0
1753286400000,0.834,0.834,0.7989,0.8135,220732719.0
1753300800000,0.8135,0.8206,0.7853,0.8157,314196299.0
1753315200000,0.8157,0.8248,0.8097,0.8158,106007730.0
1753329600000,0.8158,0.8178,0.7611,0.7888,348906847.0
1753344000000,0.7887,0.8168,0.785,0.8151,263932404.0
1753358400000,0.815,0.8379,0.7966,0.823,382499834.0
1753372800000,0.823,0.8278,0.8039,0.8162,233972162.0
1753387200000,0.8162,0.8258,0.8007,0.8057,111213470.0
1753401600000,0.8058,0.8119,0.782,0.7949,185498156.0
1753416000000,0.795,0.8099,0.7852,0.7947,172571440.0
1753430400000,0.7947,0.8172,0.7868,0.8101,187981465.0
1753444800000,0.81,0.8186,0.7743,0.7837,230841147.0
1753459200000,0.7837,0.7998,0.7791,0.7933,110618682.0
1753473600000,0.7934,0.8186,0.793,0.8157,99241875.0
1753488000000,0.8157,0.8277,0.8119,0.8246,74815931.0
1753502400000,0.8246,0.8272,0.8172,0.8186,54832067.0
1753516800000,0.8186,0.8294,0.8184,0.8233,64188551.0
1753531200000,0.8233,0.8345,0.8208,0.8326,101139149.0
1753545600000,0.8326,0.8386,0.8213,0.829,94890732.0
1753560000000,0.8291,0.8325,0.8184,0.8197,60413958.0
1753574400000,0.8196,0.832,0.8176,0.8284,58380558.0
1753588800000,0.8284,0.8394,0.822,0.8235,75337235.0
1753603200000,0.8235,0.8317,0.8139,0.8232,111204505.0
1753617600000,0.8232,0.8302,0.8143,0.8216,98573760.0
1753632000000,0.8217,0.8335,0.8191,0.8247,97891947.0
1753646400000,0.8246,0.8394,0.8245,0.8317,75227974.0
1753660800000,0.8317,0.8448,0.8237,0.8419,115842541.0
1753675200000,0.8419,0.856,0.8342,0.838,137538961.0
1753689600000,0.838,0.8405,0.8235,0.8296,112172168.0
1753704000000,0.8296,0.8342,0.8011,0.8054,208878945.0
1753718400000,0.8053,0.8095,0.7909,0.7976,133069934.0
1753732800000,0.7977,0.7989,0.7852,0.7927,88958413.0
1753747200000,0.7928,0.7998,0.7791,0.793,121691093.0
1753761600000,0.793,0.8092,0.7875,0.8078,77797333.0
1753776000000,0.8079,0.8095,0.7892,0.7957,99105800.0
1753790400000,0.7958,0.8049,0.7745,0.7807,150383110.0
1753804800000,0.7808,0.7867,0.7689,0.7766,108253396.0
1753819200000,0.7766,0.7849,0.7695,0.7824,67202178.0
1753833600000,0.7823,0.7894,0.7731,0.7848,56342322.0
1753848000000,0.7848,0.7875,0.7743,0.7786,48216588.0
1753862400000,0.7786,0.7841,0.7515,0.7562,139339101.0
1753876800000,0.7562,0.7772,0.7518,0.7731,151130444.0
1753891200000,0.7731,0.7788,0.7285,0.7598,213633795.0
1753905600000,0.7597,0.7672,0.7511,0.7629,82258268.0
1753920000000,0.7629,0.7815,0.7616,0.7792,65223994.0
1753934400000,0.7792,0.7839,0.7773,0.7817,49607432.0
1753948800000,0.7817,0.7896,0.7751,0.7782,69489283.0
1753963200000,0.7783,0.7792,0.7521,0.7612,145993527.0
1753977600000,0.7612,0.7753,0.7489,0.7511,121657219.0
1753992000000,0.7511,0.7546,0.7352,0.7386,116894373.0
1754006400000,0.7386,0.7408,0.7167,0.7344,196956712.0
1754020800000,0.7343,0.7343,0.7176,0.7243,108795885.0
1754035200000,0.7242,0.7275,0.7093,0.7267,130791774.0
1754049600000,0.7266,0.7379,0.7082,0.7328,219081849.0
1754064000000,0.7327,0.7378,0.7159,0.731,134473971.0
1754078400000,0.731,0.7333,0.6939,0.7139,193624290.0
1754092800000,0.7138,0.7239,0.7108,0.721,60951458.0
1754107200000,0.7211,0.7275,0.7051,0.7225,79616061.0
1754121600000,0.7226,0.7238,0.706,0.7145,75524550.0
1754136000000,0.7144,0.717,0.6961,0.6987,122834322.0
1754150400000,0.6986,0.7059,0.6838,0.6938,168064583.0
1754164800000,0.6938,0.7049,0.6916,0.697,77695467.0
1754179200000,0.6971,0.7175,0.6863,0.7155,111860910.0
1754193600000,0.7155,0.725,0.7115,0.7214,68215878.0
1754208000000,0.7214,0.7289,0.7204,0.7236,62724057.0
1754222400000,0.7236,0.727,0.7172,0.7256,72806321.0
1754236800000,0.7256,0.7288,0.722,0.7242,56425161.0
1754251200000,0.7242,0.7308,0.7215,0.7266,41161009.0
1754265600000,0.7267,0.743,0.7247,0.7364,94511444.0
1754280000000,0.7364,0.7421,0.7292,0.741,61285655.0
1754294400000,0.741,0.7428,0.7344,0.7377,58277048.0
1754308800000,0.7378,0.7543,0.7358,0.7444,114830969.0
1754323200000,0.7443,0.7586,0.7411,0.7435,97849753.0
1754337600000,0.7435,0.7576,0.7426,0.7544,57163614.0
1754352000000,0.7545,0.7598,0.7453,0.7468,70087889.0
1754366400000,0.7468,0.7513,0.7335,0.735,93859145.0
1754380800000,0.735,0.7583,0.7326,0.7512,95511994.0
1754395200000,0.7512,0.752,0.7189,0.7227,184793291.0
1754409600000,0.7227,0.7297,0.7179,0.7201,81914719.0
1754424000000,0.72,0.7282,0.713,0.7254,49369137.0
1754438400000,0.7254,0.7257,0.7123,0.7129,51053478.0
1754452800000,0.7128,0.73,0.7102,0.7267,95470252.0
1754467200000,0.7267,0.7295,0.7201,0.7257,55257524.0
1754481600000,0.7257,0.7426,0.7191,0.7415,116587652.0
1754496000000,0.7415,0.7478,0.7343,0.7425,80304327.0
1754510400000,0.7425,0.7434,0.7375,0.7409,34354162.0
1754524800000,0.741,0.7459,0.734,0.7342,50070910.0
1754539200000,0.7341,0.7439,0.7337,0.741,50964545.0
1754553600000,0.7411,0.77,0.7395,0.7671,178255637.0
1754568000000,0.7671,0.7738,0.7573,0.7627,128788944.0
1754582400000,0.7626,0.7659,0.7358,0.7654,153302037.0
1754596800000,0.7654,0.7882,0.7606,0.7871,162082794.0
1754611200000,0.7871,0.8009,0.7776,0.7955,245775314.0
1754625600000,0.7955,0.8,0.7865,0.799,122928188.0
1754640000000,0.799,0.805,0.7925,0.7992,97816736.0
1754654400000,0.7993,0.8067,0.7755,0.7814,198490273.0
1754668800000,0.7814,0.8009,0.7795,0.799,133849681.0
1754683200000,0.7991,0.8004,0.79,0.791,46828419.0
1754697600000,0.7909,0.8003,0.7893,0.7953,52852244.0
1754712000000,0.7954,0.817,0.7935,0.8066,128567408.0
1754726400000,0.8066,0.8173,0.8044,0.8066,89909515.0
1754740800000,0.8065,0.8203,0.7958,0.8047,151589638.0
1754755200000,0.8047,0.821,0.8047,0.8156,91651088.0
1754769600000,0.8156,0.8197,0.8011,0.8025,86615711.0
1754784000000,0.8026,0.8247,0.8006,0.8235,111872829.0
1754798400000,0.8234,0.8343,0.789,0.7942,206677218.0
1754812800000,0.7941,0.802,0.7839,0.7901,123904841.0
1754827200000,0.7901,0.8055,0.7867,0.8005,106423881.0
1754841600000,0.8005,0.8083,0.7989,0.8055,54633324.0
1754856000000,0.8054,0.806,0.7908,0.8011,71255978.0
1754870400000,0.8012,0.8299,0.7963,0.8254,136387716.0
1754884800000,0.8254,0.8337,0.8072,0.8091,123899798.0
1754899200000,0.809,0.8204,0.7856,0.7902,185015712.0
1754913600000,0.7902,0.7994,0.7823,0.7958,178195463.0
1754928000000,0.7959,0.8044,0.7787,0.7846,134423469.0
1754942400000,0.7847,0.7856,0.7656,0.7723,119025805.0
1754956800000,0.7723,0.7879,0.7708,0.7814,78372636.0
1754971200000,0.7814,0.7884,0.7709,0.782,82593969.0
1754985600000,0.7819,0.7843,0.765,0.7747,95993521.0
1755000000000,0.7746,0.8149,0.7727,0.8139,231056068.0
1755014400000,0.8139,0.8492,0.8122,0.8484,260379753.0
1755028800000,0.8485,0.8581,0.838,0.8411,189551816.0
1755043200000,0.841,0.8591,0.8333,0.8555,149161214.0
1755057600000,0.8555,0.8619,0.8379,0.8589,139537867.0
1755072000000,0.8589,0.8875,0.8583,0.8794,230928931.0
1755086400000,0.8794,0.8894,0.8615,0.8724,249731035.0
1755100800000,0.8725,0.8853,0.8664,0.8835,110428960.0
1755115200000,0.8835,0.9223,0.8775,0.9044,215455327.0
1755129600000,0.9043,0.9896,0.9041,0.9821,512693719.0
1755144000000,0.9821,1.0199,0.9749,0.9986,672511287.0
1755158400000,0.9986,1.0033,0.9606,0.9636,508338585.0
1755172800000,0.9636,0.9759,0.8722,0.925,1064867997.0
1755187200000,0.9249,0.9252,0.8876,0.8997,344977033.0
1755201600000,0.8997,0.9354,0.8778,0.9251,365973031.0
1755216000000,0.9251,0.9445,0.9104,0.9294,325684909.0
1755230400000,0.9295,0.9625,0.9177,0.9505,264099209.0
1755244800000,0.9505,0.9642,0.9371,0.9421,228927537.0
1755259200000,0.9421,0.9591,0.9161,0.9241,547083339.0
1755273600000,0.924,0.9498,0.9103,0.9296,354388622.0
1755288000000,0.9295,0.962,0.9257,0.9447,233909797.0
1755302400000,0.9446,0.9773,0.9429,0.9572,294634935.0
1755316800000,0.9572,0.9697,0.9415,0.9629,238478341.0
1755331200000,0.9628,0.9639,0.9004,0.9024,377399242.0
1755345600000,0.9025,0.9183,0.9021,0.9095,191643012.0
1755360000000,0.9095,0.9234,0.9077,0.9164,141397846.0
1755374400000,0.9165,0.9227,0.9136,0.9205,68546819.0
1755388800000,0.9205,0.9436,0.9042,0.9373,191628595.0
1755403200000,0.9373,0.9601,0.9367,0.9588,271924217.0
1755417600000,0.9588,0.9872,0.9496,0.9716,340393829.0
1755432000000,0.9716,0.9793,0.961,0.9751,208623977.0
1755446400000,0.975,0.9762,0.9432,0.9511,227958725.0
1755460800000,0.9511,0.9681,0.9494,0.9607,116725168.0
1755475200000,0.9606,0.9683,0.9129,0.921,387317203.0
1755489600000,0.921,0.9277,0.9061,0.9163,181427075.0
1755504000000,0.9162,0.9238,0.8911,0.8971,234392899.0
1755518400000,0.8971,0.9175,0.8912,0.917,267468193.0
1755532800000,0.9169,0.9346,0.903,0.919,216271482.0
1755547200000,0.9189,0.9326,0.9089,0.9229,145710764.0
1755561600000,0.9229,0.9412,0.899,0.9021,286808730.0
1755576000000,0.9021,0.9321,0.8947,0.9284,257806175.0
1755590400000,0.9285,0.9536,0.9161,0.931,286756440.0
1755604800000,0.9309,0.9346,0.8637,0.8703,492504249.0
1755619200000,0.8702,0.8739,0.85,0.8537,343802770.0
1755633600000,0.8537,0.8636,0.8433,0.8459,149406402.0
1755648000000,0.8459,0.8561,0.8424,0.848,183528889.0
1755662400000,0.8479,0.8553,0.8455,0.8472,130519509.0
1755676800000,0.8473,0.8637,0.8364,0.8487,286568584.0
1755691200000,0.8488,0.8842,0.8382,0.8709,452119862.0
1755705600000,0.8708,0.8921,0.8679,0.8905,204790998.0
1755720000000,0.8905,0.891,0.8773,0.8805,126180337.0
1755734400000,0.8805,0.8922,0.8688,0.8848,168349394.0
1755748800000,0.8849,0.886,0.8674,0.8751,108682310.0
1755763200000,0.8752,0.879,0.8643,0.8671,114503443.0
1755777600000,0.867,0.8792,0.8569,0.8586,231859894.0
1755792000000,0.8586,0.8685,0.8499,0.8523,164009968.0
1755806400000,0.8523,0.864,0.846,0.8514,110349801.0
1755820800000,0.8513,0.8666,0.8424,0.8503,137579749.0
1755835200000,0.8503,0.8625,0.847,0.8564,128484187.0
1755849600000,0.8563,0.8636,0.8328,0.8336,168909530.0
1755864000000,0.8336,0.9167,0.8213,0.9044,854115696.0
1755878400000,0.9043,0.9397,0.9042,0.9317,325305897.0
1755892800000,0.9316,0.942,0.9272,0.9315,149279415.0
1755907200000,0.9315,0.933,0.8911,0.9006,248300032.0
1755921600000,0.9006,0.9386,0.9002,0.926,252313613.0
1755936000000,0.9261,0.9297,0.9101,0.9155,140364396.0
1755950400000,0.9156,0.9218,0.9079,0.9148,148163672.0
1755964800000,0.9148,0.9159,0.9078,0.9131,77244759.0
1755979200000,0.9132,0.9175,0.9066,0.914,67472993.0
1755993600000,0.9141,0.9217,0.9095,0.9151,95354250.0
1756008000000,0.9151,0.9194,0.902,0.9039,109042103.0
1756022400000,0.9038,0.9097,0.8877,0.892,183519415.0
1756036800000,0.892,0.9077,0.891,0.8985,125647188.0
1756051200000,0.8986,0.9639,0.8957,0.9226,582926021.0
1756065600000,0.9226,0.9294,0.8971,0.9083,318066304.0
1756080000000,0.9083,0.928,0.8867,0.9187,253026519.0
1756094400000,0.9187,0.9221,0.8689,0.8716,339768309.0
1756108800000,0.8717,0.875,0.8544,0.8653,248648435.0
1756123200000,0.8653,0.8766,0.8544,0.8649,232626561.0
1756137600000,0.8649,0.8791,0.8487,0.8497,178069918.0
1756152000000,0.8496,0.8548,0.8287,0.8366,283219097.0
1756166400000,0.8366,0.8453,0.8259,0.8355,159305358.0
1756180800000,0.8355,0.8494,0.8338,0.8399,116425507.0
1756195200000,0.8399,0.8468,0.8345,0.8381,84198629.0
1756209600000,0.8381,0.8587,0.8312,0.8486,252032799.0
1756224000000,0.8486,0.8743,0.8475,0.8727,112063158.0
1756238400000,0.8727,0.8731,0.8621,0.8661,87342243.0
1756252800000,0.866,0.8737,0.8566,0.8687,90770496.0
1756267200000,0.8688,0.8762,0.8525,0.8557,91632178.0
1756281600000,0.8558,0.8667,0.8529,0.8636,80451188.0
1756296000000,0.8636,0.8781,0.8547,0.872,159140994.0
1756310400000,0.872,0.8753,0.857,0.8624,104759746.0
1756324800000,0.8624,0.8722,0.8461,0.8504,214613885.0
1756339200000,0.8505,0.8609,0.8436,0.8586,85480911.0
1756353600000,0.8586,0.8735,0.8562,0.8724,94545460.0
1756368000000,0.8723,0.8797,0.8625,0.8675,96074530.0
1756382400000,0.8674,0.8737,0.854,0.8586,156046322.0
1756396800000,0.8587,0.8649,0.8423,0.8427,118968075.0
1756411200000,0.8426,0.8628,0.8408,0.8571,93993716.0
1756425600000,0.8571,0.8661,0.8389,0.8522,157129904.0
1756440000000,0.8523,0.8544,0.825,0.827,134006230.0
1756454400000,0.8271,0.8296,0.8149,0.8231,139844507.0
1756468800000,0.8232,0.8481,0.8151,0.825,300607892.0
1756483200000,0.8251,0.826,0.8115,0.8204,138864390.0
1756497600000,0.8204,0.8294,0.8093,0.8265,104157917.0
1756512000000,0.8265,0.8355,0.8124,0.8334,105968256.0
1756526400000,0.8335,0.844,0.8311,0.8367,77108211.0
1756540800000,0.8367,0.8381,0.8245,0.827,50848230.0
1756555200000,0.827,0.8273,0.8048,0.8228,158372599.0
1756569600000,0.8229,0.8235,0.8145,0.8195,50063989.0
1756584000000,0.8196,0.8236,0.8157,0.8219,35751548.0
1756598400000,0.8219,0.8377,0.8216,0.8365,70658083.0
1756612800000,0.8365,0.8374,0.825,0.8262,55007874.0
1756627200000,0.8263,0.8319,0.8171,0.824,74395819.0
1756641600000,0.824,0.8273,0.8162,0.8264,70469761.0
1756656000000,0.8263,0.8279,0.8202,0.8212,52480092.0
1756670400000,0.8212,0.8286,0.8087,0.8107,79594921.0
1756684800000,0.8106,0.814,0.8,0.8086,164048485.0
1756699200000,0.8086,0.8399,0.7941,0.8379,248544990.0
1756713600000,0.8379,0.8449,0.8177,0.8199,200627140.0
1756728000000,0.8199,0.826,0.8068,0.8098,133082467.0
1756742400000,0.8097,0.8115,0.8009,0.811,95672955.0
1756756800000,0.8111,0.8112,0.7809,0.8009,207849147.0
1756771200000,0.801,0.8209,0.7975,0.8169,118182338.0
1756785600000,0.8169,0.8224,0.814,0.817,84438344.0
1756800000000,0.817,0.8257,0.8143,0.8162,82502284.0
1756814400000,0.8163,0.828,0.8,0.8098,262000834.0
1756828800000,0.8098,0.8233,0.8074,0.8204,108484535.0
1756843200000,0.8205,0.8355,0.8185,0.8348,85766187.0
1756857600000,0.8349,0.8403,0.8263,0.8338,90955005.0
1756872000000,0.8338,0.8358,0.8257,0.8302,52044053.0
1756886400000,0.8302,0.8367,0.8265,0.8321,57625273.0
1756900800000,0.8321,0.8422,0.8283,0.8401,100557945.0
1756915200000,0.8402,0.8419,0.8342,0.8413,53885412.0
1756929600000,0.8413,0.8433,0.8348,0.8364,39328159.0
1756944000000,0.8364,0.8416,0.8233,0.8237,77923635.0
1756958400000,0.8237,0.8269,0.8134,0.8171,78962432.0
1756972800000,0.8172,0.8236,0.8152,0.8171,75033112.0
1756987200000,0.8172,0.8213,0.8041,0.8077,128159761.0
1757001600000,0.8076,0.8119,0.8022,0.8033,61686883.0
1757016000000,0.8034,0.8183,0.8028,0.8088,58538826.0
1757030400000,0.8088,0.818,0.8042,0.8174,58932631.0
1757044800000,0.8174,0.8306,0.8141,0.83,67918997.0
1757059200000,0.83,0.8319,0.8214,0.8316,75910473.0
1757073600000,0.8317,0.8495,0.8179,0.8245,363206555.0
1757088000000,0.8245,0.8359,0.8201,0.8359,74658720.0
1757102400000,0.8358,0.8388,0.8273,0.8304,68104611.0
1757116800000,0.8303,0.8358,0.8277,0.8336,37838902.0
1757131200000,0.8335,0.8336,0.823,0.8251,39090543.0
1757145600000,0.825,0.826,0.8184,0.8227,48053255.0
1757160000000,0.8227,0.8276,0.8206,0.8219,53127502.0
1757174400000,0.8219,0.8249,0.8138,0.8153,60690279.0
1757188800000,0.8154,0.8206,0.8149,0.8179,30026637.0
1757203200000,0.8179,0.8291,0.8176,0.8279,45596058.0
1757217600000,0.828,0.8287,0.8234,0.8261,32882789.0
1757232000000,0.826,0.833,0.8255,0.8325,43155595.0
1757246400000,0.8325,0.8382,0.8264,0.8338,108129788.0
1757260800000,0.8338,0.8345,0.8225,0.8283,53440734.0
1757275200000,0.8282,0.8416,0.8267,0.8349,52851320.0
1757289600000,0.8348,0.8482,0.8296,0.8415,90170978.0
1757304000000,0.8414,0.8458,0.8334,0.842,80027653.0
1757318400000,0.842,0.8565,0.8411,0.8524,131943507.0
1757332800000,0.8525,0.8681,0.8503,0.8652,143401378.0
1757347200000,0.8651,0.8693,0.8582,0.8619,90540975.0
1757361600000,0.862,0.8687,0.8577,0.8651,61783211.0
1757376000000,0.8651,0.875,0.8552,0.8671,106959000.0
1757390400000,0.8672,0.8922,0.8627,0.8884,187813717.0
1757404800000,0.8885,0.8947,0.8816,0.8842,104687671.0
1757419200000,0.8842,0.8925,0.8521,0.8573,257626553.0
1757433600000,0.8573,0.8659,0.8563,0.8621,71276002.0
1757448000000,0.862,0.8675,0.859,0.8648,43280841.0
1757462400000,0.8648,0.8796,0.8591,0.8774,86526581.0
1757476800000,0.8774,0.8828,0.8693,0.8799,60469588.0
1757491200000,0.8799,0.8825,0.8713,0.8748,53623007.0
1757505600000,0.8748,0.8965,0.8748,0.8879,169406324.0
1757520000000,0.8878,0.8936,0.872,0.8767,92285319.0
1757534400000,0.8767,0.8875,0.8762,0.8853,47067449.0
1757548800000,0.8852,0.8947,0.8826,0.8947,57195545.0
1757563200000,0.8947,0.8947,0.8831,0.887,74521707.0
1757577600000,0.887,0.8914,0.8818,0.8832,59570511.0
1757592000000,0.8832,0.898,0.8647,0.8763,259346138.0
1757606400000,0.8763,0.883,0.8759,0.8819,44540037.0
1757620800000,0.882,0.8966,0.8795,0.8937,59049861.0
1757635200000,0.8937,0.9096,0.8908,0.9005,121780364.0
1757649600000,0.9005,0.9059,0.8968,0.8993,64252054.0
1757664000000,0.8993,0.9004,0.8872,0.8877,76414456.0
1757678400000,0.8877,0.8957,0.882,0.893,115281250.0
1757692800000,0.8929,0.9076,0.8913,0.9073,93528678.0
1757707200000,0.9072,0.918,0.9009,0.9169,115580742.0
1757721600000,0.9169,0.9371,0.9161,0.9289,160563481.0
1757736000000,0.929,0.93,0.9232,0.9259,55235328.0
1757750400000,0.9259,0.9542,0.9252,0.95,201531433.0
1757764800000,0.95,0.952,0.9263,0.9379,184339125.0
1757779200000,0.9379,0.9428,0.914,0.9261,135370958.0
1757793600000,0.9261,0.9354,0.9256,0.9294,48052080.0
1757808000000,0.9293,0.9311,0.9129,0.9169,83617687.0
1757822400000,0.9169,0.9235,0.9101,0.9155,63410134.0
1757836800000,0.9154,0.9195,0.9008,0.902,89269020.0
1757851200000,0.9021,0.9052,0.8786,0.8859,186240578.0
1757865600000,0.886,0.8966,0.8844,0.8886,65076761.0
1757880000000,0.8886,0.8973,0.8851,0.8873,54162890.0
1757894400000,0.8872,0.8954,0.8791,0.8939,61233174.0
1757908800000,0.8939,0.9021,0.8734,0.8772,138550522.0
1757923200000,0.8773,0.8774,0.8518,0.8636,225864986.0
1757937600000,0.8636,0.8695,0.8533,0.859,128816182.0
1757952000000,0.859,0.864,0.8525,0.8591,64236360.0
1757966400000,0.8592,0.8658,0.8582,0.8627,40093237.0
1757980800000,0.8627,0.8656,0.8577,0.859,46693668.0
1757995200000,0.8591,0.8663,0.8524,0.8654,67050059.0
1758009600000,0.8654,0.8743,0.8654,0.8696,75603471.0
1758024000000,0.8696,0.8749,0.856,0.87,125282695.0
1758038400000,0.8701,0.8802,0.8662,0.8768,93224451.0
1758052800000,0.8769,0.8838,0.8752,0.8798,41757896.0
1758067200000,0.8798,0.8835,0.8726,0.8735,63484327.0
1758081600000,0.8734,0.8867,0.8662,0.8819,91795238.0
1758096000000,0.882,0.8822,0.8685,0.8714,53216374.0
1758110400000,0.8714,0.8738,0.8628,0.8678,76566181.0
1758124800000,0.8677,0.8842,0.855,0.8824,249140952.0
1758139200000,0.8823,0.9193,0.875,0.9134,199714084.0
1758153600000,0.9134,0.9254,0.9068,0.9175,116743545.0
1758168000000,0.9176,0.9185,0.8994,0.9078,120505298.0
1758182400000,0.9078,0.9205,0.9072,0.9133,79790220.0
1758196800000,0.9133,0.9281,0.9076,0.9267,164513162.0
1758211200000,0.9268,0.9384,0.922,0.9297,119619111.0
1758225600000,0.9298,0.9336,0.9157,0.9241,95856301.0
1758240000000,0.9242,0.9377,0.9184,0.9192,108835614.0
1758254400000,0.9192,0.9229,0.902,0.9039,142988438.0
1758268800000,0.9039,0.9115,0.8932,0.8961,110931635.0
1758283200000,0.8961,0.9087,0.8908,0.8967,160621619.0
1758297600000,0.8967,0.9046,0.8907,0.8942,81907828.0
1758312000000,0.8941,0.8983,0.8847,0.8899,61300043.0
1758326400000,0.8898,0.8973,0.888,0.8933,54263170.0
1758340800000,0.8934,0.906,0.8908,0.9057,54807602.0
1758355200000,0.9056,0.9059,0.8866,0.8947,63783504.0
1758369600000,0.8947,0.9045,0.8909,0.8998,58499226.0
1758384000000,0.8998,0.903,0.8892,0.8909,52931103.0
1758398400000,0.891,0.8975,0.8901,0.8926,24371972.0
1758412800000,0.8925,0.8982,0.8892,0.8982,40906435.0
1758427200000,0.8982,0.9023,0.8953,0.8992,33206382.0
1758441600000,0.8993,0.8999,0.8765,0.8817,113882680.0
1758456000000,0.8817,0.8893,0.8811,0.8852,44287402.0
1758470400000,0.8853,0.889,0.8743,0.888,67835170.0
1758484800000,0.8881,0.8887,0.879,0.8835,30031023.0
1758499200000,0.8835,0.8873,0.846,0.8553,237432880.0
1758513600000,0.8553,0.8559,0.7782,0.8168,328611041.0
1758528000000,0.8167,0.8276,0.812,0.8219,120448157.0
1758542400000,0.8219,0.8325,0.8186,0.82,109650860.0
1758556800000,0.8199,0.8267,0.8133,0.8149,73393801.0
1758571200000,0.8149,0.8272,0.8128,0.8252,44284582.0
1758585600000,0.8252,0.8289,0.8026,0.8219,122822997.0
1758600000000,0.822,0.8282,0.814,0.8234,77772068.0
1758614400000,0.8234,0.8279,0.8182,0.8216,56506474.0
1758628800000,0.8215,0.8263,0.8151,0.8218,83330166.0
1758643200000,0.8218,0.829,0.8061,0.8079,94777533.0
1758657600000,0.8079,0.8159,0.8044,0.8056,47864959.0
1758672000000,0.8055,0.8157,0.7972,0.7999,77517902.0
1758686400000,0.7999,0.817,0.7895,0.8145,104908484.0
1758700800000,0.8145,0.8226,0.8126,0.819,46224096.0
1758715200000,0.8191,0.8299,0.8164,0.8203,77071076.0
1758729600000,0.8203,0.8265,0.8181,0.8217,44046359.0
1758744000000,0.8217,0.823,0.8111,0.8124,43945503.0
1758758400000,0.8123,0.8141,0.7924,0.8,117825579.0
1758772800000,0.8001,0.8029,0.7856,0.7902,123522011.0
1758787200000,0.7903,0.794,0.7795,0.781,112312213.0
1758801600000,0.7809,0.7997,0.7677,0.7907,216181768.0
1758816000000,0.7906,0.7922,0.7537,0.7713,265763959.0
1758830400000,0.7713,0.774,0.7568,0.7633,92575759.0
1758844800000,0.7634,0.781,0.7633,0.7765,89199464.0
1758859200000,0.7765,0.7792,0.7679,0.7739,73985534.0
1758873600000,0.7739,0.7777,0.7572,0.7635,80706169.0
1758888000000,0.7634,0.7791,0.7572,0.7746,173340213.0
1758902400000,0.7747,0.7959,0.774,0.7888,120306380.0
1758916800000,0.7889,0.7935,0.7863,0.7915,33946644.0
1758931200000,0.7915,0.7938,0.7879,0.792,27691707.0
1758945600000,0.7919,0.7931,0.7811,0.7836,40630396.0
1758960000000,0.7836,0.7859,0.7761,0.783,58697812.0
1758974400000,0.7829,0.7865,0.78,0.7851,34783363.0
1758988800000,0.7852,0.7855,0.7769,0.7812,33482940.0
1759003200000,0.7812,0.7878,0.7782,0.7807,30684902.0
1759017600000,0.7806,0.782,0.7715,0.7745,47159101.0
1759032000000,0.7745,0.7762,0.7685,0.7726,34577832.0
1759046400000,0.7726,0.7732,0.7648,0.7682,46301304.0
1759060800000,0.7682,0.7813,0.7642,0.7811,61938700.0
1759075200000,0.7811,0.7916,0.7811,0.7898,55222088.0
1759089600000,0.7898,0.8117,0.7891,0.8083,79762777.0
1759104000000,0.8083,0.8086,0.7977,0.8043,59125306.0
1759118400000,0.8043,0.8055,0.7923,0.7979,49392145.0
1759132800000,0.7979,0.8039,0.789,0.7943,52667498.0
1759147200000,0.7942,0.8158,0.7874,0.8017,137574177.0
1759161600000,0.8017,0.8054,0.7945,0.8042,60773701.0
1759176000000,0.8043,0.8145,0.8029,0.8056,54429134.0
1759190400000,0.8056,0.8083,0.7958,0.7973,69328223.0
1759204800000,0.7974,0.805,0.7921,0.7937,57598313.0
1759219200000,0.7938,0.7949,0.7839,0.7905,64264719.0
1759233600000,0.7906,0.7955,0.7775,0.7829,96525651.0
1759248000000,0.7828,0.8015,0.7795,0.8007,75485419.0
1759262400000,0.8007,0.813,0.7986,0.807,94094078.0
1759276800000,0.8071,0.8111,0.7966,0.7978,60253901.0
1759291200000,0.7978,0.8068,0.7968,0.8043,42214474.0
1759305600000,0.8042,0.8372,0.8026,0.8361,175540250.0
1759320000000,0.836,0.8424,0.832,0.8403,85194494.0
1759334400000,0.8404,0.8477,0.8325,0.8453,76831523.0
1759348800000,0.8453,0.851,0.8384,0.8505,53190393.0
1759363200000,0.8504,0.86,0.8476,0.8546,86000979.0
1759377600000,0.8546,0.8639,0.85,0.8538,61543465.0
1759392000000,0.8539,0.8572,0.8487,0.8497,55781597.0
1759406400000,0.8496,0.8562,0.8358,0.8534,137549805.0
1759420800000,0.8534,0.8773,0.8523,0.874,126544898.0
1759435200000,0.8741,0.8749,0.8642,0.8703,67851958.0
1759449600000,0.8703,0.8709,0.8543,0.8615,71114890.0
1759464000000,0.8615,0.867,0.8535,0.8568,56262246.0
1759478400000,0.8567,0.8599,0.851,0.8539,49702855.0
1759492800000,0.854,0.8737,0.8478,0.8729,106221631.0
1759507200000,0.8729,0.8921,0.8565,0.87,241321925.0
1759521600000,0.87,0.8737,0.8645,0.8653,42011132.0
1759536000000,0.8654,0.8687,0.8493,0.8544,64308496.0
1759550400000,0.8543,0.8586,0.8515,0.8522,37178234.0
1759564800000,0.8522,0.8533,0.8405,0.8428,65163294.0
1759579200000,0.8428,0.8494,0.8327,0.8352,93561339.0
1759593600000,0.8351,0.8423,0.8342,0.8378,58404729.0
1759608000000,0.8378,0.8437,0.8374,0.8391,35908582.0
1759622400000,0.8391,0.8632,0.8346,0.8546,108711795.0
1759636800000,0.8546,0.8781,0.8545,0.878,147535278.0
1759651200000,0.878,0.8825,0.8573,0.8628,149097857.0
1759665600000,0.8628,0.8628,0.8507,0.8536,75794255.0
1759680000000,0.8536,0.8562,0.8263,0.8299,169501261.0
1759694400000,0.83,0.8398,0.8273,0.8366,75020147.0
1759708800000,0.8365,0.8451,0.8311,0.8395,106360013.0
1759723200000,0.8394,0.8498,0.8358,0.8424,72848388.0
1759737600000,0.8425,0.8546,0.8425,0.8505,67585940.0
1759752000000,0.8506,0.881,0.8506,0.8731,205426893.0
1759766400000,0.8731,0.8808,0.8695,0.8775,112915344.0
1759780800000,0.8775,0.881,0.8665,0.8716,115812378.0
1759795200000,0.8716,0.878,0.8669,0.8682,56032521.0
1759809600000,0.8682,0.8748,0.8539,0.8569,101802618.0
1759824000000,0.8569,0.8606,0.8477,0.8591,90196660.0
1759838400000,0.8591,0.8718,0.8276,0.8328,299859194.0
1759852800000,0.8327,0.8402,0.8226,0.825,132274604.0
1759867200000,0.8251,0.8345,0.8167,0.8195,90155258.0
1759881600000,0.8195,0.8294,0.8089,0.8124,115593099.0
1759896000000,0.8124,0.8178,0.8073,0.8168,68191703.0
1759910400000,0.8169,0.8269,0.8157,0.8212,72576642.0
1759924800000,0.8212,0.8297,0.8122,0.8179,115638520.0
1759939200000,0.8178,0.8516,0.8164,0.8391,166580446.0
1759953600000,0.8392,0.8426,0.8341,0.8385,43821203.0
1759968000000,0.8384,0.8393,0.8122,0.8209,107937167.0
1759982400000,0.821,0.8256,0.8132,0.8143,50362147.0
1759996800000,0.8144,0.8148,0.8016,0.812,114773054.0
1760011200000,0.812,0.821,0.7974,0.8035,169209517.0
1760025600000,0.8036,0.81,0.7939,0.8088,93681482.0
1760040000000,0.8088,0.8187,0.8065,0.815,45277242.0
1760054400000,0.815,0.8216,0.8086,0.8155,59909400.0
1760068800000,0.8155,0.822,0.8096,0.8101,54817548.0
1760083200000,0.8101,0.819,0.808,0.817,55340039.0
1760097600000,0.817,0.8239,0.7763,0.7827,290167015.0
1760112000000,0.7826,0.7892,0.7584,0.767,207623100.0
1760126400000,0.767,0.7746,0.2743,0.6347,1901641975.0
1760140800000,0.6348,0.6733,0.6172,0.6469,465831895.0
1760155200000,0.6468,0.6591,0.6407,0.652,202648420.0
1760169600000,0.6521,0.6823,0.6481,0.6658,192140902.0
1760184000000,0.6657,0.6663,0.6397,0.6543,165197538.0
1760198400000,0.6543,0.658,0.6234,0.6311,145120264.0
1760212800000,0.631,0.6344,0.6085,0.631,203332364.0
1760227200000,0.631,0.6375,0.6172,0.6329,127082212.0
1760241600000,0.633,0.6506,0.6318,0.6465,88106046.0
1760256000000,0.6465,0.6508,0.6376,0.6434,75510203.0
1760270400000,0.6434,0.6834,0.6366,0.6798,306742591.0
1760284800000,0.6797,0.6991,0.6778,0.6982,198785829.0
1760299200000,0.6982,0.7088,0.6857,0.6995,125759805.0
1760313600000,0.6995,0.7158,0.6944,0.7031,127005756.0
1760328000000,0.7032,0.7251,0.6962,0.7166,107430169.0
1760342400000,0.7166,0.7294,0.69,0.706,198273471.0
1760356800000,0.706,0.7273,0.7011,0.7155,241491254.0
1760371200000,0.7155,0.7281,0.7077,0.7241,118383203.0
1760385600000,0.7241,0.7356,0.7226,0.7282,82003809.0
1760400000000,0.7281,0.733,0.71,0.7153,105368297.0
1760414400000,0.7154,0.7178,0.6685,0.6774,251791453.0
1760428800000,0.6774,0.6862,0.662,0.6765,165249685.0
1760443200000,0.6766,0.6966,0.6614,0.6955,220458663.0
1760457600000,0.6956,0.7087,0.6853,0.694,207477631.0
1760472000000,0.6941,0.7012,0.6897,0.6983,64994695.0
1760486400000,0.6984,0.7038,0.6869,0.6906,73143421.0
1760500800000,0.6907,0.7035,0.6877,0.7019,69910570.0
1760515200000,0.7019,0.7158,0.6859,0.6901,122868406.0
1760529600000,0.6902,0.6936,0.6684,0.6724,155648991.0
1760544000000,0.6724,0.6764,0.6634,0.669,95899502.0
1760558400000,0.6691,0.6725,0.6567,0.668,85119381.0
1760572800000,0.6681,0.6755,0.6655,0.6697,55227698.0
1760587200000,0.6698,0.6761,0.6641,0.6704,62180133.0
1760601600000,0.6703,0.6813,0.65,0.6797,143955809.0
1760616000000,0.6798,0.6843,0.6481,0.6517,172090517.0
1760630400000,0.6517,0.6642,0.638,0.6431,223907832.0
1760644800000,0.643,0.6458,0.6326,0.6447,76474122.0
1760659200000,0.6448,0.6556,0.643,0.6516,63485616.0
1760673600000,0.6516,0.652,0.6068,0.6089,195522172.0
1760688000000,0.6089,0.6216,0.5917,0.6167,280552228.0
1760702400000,0.6166,0.6255,0.6065,0.6253,196450890.0
1760716800000,0.6254,0.6339,0.6199,0.6236,116820276.0
1760731200000,0.6237,0.6348,0.6222,0.6243,46665367.0
1760745600000,0.6243,0.6365,0.6227,0.6317,48980782.0
1760760000000,0.6317,0.6389,0.6243,0.6314,60134235.0
1760774400000,0.6315,0.6379,0.6296,0.6377,47223696.0
1760788800000,0.6377,0.6405,0.6266,0.6317,52682426.0
1760803200000,0.6317,0.6373,0.6256,0.6362,43525481.0
1760817600000,0.6363,0.639,0.6312,0.634,24754799.0
1760832000000,0.6339,0.6361,0.6273,0.6347,36055317.0
1760846400000,0.6346,0.6355,0.6261,0.6298,36532096.0
1760860800000,0.6299,0.6496,0.6221,0.6422,157799325.0
1760875200000,0.6423,0.6612,0.6377,0.6598,119833656.0
1760889600000,0.6599,0.6648,0.6546,0.659,70418894.0
1760904000000,0.6589,0.6617,0.6506,0.6524,49798234.0
1760918400000,0.6524,0.6647,0.6389,0.6624,109052687.0
1760932800000,0.6624,0.6755,0.66,0.6694,95506563.0
1760947200000,0.6694,0.674,0.6621,0.666,97615718.0
1760961600000,0.666,0.6711,0.6623,0.6639,66687915.0
1760976000000,0.6639,0.6703,0.653,0.6671,109565855.0
1760990400000,0.667,0.6702,0.6616,0.6622,38632035.0
1761004800000,0.6622,0.6631,0.6485,0.6505,61847954.0
1761019200000,0.6505,0.6507,0.6379,0.6433,103029726.0
1761033600000,0.6433,0.6485,0.6365,0.6451,64369569.0
1761048000000,0.6452,0.6852,0.6433,0.6802,190815273.0
1761062400000,0.6802,0.6838,0.6641,0.6685,120768127.0
1761076800000,0.6685,0.6696,0.6398,0.6423,121121787.0
1761091200000,0.6424,0.6464,0.6372,0.6412,73969298.0
1761105600000,0.6412,0.6444,0.632,0.6371,76594484.0
1761120000000,0.6371,0.6384,0.6227,0.6354,98492867.0
1761134400000,0.6355,0.643,0.6275,0.6354,158954527.0
1761148800000,0.6354,0.6378,0.6218,0.6272,109832896.0
1761163200000,0.6273,0.629,0.6045,0.6234,140555088.0
1761177600000,0.6235,0.6296,0.6223,0.6269,52367706.0
1761192000000,0.627,0.6426,0.6258,0.6391,60684195.0
1761206400000,0.6392,0.6432,0.6345,0.6358,49011289.0
1761220800000,0.6357,0.6458,0.6305,0.6422,94178988.0
1761235200000,0.6423,0.6537,0.641,0.6451,71398349.0
1761249600000,0.645,0.6452,0.6361,0.6426,50006734.0
1761264000000,0.6426,0.647,0.6388,0.6403,48102718.0
1761278400000,0.6402,0.6547,0.6384,0.6493,69150931.0
1761292800000,0.6492,0.6532,0.643,0.6502,54885711.0
1761307200000,0.6503,0.6667,0.6429,0.6447,143405916.0
1761321600000,0.6447,0.6556,0.6421,0.6546,54438584.0
1761336000000,0.6546,0.6586,0.6539,0.6556,48017034.0
1761350400000,0.6556,0.6592,0.6526,0.6531,44115669.0
1761364800000,0.6531,0.6578,0.6507,0.6514,35258806.0
1761379200000,0.6513,0.6546,0.6476,0.6536,36588569.0
1761393600000,0.6535,0.6567,0.6508,0.6525,50404621.0
1761408000000,0.6525,0.659,0.6514,0.6575,32075489.0
1761422400000,0.6574,0.6588,0.6533,0.654,25327238.0
1761436800000,0.6539,0.6561,0.6462,0.6476,40393842.0
1761451200000,0.6476,0.656,0.6472,0.6552,24328347.0
1761465600000,0.6552,0.6732,0.6551,0.6731,85343273.0
1761480000000,0.6731,0.6801,0.6724,0.6775,83824620.0
1761494400000,0.6775,0.6784,0.6713,0.6728,43192826.0
1761508800000,0.6727,0.6882,0.6679,0.6809,89068331.0
1761523200000,0.6808,0.6933,0.6792,0.6842,84327915.0
1761537600000,0.6843,0.6909,0.6771,0.6797,81254765.0
1761552000000,0.6797,0.6832,0.6711,0.6774,80265509.0
1761566400000,0.6773,0.6776,0.6655,0.674,92366886.0
1761580800000,0.674,0.6847,0.6737,0.6744,75503256.0
1761595200000,0.6745,0.6746,0.663,0.6667,71965886.0
1761609600000,0.6666,0.6717,0.66,0.6647,76011133.0
1761624000000,0.6647,0.6711,0.6561,0.6629,96396724.0
1761638400000,0.6629,0.6672,0.6612,0.6619,51045061.0
1761652800000,0.6619,0.6752,0.6513,0.6638,154598962.0
1761667200000,0.6638,0.6713,0.6518,0.6543,91506246.0
1761681600000,0.6542,0.6545,0.635,0.6454,169250283.0
1761696000000,0.6454,0.6472,0.6406,0.6416,48303961.0
1761710400000,0.6416,0.6467,0.6409,0.6456,43832380.0
1761724800000,0.6457,0.6506,0.6393,0.6493,64191730.0
1761739200000,0.6494,0.6547,0.636,0.6387,117996862.0
1761753600000,0.6388,0.6599,0.6228,0.65,314344457.0
1761768000000,0.65,0.6568,0.6365,0.6397,87017010.0
1761782400000,0.6398,0.6483,0.6353,0.6443,52347429.0
1761796800000,0.6442,0.6478,0.62,0.645,149587719.0
1761811200000,0.645,0.6451,0.6283,0.6286,80357324.0
1761825600000,0.6287,0.6296,0.6009,0.6027,227361024.0
1761840000000,0.6028,0.6075,0.5859,0.5875,154815229.0
1761854400000,0.5875,0.6015,0.5861,0.6013,101246362.0
1761868800000,0.6013,0.6113,0.5998,0.6098,85879503.0
1761883200000,0.6098,0.6152,0.6092,0.6107,59165731.0
1761897600000,0.6106,0.6168,0.6077,0.6163,78016807.0
1761912000000,0.6162,0.6199,0.6086,0.6123,100726887.0
1761926400000,0.6122,0.6134,0.5974,0.6109,127314065.0
1761940800000,0.6108,0.6112,0.6054,0.6087,44157389.0
1761955200000,0.6087,0.6125,0.603,0.6121,41597437.0
1761969600000,0.6121,0.6143,0.6066,0.6136,40948036.0
1761984000000,0.6136,0.6174,0.6108,0.6123,43049225.0
1761998400000,0.6123,0.6147,0.6048,0.612,52864779.0
1762012800000,0.6121,0.6144,0.6091,0.6134,38178296.0
1762027200000,0.6134,0.6155,0.6075,0.6124,24192830.0
1762041600000,0.6125,0.6126,0.6075,0.6083,25391631.0
1762056000000,0.6084,0.6186,0.6077,0.6172,37754429.0
1762070400000,0.6173,0.6182,0.6047,0.6139,61565960.0
1762084800000,0.6138,0.6141,0.5964,0.599,82675051.0
1762099200000,0.5989,0.6011,0.5917,0.5965,69055708.0
1762113600000,0.5964,0.6116,0.595,0.6103,57095575.0
1762128000000,0.6103,0.612,0.5737,0.575,173274623.0
1762142400000,0.5751,0.5805,0.566,0.5768,157224686.0
1762156800000,0.5768,0.5851,0.5703,0.5753,113505291.0
1762171200000,0.5754,0.5802,0.5244,0.5502,324782343.0
1762185600000,0.5502,0.5689,0.5463,0.5548,161675256.0
1762200000000,0.5549,0.5562,0.5417,0.5526,101097715.0
1762214400000,0.5526,0.5623,0.546,0.5609,79510509.0
1762228800000,0.561,0.563,0.5302,0.534,210426665.0
1762243200000,0.5339,0.5483,0.532,0.5456,127933713.0
1762257600000,0.5457,0.5535,0.532,0.5425,163764861.0
1762272000000,0.5424,0.5464,0.5076,0.5144,362570196.0
1762286400000,0.5144,0.5261,0.4894,0.5206,406785699.0
1762300800000,0.5206,0.5341,0.4943,0.5325,211735049.0
1762315200000,0.5325,0.5375,0.5282,0.5342,79618537.0
1762329600000,0.5341,0.5359,0.5228,0.5348,123026357.0
1762344000000,0.5349,0.5485,0.5337,0.5484,139992080.0
1762358400000,0.5485,0.55,0.5417,0.5432,114289162.0
1762372800000,0.5432,0.5484,0.5387,0.5449,80641405.0
1762387200000,0.5449,0.5455,0.5343,0.5427,81774506.0
1762401600000,0.5427,0.5446,0.5325,0.5339,83895676.0
1762416000000,0.5338,0.5386,0.5311,0.5349,83233206.0
1762430400000,0.5349,0.5393,0.5211,0.5234,140186699.0
1762444800000,0.5234,0.5319,0.5164,0.5282,123532313.0
1762459200000,0.5282,0.5344,0.5226,0.5316,70503130.0
1762473600000,0.5315,0.5409,0.5283,0.5403,97885155.0
1762488000000,0.5404,0.5479,0.5354,0.5476,71442766.0
1762502400000,0.5476,0.5496,0.5249,0.5306,111583672.0
1762516800000,0.5306,0.5471,0.5192,0.5439,188784229.0
1762531200000,0.544,0.5852,0.5417,0.5798,250483432.0
1762545600000,0.5798,0.586,0.5751,0.576,79078800.0
1762560000000,0.5759,0.5928,0.5736,0.582,101530152.0
1762574400000,0.582,0.5904,0.5737,0.5821,82204192.0
1762588800000,0.582,0.5857,0.5713,0.5744,93634646.0
1762603200000,0.5744,0.5779,0.5551,0.557,108095280.0
1762617600000,0.5571,0.5639,0.5535,0.5604,79716684.0
1762632000000,0.5605,0.5691,0.5582,0.5682,35985003.0
1762646400000,0.5683,0.5685,0.5476,0.5502,81399467.0
1762660800000,0.5502,0.5636,0.55,0.5624,54442476.0
1762675200000,0.5625,0.5633,0.5495,0.5622,69733942.0
1762689600000,0.5621,0.5786,0.5602,0.575,105794759.0
1762704000000,0.575,0.5827,0.5691,0.5825,71222990.0
1762718400000,0.5825,0.584,0.5727,0.5785,52787626.0
1762732800000,0.5786,0.5908,0.5733,0.588,67923020.0
1762747200000,0.5881,0.5916,0.5847,0.5889,40500318.0
1762761600000,0.5889,0.6028,0.5832,0.5954,86719174.0
1762776000000,0.5954,0.6006,0.5805,0.5846,104299146.0
1762790400000,0.5846,0.5924,0.5776,0.5879,72598371.0
1762804800000,0.5879,0.598,0.5834,0.5924,55893975.0
1762819200000,0.5924,0.6068,0.5862,0.5983,104877236.0
1762833600000,0.5982,0.6002,0.5752,0.5756,97567446.0
1762848000000,0.5755,0.5836,0.5743,0.58,52384756.0
1762862400000,0.5799,0.5839,0.5702,0.5718,98719709.0
1762876800000,0.5718,0.5753,0.5606,0.562,83015884.0
1762891200000,0.5621,0.5642,0.553,0.556,60603339.0
1762905600000,0.5561,0.5616,0.5523,0.5602,52510161.0
1762920000000,0.5602,0.5649,0.5557,0.5565,56015401.0
1762934400000,0.5565,0.5742,0.5565,0.5733,70618990.0
1762948800000,0.5733,0.5805,0.556,0.5578,144772773.0
1762963200000,0.5578,0.5595,0.5389,0.5434,153569468.0
1762977600000,0.5434,0.5508,0.5417,0.5454,50534989.0
1762992000000,0.5455,0.5637,0.5431,0.5585,77795141.0
1763006400000,0.5584,0.5707,0.5548,0.5644,87505040.0
1763020800000,0.5644,0.5715,0.5617,0.5645,67163130.0
1763035200000,0.5645,0.5686,0.5515,0.5538,134942252.0
1763049600000,0.5537,0.5545,0.5184,0.5212,210463081.0
1763064000000,0.5212,0.5343,0.5139,0.5294,120489974.0
1763078400000,0.5295,0.5333,0.5233,0.5254,72768845.0
1763092800000,0.5255,0.5277,0.5063,0.5238,191556944.0
1763107200000,0.5237,0.5238,0.5099,0.513,80770465.0
1763121600000,0.513,0.5189,0.4994,0.5139,235670696.0
1763136000000,0.5139,0.5204,0.5067,0.5157,99074949.0
1763150400000,0.5157,0.516,0.4897,0.4981,126261858.0
1763164800000,0.4981,0.5143,0.4975,0.5113,60773649.0
1763179200000,0.5113,0.515,0.506,0.5095,69080020.0
1763193600000,0.5096,0.5102,0.4997,0.5016,73923851.0
1763208000000,0.5016,0.51,0.5004,0.5067,51555281.0
1763222400000,0.5066,0.5111,0.5022,0.5075,49003729.0
1763236800000,0.5076,0.5077,0.4985,0.5032,45860823.0
1763251200000,0.5033,0.5061,0.4922,0.5041,78827876.0
1763265600000,0.5041,0.5059,0.4995,0.5049,48201428.0
1763280000000,0.5049,0.509,0.4952,0.497,66744215.0
1763294400000,0.4969,0.4997,0.4824,0.4836,132080793.0
1763308800000,0.4836,0.4903,0.4751,0.4812,199726814.0
1763323200000,0.4812,0.4877,0.4728,0.4844,140130744.0
1763337600000,0.4843,0.4955,0.4787,0.4932,101122144.0
1763352000000,0.4932,0.4977,0.4898,0.4958,75277886.0
1763366400000,0.4959,0.4987,0.4908,0.4951,79799106.0
1763380800000,0.4951,0.4998,0.4723,0.4752,302673959.0
1763395200000,0.4752,0.4839,0.4584,0.4606,227984590.0
1763409600000,0.4605,0.4663,0.4573,0.4659,113195606.0
1763424000000,0.466,0.4703,0.4557,0.4682,184223479.0
1763438400000,0.4682,0.4718,0.4575,0.4646,134403833.0
1763452800000,0.4646,0.471,0.4637,0.4687,105845339.0
1763467200000,0.4688,0.4774,0.4595,0.4739,170001963.0
1763481600000,0.4739,0.4822,0.472,0.4779,111809451.0
1763496000000,0.4779,0.481,0.4712,0.4751,70597663.0
1763510400000,0.4751,0.4773,0.4675,0.4683,85825267.0
1763524800000,0.4683,0.4699,0.4527,0.4681,139790089.0
1763539200000,0.468,0.4706,0.4631,0.4655,88954269.0
1763553600000,0.4656,0.4732,0.4558,0.4563,152077202.0
1763568000000,0.4562,0.4596,0.4378,0.4414,213514000.0
1763582400000,0.4414,0.4641,0.4402,0.4637,126110311.0
1763596800000,0.4636,0.4696,0.4608,0.4665,89191732.0
1763611200000,0.4665,0.4708,0.4632,0.4702,90705211.0
1763625600000,0.4702,0.4709,0.4639,0.4661,54080339.0
1763640000000,0.4661,0.4722,0.4548,0.4555,155140121.0
1763654400000,0.4554,0.4563,0.4285,0.4356,338344989.0
1763668800000,0.4355,0.4451,0.4307,0.4322,123431062.0
1763683200000,0.4321,0.4395,0.4241,0.4298,166373498.0
1763697600000,0.4297,0.4311,0.3894,0.4085,374405038.0
1763712000000,0.4086,0.4176,0.398,0.3985,299238789.0
1763726400000,0.3986,0.4138,0.3875,0.401,393333055.0
1763740800000,0.4009,0.4175,0.3957,0.4096,315945114.0
1763755200000,0.4095,0.4141,0.3974,0.4089,187760044.0
1763769600000,0.409,0.413,0.4047,0.407,88942502.0
1763784000000,0.407,0.4074,0.3977,0.4057,96845083.0
1763798400000,0.4056,0.4057,0.3956,0.4017,111564056.0
1763812800000,0.4017,0.4018,0.3905,0.398,130721393.0
1763827200000,0.3981,0.4047,0.3976,0.4011,65110396.0
1763841600000,0.4012,0.4105,0.3989,0.4043,65591731.0
1763856000000,0.4043,0.4112,0.4012,0.4104,73278536.0
1763870400000,0.4103,0.4154,0.4057,0.4086,88881222.0
1763884800000,0.4085,0.4131,0.4058,0.4094,83063576.0
1763899200000,0.4094,0.4183,0.4085,0.4166,109424382.0
1763913600000,0.4166,0.418,0.4078,0.4128,124307430.0
1763928000000,0.4129,0.4166,0.4075,0.4083,57922461.0
1763942400000,0.4083,0.42,0.4037,0.4162,98078471.0
1763956800000,0.4163,0.4217,0.4082,0.413,108536273.0
1763971200000,0.4129,0.4139,0.4049,0.4081,70954114.0
1763985600000,0.4081,0.4152,0.4017,0.4127,131927747.0
1764000000000,0.4126,0.4301,0.4124,0.427,182119137.0
1764014400000,0.427,0.4339,0.4268,0.4274,70562160.0
1764028800000,0.4274,0.4288,0.4218,0.4241,75158647.0
1764043200000,0.4241,0.4273,0.418,0.4181,65167254.0
1764057600000,0.4182,0.4195,0.4129,0.4146,92717755.0
1764072000000,0.4147,0.4173,0.4044,0.4107,164409874.0
1764086400000,0.4107,0.4212,0.4103,0.4168,127850085.0
1764100800000,0.4168,0.4262,0.4133,0.4217,111715887.0
1764115200000,0.4218,0.4284,0.4205,0.4208,79540995.0
1764129600000,0.4208,0.425,0.4185,0.4248,66233835.0
1764144000000,0.4247,0.425,0.4135,0.415,73078272.0
1764158400000,0.415,0.418,0.4101,0.4127,95754915.0
1764172800000,0.4126,0.4357,0.4124,0.4338,154221253.0
1764187200000,0.4339,0.4372,0.431,0.4355,75209898.0
1764201600000,0.4355,0.4387,0.4321,0.4327,89162170.0
1764216000000,0.4327,0.4354,0.43,0.4336,68255122.0
1764230400000,0.4336,0.437,0.4284,0.43,80064302.0
1764244800000,0.43,0.4334,0.4262,0.4329,80097939.0
1764259200000,0.4328,0.4374,0.4302,0.4357,79303440.0
1764273600000,0.4358,0.4389,0.4312,0.4329,52805652.0
1764288000000,0.4329,0.4333,0.4214,0.4258,104820893.0
1764302400000,0.4259,0.4279,0.4222,0.4239,76599822.0
1764316800000,0.4239,0.4369,0.4238,0.4256,122802843.0
1764331200000,0.4256,0.4346,0.4226,0.4325,133113029.0
1764345600000,0.4325,0.4327,0.4143,0.4211,137399167.0
1764360000000,0.4211,0.4227,0.4171,0.4197,51587523.0
1764374400000,0.4198,0.4218,0.4158,0.4159,45122841.0
1764388800000,0.416,0.4184,0.4131,0.4151,73790380.0
1764403200000,0.4151,0.4189,0.4134,0.4182,45339388.0
1764417600000,0.4183,0.4209,0.4151,0.4199,76610770.0
1764432000000,0.42,0.4215,0.4111,0.4148,96361188.0
1764446400000,0.4147,0.4182,0.4131,0.4144,63701041.0
1764460800000,0.4143,0.4199,0.4131,0.4198,76920727.0
1764475200000,0.4198,0.4201,0.4146,0.4182,50985682.0
1764489600000,0.4182,0.4216,0.4164,0.4174,77080561.0
1764504000000,0.4174,0.4262,0.417,0.4228,85822525.0
1764518400000,0.4228,0.4273,0.4225,0.4248,63982973.0
1764532800000,0.4248,0.4267,0.4138,0.4139,79494887.0
1764547200000,0.4139,0.4154,0.3837,0.3859,400340710.0
1764561600000,0.3858,0.3889,0.3808,0.3883,135129029.0
1764576000000,0.3884,0.3887,0.382,0.3823,83624431.0
1764590400000,0.3823,0.3842,0.3705,0.3759,275434098.0
1764604800000,0.376,0.3788,0.3713,0.376,115488574.0
1764619200000,0.376,0.3874,0.3759,0.3853,106787447.0
1764633600000,0.3852,0.3919,0.3845,0.391,102935965.0
1764648000000,0.391,0.3935,0.3884,0.3892,69444207.0
1764662400000,0.3891,0.3948,0.3851,0.3936,86035812.0
1764676800000,0.3935,0.4309,0.3926,0.4282,284840929.0
1764691200000,0.4282,0.4378,0.4258,0.4344,206715222.0
1764705600000,0.4344,0.4389,0.4321,0.4334,123340703.0
1764720000000,0.4333,0.4389,0.4296,0.4379,122402090.0
1764734400000,0.4379,0.447,0.4353,0.4425,170169618.0
1764748800000,0.4426,0.4467,0.4353,0.4367,99593962.0
1764763200000,0.4367,0.441,0.4261,0.434,190280278.0
1764777600000,0.434,0.4451,0.4314,0.4447,87641729.0
1764792000000,0.4447,0.454,0.4434,0.4498,112966216.0
1764806400000,0.4498,0.4557,0.4467,0.4491,86955487.0
1764820800000,0.4492,0.4537,0.4448,0.4516,93245194.0
1764835200000,0.4516,0.4524,0.444,0.4461,59410248.0
1764849600000,0.4461,0.4553,0.4395,0.4503,124542111.0
1764864000000,0.4503,0.4518,0.4342,0.4413,132240847.0
1764878400000,0.4412,0.4436,0.4373,0.439,55462903.0
1764892800000,0.4391,0.4426,0.4378,0.4393,48001552.0
1764907200000,0.4393,0.4422,0.4358,0.4413,54928182.0
1764921600000,0.4413,0.4414,0.4277,0.4301,87068338.0
1764936000000,0.4301,0.4323,0.4228,0.426,129125440.0
1764950400000,0.4259,0.4261,0.4088,0.4158,192013412.0
1764964800000,0.4158,0.4168,0.4125,0.4155,59348601.0
1764979200000,0.4154,0.4175,0.4118,0.4163,34072215.0
1764993600000,0.4163,0.4167,0.4101,0.4115,32506542.0
1765008000000,0.4115,0.415,0.4095,0.4146,36481901.0
1765022400000,0.4145,0.4165,0.4114,0.4146,69108909.0
1765036800000,0.4145,0.4211,0.4119,0.4127,74932936.0
1765051200000,0.4128,0.4167,0.4108,0.4135,43292009.0
1765065600000,0.4135,0.4195,0.4132,0.4189,37623172.0
1765080000000,0.419,0.4206,0.4138,0.4171,82101817.0
1765094400000,0.4172,0.4195,0.414,0.4146,45895839.0
1765108800000,0.4146,0.4201,0.4052,0.4197,171157394.0
1765123200000,0.4197,0.4349,0.4178,0.4317,169554048.0
1765137600000,0.4317,0.4328,0.4106,0.4171,112424471.0
1765152000000,0.4171,0.4267,0.414,0.4226,70998168.0
1765166400000,0.4226,0.43,0.4222,0.4289,54803116.0
1765180800000,0.4289,0.439,0.428,0.4314,114817585.0
1765195200000,0.4315,0.44,0.4298,0.435,157531355.0
1765209600000,0.435,0.4413,0.4297,0.434,120850013.0
1765224000000,0.4341,0.4372,0.4293,0.4326,65645095.0
1765238400000,0.4326,0.4346,0.4265,0.4317,69529821.0
1765252800000,0.4318,0.4325,0.4233,0.4274,76558827.0
1765267200000,0.4273,0.4437,0.4236,0.4374,118027969.0
1765281600000,0.4374,0.4694,0.4364,0.4667,354310342.0
1765296000000,0.4667,0.4837,0.4667,0.4765,261866967.0
1765310400000,0.4765,0.4815,0.464,0.4694,164396744.0
1765324800000,0.4695,0.4717,0.4616,0.4622,81331960.0
1765339200000,0.4622,0.4655,0.4578,0.4611,98236637.0
1765353600000,0.4611,0.4757,0.4592,0.4654,195019250.0
1765368000000,0.4653,0.4661,0.4605,0.4615,95988020.0
1765382400000,0.4615,0.4709,0.4565,0.4645,172323524.0
1765396800000,0.4645,0.4745,0.4521,0.4534,163241184.0
1765411200000,0.4533,0.4548,0.4288,0.4296,187673461.0
1765425600000,0.4295,0.4343,0.4247,0.4265,134026723.0
1765440000000,0.4264,0.4265,0.4191,0.4203,134316177.0
1765454400000,0.4204,0.4213,0.4114,0.4172,258741024.0
1765468800000,0.4172,0.4219,0.4087,0.4172,174620754.0
1765483200000,0.4173,0.4278,0.4168,0.4251,151270397.0
1765497600000,0.4251,0.4269,0.4175,0.4223,114467722.0
1765512000000,0.4222,0.4291,0.419,0.426,100271176.0
1765526400000,0.4259,0.4274,0.421,0.4242,74093292.0
1765540800000,0.4242,0.427,0.4063,0.4081,187411752.0
1765555200000,0.4081,0.4157,0.4034,0.4093,222592000.0
1765569600000,0.4093,0.4112,0.4076,0.4089,55735779.0
1765584000000,0.4089,0.4117,0.4088,0.4089,38250600.0
1765598400000,0.4088,0.4119,0.4078,0.4103,54301197.0
1765612800000,0.4103,0.4154,0.4098,0.412,62645378.0
1765627200000,0.412,0.4145,0.4102,0.413,60438189.0
1765641600000,0.413,0.4142,0.4086,0.41,59038941.0
1765656000000,0.41,0.4112,0.4056,0.4103,62383006.0
1765670400000,0.4103,0.4114,0.4084,0.4096,28885633.0
1765684800000,0.4096,0.41,0.4059,0.4075,40420172.0
1765699200000,0.4076,0.4094,0.3972,0.4032,129246083.0
1765713600000,0.4032,0.4049,0.396,0.399,140607045.0
1765728000000,0.3991,0.4024,0.3951,0.3983,95254659.0
1765742400000,0.3983,0.4001,0.3911,0.396,82602763.0
1765756800000,0.396,0.4075,0.3953,0.4012,90510498.0
1765771200000,0.4012,0.4064,0.4011,0.402,60295102.0
1765785600000,0.402,0.4058,0.4001,0.4028,64427325.0
1765800000000,0.4029,0.4052,0.382,0.3851,222849434.0
1765814400000,0.3851,0.3902,0.377,0.3843,207933765.0
1765828800000,0.3844,0.3881,0.3794,0.3879,89145377.0
1765843200000,0.3879,0.3897,0.3798,0.3826,79194737.0
1765857600000,0.3826,0.3852,0.3772,0.38,75162348.0
1765872000000,0.38,0.3906,0.3797,0.3878,106552085.0
1765886400000,0.3878,0.3915,0.378,0.3899,189881936.0
1765900800000,0.3899,0.3904,0.3837,0.3869,80833520.0
1765915200000,0.3868,0.3882,0.3843,0.3857,30936572.0
1765929600000,0.3857,0.3877,0.382,0.3832,57925162.0
1765944000000,0.3832,0.3835,0.3759,0.3807,82136413.0
1765958400000,0.3807,0.3809,0.3764,0.3804,50022193.0
1765972800000,0.3803,0.4,0.378,0.3818,299563510.0
1765987200000,0.3818,0.3847,0.3637,0.3686,300428911.0
1766001600000,0.3686,0.3719,0.3643,0.3672,77367420.0
1766016000000,0.3672,0.3687,0.3626,0.3647,77345235.0
1766030400000,0.3648,0.3666,0.3604,0.3621,83883128.0
1766044800000,0.362,0.3657,0.3615,0.3645,80436473.0
1766059200000,0.3646,0.3794,0.3634,0.3731,238403845.0
1766073600000,0.3731,0.3734,0.3464,0.3475,313091719.0
1766088000000,0.3474,0.3553,0.3468,0.3512,104342866.0
1766102400000,0.3513,0.3631,0.3463,0.3595,165618934.0
1766116800000,0.3595,0.3696,0.3592,0.3662,94861504.0
1766131200000,0.3661,0.3674,0.3644,0.366,63490863.0
1766145600000,0.3661,0.3788,0.3648,0.371,149922976.0
1766160000000,0.371,0.3809,0.369,0.3779,151651853.0
1766174400000,0.3779,0.3806,0.3749,0.3766,54708634.0
1766188800000,0.3766,0.377,0.3733,0.3742,46163130.0
1766203200000,0.3742,0.375,0.3719,0.3742,44288591.0
1766217600000,0.3742,0.3802,0.3742,0.3784,65354220.0
1766232000000,0.3784,0.3793,0.3742,0.3774,53641246.0
1766246400000,0.3773,0.3779,0.3749,0.3751,33861314.0
1766260800000,0.3751,0.3763,0.3725,0.3728,34826451.0
1766275200000,0.3728,0.3738,0.3673,0.3693,60069589.0
1766289600000,0.3693,0.3695,0.3667,0.3673,37414137.0
1766304000000,0.3672,0.3744,0.3664,0.3697,87851304.0
1766318400000,0.3698,0.3722,0.3573,0.3607,164376465.0
1766332800000,0.3608,0.3656,0.3597,0.3649,73871751.0
1766347200000,0.365,0.3683,0.3588,0.3659,65485474.0
1766361600000,0.3659,0.3752,0.3614,0.367,142383128.0
1766376000000,0.367,0.3694,0.3646,0.368,60375901.0
1766390400000,0.3681,0.3719,0.3665,0.3704,81921905.0
1766404800000,0.3705,0.3822,0.3705,0.3792,201672468.0
1766419200000,0.3792,0.3813,0.3675,0.3683,142704110.0
1766433600000,0.3683,0.3733,0.3656,0.371,98150887.0
1766448000000,0.371,0.3742,0.3653,0.3682,67630300.0
1766462400000,0.3681,0.3693,0.363,0.3639,66610894.0
1766476800000,0.364,0.3688,0.362,0.3671,57217455.0
1766491200000,0.3671,0.3672,0.3548,0.3607,152196459.0
1766505600000,0.3606,0.365,0.359,0.3612,90984639.0
1766520000000,0.3612,0.3661,0.3602,0.3627,53640616.0
1766534400000,0.3627,0.3651,0.3565,0.3599,78951490.0
1766548800000,0.3598,0.3619,0.3536,0.3557,109967908.0
1766563200000,0.3556,0.3594,0.3541,0.3585,55177496.0
1766577600000,0.3585,0.3595,0.3519,0.3553,102527736.0
1766592000000,0.3553,0.3581,0.3537,0.356,71900874.0
1766606400000,0.356,0.3586,0.3547,0.3565,48233715.0
1766620800000,0.3564,0.3607,0.3545,0.3603,51006406.0
1766635200000,0.3603,0.3612,0.3585,0.3589,38992473.0
1766649600000,0.3589,0.3608,0.3494,0.3507,117604820.0
1766664000000,0.3507,0.3592,0.3491,0.3571,148091262.0
1766678400000,0.3572,0.3599,0.3529,0.3595,100490808.0
1766692800000,0.3594,0.3597,0.3389,0.3433,164600978.0
1766707200000,0.3432,0.3584,0.3415,0.3531,193586629.0
1766721600000,0.3532,0.3572,0.3509,0.3519,106336602.0
1766736000000,0.3518,0.3561,0.3516,0.355,55030324.0
1766750400000,0.355,0.3578,0.3451,0.3466,147181897.0
1766764800000,0.3466,0.3508,0.3439,0.3498,86179515.0
1766779200000,0.3499,0.351,0.3486,0.3494,36787508.0
1766793600000,0.3494,0.3558,0.3485,0.3545,55299395.0
1766808000000,0.3546,0.3549,0.3518,0.3521,41364471.0
1766822400000,0.352,0.3554,0.3518,0.3551,51454814.0
1766836800000,0.3552,0.3589,0.3552,0.3569,78872109.0
1766851200000,0.357,0.3581,0.3555,0.3576,42520286.0
1766865600000,0.3576,0.3711,0.3575,0.3699,158055249.0
1766880000000,0.3698,0.371,0.3675,0.3698,70846182.0
1766894400000,0.3699,0.3773,0.3688,0.3739,93318370.0
1766908800000,0.374,0.3751,0.3696,0.3714,77712913.0
1766923200000,0.3713,0.3723,0.3684,0.3695,57617861.0
1766937600000,0.3694,0.3714,0.361,0.3626,117269375.0
1766952000000,0.3625,0.3687,0.3613,0.3684,74149487.0
1766966400000,0.3684,0.3829,0.3666,0.381,165082651.0
1766980800000,0.381,0.3846,0.3734,0.3757,125890265.0
1766995200000,0.3757,0.3775,0.3672,0.3692,109062989.0
1767009600000,0.3692,0.3695,0.3617,0.3652,152194901.0
1767024000000,0.3652,0.3655,0.3525,0.3527,148010968.0
1767038400000,0.3528,0.3553,0.3502,0.3528,82094851.0
1767052800000,0.3528,0.3551,0.3479,0.3524,98804246.0
1767067200000,0.3524,0.3533,0.3505,0.352,57978247.0
1767081600000,0.352,0.3567,0.3518,0.3521,98833690.0
1767096000000,0.3521,0.3567,0.35,0.3539,127974776.0
1767110400000,0.354,0.3555,0.3492,0.3511,106859765.0
1767124800000,0.351,0.3517,0.3483,0.351,59085678.0
1767139200000,0.351,0.3535,0.3491,0.3514,59670944.0
1767153600000,0.3515,0.3534,0.3502,0.3509,68571602.0
1767168000000,0.3509,0.3523,0.3486,0.3518,64017678.0
1767182400000,0.3518,0.352,0.34,0.3421,195207601.0
1767196800000,0.3421,0.3424,0.3276,0.3318,264026011.0
1767211200000,0.3318,0.3346,0.3301,0.3332,98311599.0
1767225600000,0.3333,0.3352,0.332,0.3325,64582664.0
1767240000000,0.3326,0.3386,0.3318,0.3362,88988111.0
1767254400000,0.3362,0.341,0.3361,0.3405,64057770.0
1767268800000,0.3406,0.3492,0.3391,0.3468,134108516.0
1767283200000,0.3469,0.3583,0.3454,0.3579,188564997.0
1767297600000,0.3579,0.3607,0.3552,0.3564,98910784.0
1767312000000,0.3563,0.3634,0.3544,0.3622,108852801.0
1767326400000,0.3622,0.364,0.3551,0.3555,100135410.0
1767340800000,0.3555,0.3678,0.3554,0.3605,146974655.0
1767355200000,0.3605,0.3745,0.358,0.3716,212143559.0
1767369600000,0.3715,0.3936,0.3715,0.3884,320972320.0
1767384000000,0.3884,0.3963,0.3845,0.3948,132372421.0
1767398400000,0.3948,0.3991,0.3912,0.3982,113475673.0
1767412800000,0.3982,0.3988,0.383,0.3842,144954050.0
1767427200000,0.3841,0.3889,0.3826,0.3843,82316840.0
1767441600000,0.3843,0.3909,0.3834,0.3861,94930545.0
1767456000000,0.3861,0.3897,0.3854,0.3884,51782195.0
1767470400000,0.3884,0.3908,0.3856,0.3893,50818628.0
1767484800000,0.3893,0.4002,0.3886,0.3994,124915373.0
1767499200000,0.3994,0.4019,0.3936,0.3959,120016308.0
1767513600000,0.396,0.4054,0.3923,0.401,131259518.0
1767528000000,0.401,0.4043,0.3957,0.3986,102405928.0
1767542400000,0.3987,0.4042,0.3952,0.3986,93783037.0
1767556800000,0.3985,0.4025,0.3967,0.4004,67214840.0
1767571200000,0.4004,0.4078,0.3976,0.403,139994511.0
1767585600000,0.403,0.4034,0.3936,0.4008,109765999.0
1767600000000,0.4008,0.4039,0.3955,0.3996,103684643.0
1767614400000,0.3996,0.4142,0.3966,0.4126,213303868.0
1767628800000,0.4125,0.4195,0.4066,0.4173,250077744.0
1767643200000,0.4172,0.4249,0.4167,0.4209,143039436.0
1767657600000,0.4208,0.4307,0.4175,0.4255,155656849.0
1767672000000,0.4256,0.4268,0.4135,0.4146,139628692.0
1767686400000,0.4147,0.4223,0.4146,0.4219,84937381.0
1767700800000,0.4219,0.4373,0.4172,0.4199,299244789.0
1767715200000,0.4198,0.4209,0.401,0.4072,253847064.0
1767729600000,0.4072,0.422,0.4072,0.4193,126115933.0
1767744000000,0.4193,0.4193,0.4088,0.4119,85043616.0
1767758400000,0.4119,0.4186,0.4093,0.4186,66440970.0
1767772800000,0.4186,0.4229,0.4089,0.4148,145206870.0
1767787200000,0.4148,0.4155,0.3999,0.4026,193604861.0
1767801600000,0.4026,0.4076,0.4003,0.4028,96846752.0
1767816000000,0.4027,0.4044,0.3971,0.402,83284041.0
1767830400000,0.402,0.4047,0.395,0.3976,101941143.0
1767844800000,0.3975,0.4018,0.3886,0.3952,172507892.0
1767859200000,0.3951,0.397,0.3867,0.3903,163235010.0
1767873600000,0.3903,0.3952,0.3845,0.3949,205072968.0
1767888000000,0.3949,0.3978,0.3901,0.393,153183959.0
1767902400000,0.393,0.3989,0.3893,0.3955,87165776.0
1767916800000,0.3954,0.4005,0.3943,0.3981,89547085.0
1767931200000,0.3982,0.3996,0.3938,0.397,61039223.0
1767945600000,0.397,0.3976,0.3893,0.3915,110598131.0
1767960000000,0.3916,0.4052,0.3872,0.3969,211421892.0
1767974400000,0.397,0.4044,0.3886,0.39,139549447.0
1767988800000,0.3899,0.3937,0.3892,0.3912,49732761.0
1768003200000,0.3913,0.3914,0.3864,0.3889,50450335.0
1768017600000,0.3889,0.3891,0.3842,0.3877,48827737.0
1768032000000,0.3878,0.3913,0.3867,0.3909,40815097.0
1768046400000,0.391,0.3923,0.3885,0.3895,42250436.0
1768060800000,0.3894,0.3917,0.3882,0.391,40624426.0
1768075200000,0.3911,0.3914,0.3852,0.3882,44608834.0
1768089600000,0.3882,0.3919,0.3874,0.3904,34962685.0
1768104000000,0.3904,0.3919,0.3886,0.3912,32050322.0
1768118400000,0.3913,0.3931,0.3895,0.3917,44395501.0
1768132800000,0.3917,0.3972,0.3886,0.3902,118294292.0
1768147200000,0.3902,0.3959,0.3899,0.3921,75368078.0
1768161600000,0.3922,0.3927,0.3835,0.3907,126941110.0
1768176000000,0.3908,0.4035,0.3855,0.3974,174204510.0
1768190400000,0.3974,0.401,0.3896,0.3901,96731174.0
1768204800000,0.3901,0.3926,0.3845,0.387,116004467.0
1768219200000,0.3871,0.3949,0.3812,0.3943,164292452.0
1768233600000,0.3943,0.3993,0.3906,0.3933,147432517.0
1768248000000,0.3933,0.3952,0.3834,0.3859,101797182.0
1768262400000,0.386,0.3888,0.3848,0.3865,63078000.0
1768276800000,0.3865,0.3958,0.3862,0.3898,96749783.0
1768291200000,0.3898,0.3953,0.3895,0.3922,74406093.0
1768305600000,0.3922,0.4063,0.3907,0.4061,197313300.0
1768320000000,0.4061,0.4111,0.4048,0.4101,191587102.0
1768334400000,0.4102,0.4266,0.4064,0.4219,221726833.0
1768348800000,0.4219,0.426,0.4197,0.4258,115214506.0
1768363200000,0.4258,0.4271,0.4181,0.4237,130245271.0
1768377600000,0.4237,0.4253,0.4133,0.414,87945355.0
1768392000000,0.414,0.423,0.411,0.4198,186742004.0
1768406400000,0.4198,0.4239,0.4094,0.4149,171648103.0
1768420800000,0.4149,0.4176,0.4102,0.4141,86341525.0
1768435200000,0.414,0.4143,0.3988,0.4,131808593.0
1768449600000,0.4,0.4052,0.3994,0.4042,80563651.0
1768464000000,0.4041,0.4064,0.4008,0.4045,95234220.0
1768478400000,0.4046,0.4107,0.3931,0.3995,228439304.0
1768492800000,0.3994,0.4009,0.3891,0.3922,149426466.0
1768507200000,0.3922,0.3943,0.3888,0.3934,67129940.0
1768521600000,0.3933,0.3941,0.3894,0.3913,68472180.0
1768536000000,0.3913,0.3943,0.388,0.3924,62407547.0
1768550400000,0.3924,0.3936,0.39,0.3925,49124454.0
1768564800000,0.3926,0.3926,0.3782,0.3813,162539306.0
1768579200000,0.3813,0.3879,0.3801,0.3866,102085712.0
1768593600000,0.3866,0.3985,0.3847,0.3954,131988584.0
1768608000000,0.3953,0.3972,0.3933,0.3944,57449492.0
1768622400000,0.3944,0.3967,0.3935,0.3955,34666187.0
1768636800000,0.3954,0.3969,0.3943,0.3946,40704374.0
1768651200000,0.3946,0.4024,0.3942,0.4023,83846033.0
1768665600000,0.4023,0.4042,0.3985,0.4001,82932564.0
1768680000000,0.4001,0.4021,0.3948,0.3972,68616709.0
1768694400000,0.3972,0.3987,0.3925,0.3952,64838405.0
1768708800000,0.3951,0.3959,0.393,0.3939,39984269.0
1768723200000,0.3939,0.3946,0.3917,0.3926,61306150.0
1768737600000,0.3926,0.3952,0.3891,0.3921,87904701.0
1768752000000,0.3922,0.396,0.3897,0.3924,73986309.0
1768766400000,0.3923,0.3969,0.3743,0.3754,168254055.0
1768780800000,0.3753,0.3753,0.3411,0.3654,431293001.0
1768795200000,0.3653,0.3667,0.3606,0.3638,133171226.0
1768809600000,0.3638,0.3725,0.3632,0.3689,142500254.0
1768824000000,0.3688,0.3703,0.3648,0.3665,101462829.0
1768838400000,0.3665,0.3729,0.3663,0.3707,77854124.0
1768852800000,0.3707,0.3723,0.3667,0.3701,70035811.0
1768867200000,0.3701,0.3704,0.3652,0.3662,81670564.0
1768881600000,0.3662,0.3686,0.3634,0.3657,146689046.0
1768896000000,0.3658,0.3665,0.3573,0.3576,193025319.0
1768910400000,0.3576,0.364,0.3556,0.3592,197788939.0
1768924800000,0.3592,0.3603,0.3497,0.3522,163238095.0
1768939200000,0.3522,0.3541,0.3463,0.3505,116223780.0
1768953600000,0.3505,0.3608,0.3502,0.358,107660303.0
1768968000000,0.358,0.3629,0.3574,0.3595,82408647.0
1768982400000,0.3595,0.3595,0.354,0.3545,58077234.0
1768996800000,0.3545,0.3636,0.3498,0.3622,226992023.0
1769011200000,0.3622,0.3674,0.3462,0.3672,263828221.0
1769025600000,0.3672,0.374,0.3621,0.3659,159845061.0
1769040000000,0.3659,0.3689,0.3631,0.3638,73701796.0
1769054400000,0.3638,0.3672,0.3631,0.3634,75831563.0
1769068800000,0.3634,0.3662,0.3625,0.3634,74432661.0
1769083200000,0.3635,0.3661,0.3552,0.3582,166371394.0
1769097600000,0.3582,0.3632,0.3581,0.3612,103502773.0
1769112000000,0.3612,0.3618,0.3574,0.3592,63043256.0
1769126400000,0.3592,0.3631,0.3582,0.3616,50239853.0
1769140800000,0.3616,0.3649,0.3587,0.3609,81549909.0
1769155200000,0.361,0.3614,0.3574,0.3599,65587519.0
1769169600000,0.3599,0.3613,0.3522,0.36,148516168.0
1769184000000,0.3601,0.3708,0.3595,0.3614,175381570.0
1769198400000,0.3613,0.3626,0.3569,0.3601,71050637.0
1769212800000,0.36,0.3623,0.3582,0.3616,46857664.0
1769227200000,0.3616,0.3624,0.3592,0.3593,33398390.0
1769241600000,0.3593,0.3606,0.3583,0.3598,32479789.0
1769256000000,0.3598,0.3603,0.357,0.3576,52407634.0
1769270400000,0.3576,0.3597,0.356,0.3581,35601706.0
1769284800000,0.3581,0.36,0.3576,0.3582,25765721.0
1769299200000,0.3582,0.3594,0.3541,0.3556,60643687.0
1769313600000,0.3555,0.3576,0.3538,0.3555,49400984.0
1769328000000,0.3556,0.3602,0.3535,0.3563,58596733.0
1769342400000,0.3562,0.357,0.3502,0.352,91203934.0
1769356800000,0.352,0.3521,0.3325,0.3342,319918978.0
1769371200000,0.3343,0.3396,0.3328,0.3388,104918777.0
1769385600000,0.3389,0.3495,0.3385,0.3449,127319428.0
1769400000000,0.3449,0.3497,0.3448,0.3481,67647547.0
1769414400000,0.3481,0.3517,0.3447,0.347,69192589.0
1769428800000,0.3469,0.3585,0.3466,0.3522,166207961.0
1769443200000,0.3522,0.3558,0.3492,0.3519,102460750.0
1769457600000,0.3519,0.3543,0.3488,0.352,62984922.0
1769472000000,0.352,0.3551,0.3509,0.3524,53022631.0
1769486400000,0.3525,0.3547,0.3507,0.3518,36748006.0
1769500800000,0.3517,0.3527,0.3487,0.3503,56106352.0
1769515200000,0.3503,0.3525,0.3475,0.3515,96608826.0
1769529600000,0.3515,0.3577,0.349,0.3555,208807995.0
1769544000000,0.3554,0.3634,0.3553,0.3605,130282829.0
1769558400000,0.3606,0.3614,0.3559,0.3567,74045294.0
1769572800000,0.3567,0.3591,0.3547,0.3575,57161426.0
1769587200000,0.3575,0.3645,0.3562,0.3643,79755631.0
1769601600000,0.3642,0.3649,0.3543,0.3569,149328287.0
1769616000000,0.357,0.3614,0.3549,0.3582,99984775.0
1769630400000,0.3581,0.3614,0.3548,0.3581,69286456.0
1769644800000,0.3582,0.359,0.3492,0.3508,126494797.0
1769659200000,0.3508,0.3523,0.3464,0.3512,76886714.0
1769673600000,0.3512,0.3515,0.3456,0.3463,78639859.0
1769688000000,0.3464,0.347,0.3294,0.333,284178967.0
1769702400000,0.3329,0.3407,0.3269,0.3305,258026309.0
1769716800000,0.3305,0.3364,0.3297,0.3344,93660816.0
1769731200000,0.3344,0.3357,0.3173,0.3247,260709078.0
1769745600000,0.3247,0.3297,0.3195,0.3252,124631936.0
1769760000000,0.3252,0.329,0.3203,0.3276,103295892.0
1769774400000,0.3277,0.3282,0.3206,0.3254,156325872.0
1769788800000,0.3254,0.3317,0.3157,0.3288,221742232.0
1769803200000,0.3289,0.329,0.3199,0.3206,137490500.0
1769817600000,0.3207,0.3221,0.3178,0.3183,81972859.0
1769832000000,0.3183,0.319,0.3101,0.3122,185535453.0
1769846400000,0.3122,0.3129,0.3067,0.3101,151376272.0
1769860800000,0.3101,0.3108,0.2932,0.296,321069842.0
1769875200000,0.296,0.3003,0.2688,0.285,661143905.0
1769889600000,0.285,0.2956,0.2816,0.2934,216679615.0
1769904000000,0.2933,0.2977,0.2912,0.2957,122738034.0
1769918400000,0.2957,0.2991,0.2927,0.296,139086798.0
1769932800000,0.296,0.2979,0.2916,0.2953,117866126.0
1769947200000,0.2953,0.2967,0.2845,0.2893,235717642.0
1769961600000,0.2893,0.2928,0.2845,0.2867,162875881.0
1769976000000,0.2866,0.291,0.2787,0.2856,208968217.0
1769990400000,0.2855,0.2934,0.276,0.2863,279364127.0
1770004800000,0.2863,0.29,0.2754,0.2841,272923414.0
1770019200000,0.2841,0.2947,0.284,0.2922,168143352.0
1770033600000,0.2922,0.3025,0.2922,0.3011,229604273.0
1770048000000,0.3011,0.3032,0.2988,0.3001,107155098.0
1770062400000,0.3001,0.3013,0.2976,0.2989,83517243.0
1770076800000,0.299,0.3003,0.2932,0.2992,103081697.0
1770091200000,0.2991,0.3018,0.295,0.2992,93682282.0
1770105600000,0.2992,0.3006,0.2934,0.297,109996142.0
1770120000000,0.2971,0.3049,0.2929,0.3039,223690646.0
1770134400000,0.3038,0.304,0.2816,0.2947,406765267.0
1770148800000,0.2946,0.3046,0.2894,0.2915,241279877.0
1770163200000,0.2916,0.3017,0.2905,0.301,120946403.0
1770177600000,0.301,0.3026,0.2961,0.2997,87525558.0
1770192000000,0.2998,0.3026,0.2935,0.297,154652329.0
1770206400000,0.297,0.2976,0.2831,0.2864,243682810.0
1770220800000,0.2864,0.2934,0.2808,0.2923,283994005.0
1770235200000,0.2922,0.2929,0.2799,0.2862,132740741.0
1770249600000,0.2862,0.2898,0.2821,0.2827,159138842.0
1770264000000,0.2826,0.2866,0.2782,0.2792,187588490.0
1770278400000,0.2793,0.2839,0.2669,0.272,254937807.0
1770292800000,0.2719,0.2778,0.2572,0.2622,488323317.0
1770307200000,0.2621,0.2675,0.2527,0.2536,434798808.0
1770321600000,0.2536,0.256,0.2434,0.2451,615017696.0
1770336000000,0.2451,0.2536,0.2204,0.2487,936197210.0
1770350400000,0.2488,0.2592,0.2478,0.2514,298186722.0
1770364800000,0.2514,0.2635,0.2486,0.2612,286806437.0
1770379200000,0.2612,0.2744,0.2595,0.2732,337120258.0
1770393600000,0.2732,0.2841,0.2722,0.278,304097196.0
1770408000000,0.278,0.2805,0.2736,0.2759,117714072.0
1770422400000,0.2759,0.2764,0.2707,0.2757,132385194.0
1770436800000,0.2757,0.2779,0.2654,0.2681,211767253.0
1770451200000,0.2681,0.2707,0.2658,0.267,126322041.0
1770465600000,0.2669,0.2742,0.2667,0.2726,129740877.0
1770480000000,0.2726,0.2796,0.2709,0.2745,315526713.0
1770494400000,0.2744,0.276,0.2701,0.2719,70946275.0
1770508800000,0.2719,0.2733,0.2692,0.2697,74247303.0
1770523200000,0.2696,0.2712,0.2684,0.2709,60596540.0
1770537600000,0.2709,0.276,0.2693,0.2744,98141837.0
1770552000000,0.2745,0.2754,0.2706,0.2725,85283802.0
1770566400000,0.2725,0.2747,0.2667,0.2743,87303665.0
1770580800000,0.2744,0.2764,0.2678,0.2698,98569341.0
1770595200000,0.2699,0.2737,0.2679,0.2733,93593763.0
1770609600000,0.2732,0.2734,0.2686,0.2689,59568921.0
1770624000000,0.2689,0.2697,0.2594,0.2616,155343893.0
1770638400000,0.2616,0.268,0.2614,0.2678,156915618.0
1770652800000,0.2677,0.2735,0.2653,0.271,118342417.0
1770667200000,0.271,0.272,0.2676,0.2697,62092836.0
1770681600000,0.2698,0.2703,0.2642,0.2659,87869528.0
1770696000000,0.2659,0.268,0.2613,0.2627,101142503.0
1770710400000,0.2627,0.2657,0.2625,0.2627,74436027.0
1770724800000,0.2628,0.2661,0.261,0.2632,128340626.0
1770739200000,0.2632,0.265,0.2595,0.2624,132063274.0
1770753600000,0.2624,0.263,0.2603,0.2617,45509976.0
1770768000000,0.2618,0.2646,0.26,0.2623,52023152.0
1770782400000,0.2622,0.2627,0.2545,0.2553,134319185.0
1770796800000,0.2553,0.2559,0.2519,0.2552,98078545.0
1770811200000,0.2552,0.2633,0.2502,0.2529,237298750.0
1770825600000,0.2529,0.2596,0.251,0.2572,126175509.0
1770840000000,0.2571,0.2599,0.2541,0.2557,77027661.0
1770854400000,0.2557,0.2594,0.2557,0.259,52163803.0
1770868800000,0.2591,0.2629,0.2568,0.2625,71305222.0
1770883200000,0.2625,0.2694,0.2612,0.2673,123488002.0
1770897600000,0.2674,0.2678,0.262,0.2624,151182463.0
1770912000000,0.2625,0.2645,0.2573,0.2614,190499530.0
1770926400000,0.2615,0.2647,0.2579,0.2643,79835977.0
1770940800000,0.2642,0.2654,0.2613,0.2627,62775786.0
1770955200000,0.2628,0.2634,0.2581,0.2619,64129853.0
1770969600000,0.2619,0.2643,0.2616,0.2638,62979138.0
1770984000000,0.2637,0.2736,0.2619,0.269,174437591.0
1770998400000,0.2689,0.2747,0.2681,0.2723,106583947.0
1771012800000,0.2724,0.2743,0.2713,0.2727,62213694.0
1771027200000,0.2727,0.2779,0.2725,0.2771,68581179.0
1771041600000,0.2772,0.2774,0.2736,0.2756,59553770.0
1771056000000,0.2756,0.2842,0.2756,0.283,99362343.0
1771070400000,0.2829,0.2869,0.2803,0.2861,129233688.0
1771084800000,0.286,0.2996,0.2846,0.2984,191581249.0
1771099200000,0.2983,0.3006,0.2942,0.2949,118691843.0
1771113600000,0.2949,0.2982,0.2922,0.2971,122871290.0
1771128000000,0.2972,0.3008,0.296,0.3005,112170620.0
1771142400000,0.3005,0.3017,0.2897,0.2904,138554794.0
1771156800000,0.2904,0.291,0.2807,0.284,205056477.0
1771171200000,0.284,0.2844,0.2772,0.2789,161730956.0
1771185600000,0.2789,0.2826,0.2777,0.2816,79106915.0
1771200000000,0.2816,0.2833,0.2792,0.2801,57156155.0
1771214400000,0.28,0.2826,0.2772,0.28,65546596.0
1771228800000,0.2801,0.2856,0.2786,0.2825,82247072.0
1771243200000,0.2826,0.289,0.2766,0.2788,197534215.0
1771257600000,0.2789,0.2838,0.2783,0.282,66657562.0
1771272000000,0.282,0.2875,0.2811,0.2857,71893604.0
1771286400000,0.2857,0.289,0.2827,0.2864,64863985.0
1771300800000,0.2864,0.2895,0.2834,0.2862,68828138.0
1771315200000,0.2863,0.2869,0.2791,0.2802,95155102.0
1771329600000,0.2802,0.2844,0.2771,0.2811,138443145.0
1771344000000,0.2812,0.2868,0.2783,0.2829,123215891.0
1771358400000,0.2829,0.2836,0.28,0.2809,43830691.0
1771372800000,0.2809,0.2838,0.2788,0.283,47392209.0
1771387200000,0.2829,0.2849,0.2814,0.2843,44065065.0
1771401600000,0.2844,0.2865,0.2802,0.2806,89314186.0
1771416000000,0.2807,0.2874,0.2784,0.2839,109269485.0
1771430400000,0.284,0.2841,0.2711,0.2733,149040977.0
1771444800000,0.2734,0.2757,0.2722,0.2734,67672694.0
1771459200000,0.2734,0.2758,0.272,0.2749,52318903.0
1771473600000,0.2749,0.2772,0.2731,0.2761,48913951.0
1771488000000,0.2761,0.2763,0.2719,0.2721,84188047.0
1771502400000,0.272,0.2736,0.2682,0.27,144587134.0
1771516800000,0.27,0.2739,0.2669,0.2727,115072793.0
1771531200000,0.2727,0.2733,0.2704,0.2728,47530618.0
1771545600000,0.2728,0.2752,0.2722,0.2737,46786582.0
1771560000000,0.2737,0.2759,0.2708,0.2735,65989487.0
1771574400000,0.2735,0.2798,0.2731,0.2766,87078853.0
1771588800000,0.2766,0.2888,0.2696,0.2888,255781380.0
1771603200000,0.2888,0.2937,0.2799,0.2828,257711429.0
1771617600000,0.2829,0.2859,0.2821,0.2847,48552205.0
1771632000000,0.2847,0.2853,0.2819,0.283,58985533.0
1771646400000,0.283,0.2842,0.2806,0.2812,48622283.0
1771660800000,0.2812,0.2864,0.281,0.2833,61717786.0
1771675200000,0.2833,0.2849,0.2814,0.2823,78578074.0
1771689600000,0.2822,0.2826,0.2791,0.2802,81428749.0
1771704000000,0.2801,0.2812,0.2786,0.2797,53064930.0
1771718400000,0.2798,0.28,0.2752,0.277,73423263.0
1771732800000,0.277,0.2775,0.2747,0.2756,57303384.0
1771747200000,0.2756,0.2773,0.2748,0.2756,43424613.0
1771761600000,0.2756,0.2759,0.27,0.2716,85597650.0
1771776000000,0.2716,0.2717,0.2687,0.2698,80686611.0
1771790400000,0.2697,0.2719,0.2685,0.2715,53164495.0
1771804800000,0.2716,0.2717,0.2569,0.2608,249239386.0
1771819200000,0.2609,0.2675,0.2591,0.2664,87620063.0
1771833600000,0.2664,0.272,0.2647,0.2712,104466078.0
1771848000000,0.2711,0.2753,0.2663,0.2668,146388167.0
1771862400000,0.2668,0.2684,0.2601,0.2618,140508729.0
1771876800000,0.2618,0.2649,0.2605,0.2622,74067936.0
1771891200000,0.2622,0.2645,0.2574,0.2585,139375811.0
1771905600000,0.2585,0.2591,0.2555,0.2574,95959753.0
1771920000000,0.2574,0.2585,0.2559,0.2572,60188873.0
1771934400000,0.2572,0.2611,0.2534,0.2595,133752592.0
1771948800000,0.2595,0.2626,0.2591,0.2602,90195386.0
1771963200000,0.2602,0.2609,0.2574,0.2584,48764671.0
1771977600000,0.2585,0.2715,0.2577,0.266,205170492.0
1771992000000,0.2659,0.2667,0.2619,0.2659,84497216.0
1772006400000,0.2659,0.2712,0.2653,0.271,86892333.0
1772020800000,0.2709,0.2926,0.2709,0.2904,343071358.0
1772035200000,0.2904,0.3036,0.2904,0.3027,338973765.0
1772049600000,0.3028,0.3134,0.2941,0.2971,442450587.0
1772064000000,0.2971,0.3009,0.2937,0.2951,132370769.0
1772078400000,0.2951,0.2999,0.2927,0.2932,114463555.0
1772092800000,0.2931,0.2956,0.2886,0.2892,179054555.0
1772107200000,0.2892,0.2948,0.2888,0.2913,182533908.0
1772121600000,0.2913,0.2914,0.2818,0.2882,216072817.0
1772136000000,0.2881,0.2895,0.2839,0.2868,71014490.0
1772150400000,0.2869,0.2904,0.2846,0.2898,74211883.0
1772164800000,0.2899,0.2962,0.2892,0.2903,132048343.0
1772179200000,0.2902,0.2937,0.2811,0.2817,138090037.0
1772193600000,0.2817,0.2848,0.2792,0.2804,143023427.0
1772208000000,0.2804,0.2805,0.2742,0.2754,132965758.0
1772222400000,0.2754,0.2783,0.2722,0.2774,79059865.0
1772236800000,0.2775,0.2794,0.2763,0.2767,67491131.0
1772251200000,0.2767,0.2775,0.2608,0.2648,351322081.0
1772265600000,0.2648,0.2661,0.2591,0.2625,173016265.0
1772280000000,0.2625,0.272,0.2624,0.2677,165312805.0
1772294400000,0.2677,0.278,0.266,0.2753,148509220.0
1772308800000,0.2753,0.2843,0.2743,0.2808,175523421.0
1772323200000,0.2808,0.2922,0.2774,0.2869,200504433.0
1772337600000,0.2869,0.2879,0.2815,0.2827,81607983.0
1772352000000,0.2827,0.2833,0.2772,0.2777,100755777.0
1772366400000,0.2778,0.2834,0.2747,0.2801,150576854.0
1772380800000,0.2801,0.282,0.2727,0.2734,151219167.0
1772395200000,0.2734,0.2769,0.2689,0.2734,150431754.0
1772409600000,0.2734,0.2804,0.2719,0.277,123896278.0
1772424000000,0.277,0.2778,0.2688,0.2707,93898750.0
1772438400000,0.2706,0.2744,0.2682,0.2718,87955120.0
1772452800000,0.2719,0.2866,0.2695,0.2842,210650030.0
1772467200000,0.2841,0.2885,0.278,0.2804,218379662.0
1772481600000,0.2803,0.2823,0.2757,0.2768,94216308.0
1772496000000,0.2768,0.277,0.2714,0.2733,127019494.0
1772510400000,0.2733,0.2737,0.2675,0.2685,110869305.0
1772524800000,0.2686,0.2698,0.2625,0.2645,147047301.0
1772539200000,0.2645,0.2671,0.2611,0.265,184265163.0
1772553600000,0.265,0.2721,0.2622,0.2634,224353305.0
1772568000000,0.2634,0.2646,0.2601,0.2623,122868592.0
1772582400000,0.2623,0.2661,0.2606,0.2625,129450511.0
1772596800000,0.2624,0.2652,0.2582,0.2647,162192076.0
1772611200000,0.2647,0.2742,0.2635,0.2685,285618424.0
1772625600000,0.2686,0.2812,0.2656,0.2808,280052560.0
1772640000000,0.2808,0.285,0.2769,0.282,261402116.0
1772654400000,0.2821,0.2828,0.2735,0.2762,149505519.0
1772668800000,0.2762,0.2767,0.2723,0.2739,100571302.0
1772683200000,0.274,0.2763,0.2705,0.2719,96132173.0
1772697600000,0.272,0.2776,0.27,0.2739,154632617.0
1772712000000,0.274,0.2779,0.2695,0.2711,188872582.0
1772726400000,0.271,0.2718,0.2649,0.2692,185432389.0
1772740800000,0.2692,0.272,0.2675,0.2689,69044576.0
1772755200000,0.2689,0.2713,0.2669,0.2704,64948058.0
1772769600000,0.2704,0.2718,0.267,0.2713,64064576.0
1772784000000,0.2713,0.2714,0.2654,0.266,83924286.0
1772798400000,0.266,0.269,0.2555,0.2564,306814638.0
1772812800000,0.2564,0.2604,0.2552,0.2583,114358357.0
1772827200000,0.2583,0.26,0.257,0.2589,53148132.0
1772841600000,0.2588,0.2609,0.2584,0.2586,54615139.0
1772856000000,0.2585,0.2591,0.2568,0.2582,55014346.0
1772870400000,0.2581,0.2592,0.2572,0.2587,49103657.0
1772884800000,0.2586,0.2588,0.2511,0.2548,255018632.0
1772899200000,0.2548,0.2571,0.2532,0.2541,97573242.0
1772913600000,0.2541,0.2555,0.2526,0.2543,59700786.0
1772928000000,0.2543,0.2546,0.2505,0.2518,75969811.0
1772942400000,0.2518,0.2533,0.2493,0.2521,86106731.0
1772956800000,0.2522,0.2572,0.2506,0.2547,147264627.0
1772971200000,0.2546,0.2551,0.2478,0.2494,157798354.0
1772985600000,0.2494,0.2541,0.2482,0.253,101333476.0
1773000000000,0.253,0.2544,0.2456,0.249,166503115.0
1773014400000,0.249,0.2565,0.2487,0.2534,143296198.0
1773028800000,0.2535,0.2593,0.2524,0.2548,134771169.0
1773043200000,0.2549,0.2586,0.2533,0.2548,98160779.0
1773057600000,0.2549,0.26,0.2541,0.2557,171505433.0
1773072000000,0.2557,0.2628,0.2549,0.2592,149338965.0
1773086400000,0.2592,0.2599,0.2545,0.255,108048710.0
1773100800000,0.2549,0.2638,0.2548,0.2586,140975031.0
1773115200000,0.2586,0.2617,0.258,0.2603,86481522.0
1773129600000,0.2603,0.2683,0.26,0.2641,164133879.0
1773144000000,0.2642,0.2736,0.2608,0.2712,227756719.0
1773158400000,0.2712,0.2743,0.2618,0.2623,191166562.0
1773172800000,0.2622,0.2643,0.2603,0.2619,80413947.0
1773187200000,0.2619,0.2624,0.2584,0.2595,99248294.0
1773201600000,0.2596,0.2622,0.2564,0.2573,103138775.0
1773216000000,0.2573,0.2599,0.2568,0.2585,72986088.0
1773230400000,0.2585,0.2677,0.2578,0.2623,203426663.0
1773244800000,0.2623,0.2667,0.2617,0.265,119071095.0
1773259200000,0.2651,0.2661,0.2614,0.2624,62670356.0
1773273600000,0.2625,0.2629,0.2583,0.2587,75486382.0
1773288000000,0.2588,0.2609,0.2577,0.2605,58551822.0
1773302400000,0.2606,0.2638,0.2598,0.2619,85487761.0
1773316800000,0.2619,0.2641,0.2581,0.2619,160297146.0
1773331200000,0.2618,0.2635,0.26,0.2628,82642760.0
1773345600000,0.2629,0.2657,0.2614,0.2634,95000747.0
1773360000000,0.2633,0.2729,0.2627,0.2716,191300991.0
1773374400000,0.2716,0.2758,0.2701,0.2714,119472911.0
1773388800000,0.2715,0.2758,0.2707,0.2743,92951240.0
1773403200000,0.2743,0.2814,0.2703,0.2714,219647596.0
1773417600000,0.2714,0.2729,0.2658,0.2671,132783502.0
1773432000000,0.2671,0.2687,0.2633,0.2654,80112440.0
1773446400000,0.2654,0.2659,0.2628,0.2652,80103221.0
1773460800000,0.2652,0.2664,0.2609,0.2615,79974775.0
1773475200000,0.2615,0.2617,0.2591,0.2607,85302472.0
1773489600000,0.2607,0.2617,0.2597,0.2605,56007504.0
1773504000000,0.2604,0.2614,0.258,0.2589,66834145.0
1773518400000,0.2589,0.2637,0.2586,0.2632,64191923.0
1773532800000,0.2632,0.266,0.261,0.2648,83959124.0
1773547200000,0.2648,0.2671,0.263,0.2646,83020232.0
1773561600000,0.2646,0.2664,0.2644,0.2655,52907502.0
1773576000000,0.2656,0.2663,0.2619,0.2636,81862582.0
1773590400000,0.2635,0.2654,0.2618,0.2636,58854390.0
1773604800000,0.2636,0.2719,0.2624,0.2701,164262767.0
1773619200000,0.2701,0.2805,0.2687,0.2773,203998846.0
1773633600000,0.2774,0.2924,0.2774,0.29,338336947.0
1773648000000,0.29,0.2936,0.2842,0.2855,215454842.0
1773662400000,0.2854,0.2893,0.2821,0.2835,198304686.0
1773676800000,0.2835,0.2897,0.2833,0.2882,129824002.0
1773691200000,0.2881,0.2917,0.2865,0.2903,130102679.0
1773705600000,0.2902,0.2931,0.2841,0.2857,193866285.0
1773720000000,0.2856,0.2883,0.2816,0.2863,161686120.0
1773734400000,0.2864,0.2884,0.2849,0.2867,88908078.0
1773748800000,0.2867,0.2894,0.2835,0.2862,143757972.0
1773763200000,0.2862,0.2914,0.2856,0.2882,114280773.0
1773777600000,0.2883,0.2922,0.2876,0.2888,90374262.0
1773792000000,0.2889,0.2939,0.2864,0.2916,100095921.0
1773806400000,0.2917,0.2955,0.287,0.2883,121308345.0
1773820800000,0.2883,0.2914,0.2782,0.2793,199436336.0
1773835200000,0.2794,0.2796,0.2694,0.2712,251477426.0
1773849600000,0.2712,0.2749,0.2696,0.2722,119439992.0
1773864000000,0.2723,0.2747,0.27,0.2741,69610907.0
1773878400000,0.2741,0.2766,0.271,0.2745,74375648.0
1773892800000,0.2744,0.2747,0.266,0.2684,121303776.0
1773907200000,0.2683,0.2717,0.2673,0.2686,91794388.0
1773921600000,0.2686,0.2686,0.263,0.2654,154115489.0
1773936000000,0.2654,0.269,0.2623,0.2672,91619269.0
1773950400000,0.2672,0.2688,0.2655,0.2674,56360870.0
1773964800000,0.2674,0.2708,0.2672,0.2697,73060124.0
1773979200000,0.2697,0.2729,0.2676,0.2699,91769904.0
1773993600000,0.2698,0.2725,0.2671,0.2679,85240018.0
1774008000000,0.2679,0.2688,0.2643,0.2666,124882635.0
1774022400000,0.2666,0.2667,0.2615,0.2639,90152288.0
1774036800000,0.2638,0.2676,0.262,0.2659,65253754.0
1774051200000,0.2658,0.2672,0.2653,0.2658,36558727.0
1774065600000,0.2658,0.2669,0.2647,0.2648,43692756.0
1774080000000,0.2647,0.2657,0.2638,0.2644,46152704.0
1774094400000,0.2645,0.2654,0.2627,0.2647,73203983.0
1774108800000,0.2647,0.2648,0.2634,0.2645,43983544.0
1774123200000,0.2645,0.2662,0.2551,0.2571,147629249.0
1774137600000,0.2571,0.2601,0.252,0.258,193960673.0
1774152000000,0.258,0.259,0.2564,0.2565,63971009.0
1774166400000,0.2565,0.2573,0.2546,0.2549,74117888.0
1774180800000,0.2548,0.2571,0.2548,0.2554,61251450.0
1774195200000,0.2554,0.2557,0.2504,0.2515,131583863.0
1774209600000,0.2515,0.2527,0.2477,0.2504,133271453.0
1774224000000,0.2504,0.2541,0.2492,0.251,90720726.0
1774238400000,0.2511,0.2529,0.2475,0.2498,104636647.0
1774252800000,0.2499,0.2644,0.2476,0.2587,457157550.0
1774267200000,0.2587,0.267,0.2567,0.261,219340506.0
1774281600000,0.2609,0.2636,0.2584,0.2608,115792785.0
1774296000000,0.2607,0.2644,0.26,0.2615,59052075.0
1774310400000,0.2615,0.2624,0.2579,0.2614,70401175.0
1774324800000,0.2615,0.2658,0.2595,0.2655,96621943.0
1774339200000,0.2656,0.2683,0.2617,0.2635,137910969.0
1774353600000,0.2636,0.2637,0.2589,0.2608,108708432.0
1774368000000,0.2608,0.2618,0.2578,0.2601,75847925.0
1774382400000,0.26,0.2669,0.2597,0.2663,94346170.0
1774396800000,0.2663,0.2691,0.2655,0.2677,124965262.0
1774411200000,0.2677,0.2716,0.2668,0.2694,94103445.0
1774425600000,0.2694,0.2748,0.2694,0.273,122922231.0
1774440000000,0.273,0.2768,0.2685,0.2701,164276696.0
1774454400000,0.2702,0.2726,0.2694,0.2705,81309795.0
1774468800000,0.2705,0.2713,0.268,0.2704,63182989.0
1774483200000,0.2703,0.2707,0.2656,0.2662,81015813.0
1774497600000,0.2662,0.2665,0.2607,0.2619,110733787.0
1774512000000,0.2619,0.262,0.2566,0.2571,140426228.0
1774526400000,0.2572,0.2597,0.2543,0.2558,114557492.0
1774540800000,0.2559,0.2565,0.2529,0.2534,87655390.0
1774555200000,0.2534,0.2574,0.2524,0.2545,123615683.0
1774569600000,0.2545,0.256,0.2533,0.2543,55785919.0
1774584000000,0.2542,0.2555,0.2524,0.2547,74588988.0
1774598400000,0.2546,0.2552,0.244,0.2472,223888613.0
1774612800000,0.2472,0.2498,0.2457,0.2474,148980198.0
1774627200000,0.2475,0.2485,0.245,0.2464,88437647.0
1774641600000,0.2464,0.2471,0.2447,0.2458,54095725.0
1774656000000,0.2459,0.2471,0.2444,0.2447,79594462.0
1774670400000,0.2447,0.2484,0.2439,0.2482,65500977.0
1774684800000,0.2483,0.2492,0.247,0.2482,73100476.0
1774699200000,0.2483,0.2528,0.2464,0.2511,161183845.0
1774713600000,0.2512,0.2517,0.2491,0.2497,60741778.0
1774728000000,0.2497,0.2506,0.2447,0.2458,81736561.0
1774742400000,0.2457,0.2472,0.2448,0.2464,75440777.0
1774756800000,0.2465,0.2465,0.2425,0.2449,99180550.0
1774771200000,0.2449,0.2452,0.2411,0.2434,93620767.0
1774785600000,0.2434,0.2435,0.24,0.2412,115530754.0
1774800000000,0.2413,0.2421,0.2393,0.2397,70014668.0
1774814400000,0.2397,0.2419,0.2324,0.2398,237044349.0
1774828800000,0.2397,0.2475,0.2392,0.246,157493718.0
1774843200000,0.246,0.2492,0.2457,0.2485,118288597.0
1774857600000,0.2486,0.2528,0.2475,0.2506,178828798.0
1774872000000,0.2506,0.2515,0.2472,0.2484,111529132.0
1774886400000,0.2484,0.2488,0.2423,0.2436,121221805.0
1774900800000,0.2435,0.2461,0.2424,0.2433,79348914.0
1774915200000,0.2434,0.2495,0.2431,0.2461,106919983.0
1774929600000,0.2461,0.2465,0.2429,0.2435,91775790.0
1774944000000,0.2436,0.2441,0.2394,0.2409,177218167.0
1774958400000,0.241,0.2454,0.2373,0.2378,163783594.0
1774972800000,0.2378,0.242,0.2342,0.2407,252992575.0
1774987200000,0.2407,0.2424,0.2382,0.2416,94772404.0
1775001600000,0.2415,0.2463,0.2411,0.2454,143883729.0
1775016000000,0.2454,0.2547,0.2438,0.2498,238910882.0
1775030400000,0.2498,0.25,0.2457,0.248,128559502.0
1775044800000,0.2481,0.2509,0.2452,0.249,160136427.0
1775059200000,0.249,0.2521,0.2479,0.2494,99131218.0
1775073600000,0.2495,0.2506,0.2471,0.2484,71404756.0
1775088000000,0.2484,0.2506,0.2375,0.2389,294814820.0
1775102400000,0.2389,0.239,0.2352,0.2387,199320669.0
1775116800000,0.2388,0.2392,0.2359,0.2367,131086937.0
1775131200000,0.2368,0.2433,0.2346,0.2395,226249219.0
1775145600000,0.2395,0.2426,0.2378,0.2395,107890149.0
1775160000000,0.2395,0.2408,0.2385,0.2392,59615815.0
1775174400000,0.2393,0.2414,0.2386,0.2411,71437232.0
1775188800000,0.2412,0.2452,0.241,0.2434,122554168.0
1775203200000,0.2435,0.2466,0.2426,0.2456,110675285.0
1775217600000,0.2456,0.2513,0.2446,0.2459,186890751.0
1775232000000,0.246,0.2505,0.2457,0.2475,108161442.0
1775246400000,0.2475,0.2487,0.2449,0.2462,53732662.0
1775260800000,0.2463,0.2469,0.2444,0.2467,53656711.0
1775275200000,0.2467,0.2472,0.2439,0.2452,71557115.0
1775289600000,0.2452,0.2458,0.2428,0.2448,65100675.0
1775304000000,0.2448,0.2467,0.2432,0.245,66287963.0
1775318400000,0.2451,0.2499,0.2449,0.2478,74619673.0
1775332800000,0.2477,0.2484,0.2462,0.2477,66502841.0
1775347200000,0.2478,0.2486,0.2464,0.2466,45826447.0
1775361600000,0.2465,0.2469,0.2413,0.2418,105375658.0
1775376000000,0.2418,0.2431,0.2395,0.2423,92937985.0
1775390400000,0.2423,0.2458,0.2401,0.2434,94886663.0
1775404800000,0.2434,0.2442,0.2424,0.2435,52666294.0
1775419200000,0.2434,0.2509,0.2419,0.2507,152867423.0
1775433600000,0.2508,0.2593,0.2507,0.2569,209608178.0
1775448000000,0.2569,0.2585,0.2542,0.2551,111461508.0
1775462400000,0.2552,0.26,0.2548,0.2555,149893343.0
1775476800000,0.2555,0.2568,0.2536,0.2542,93643919.0
1775491200000,0.2542,0.2543,0.251,0.2519,96592213.0
1775505600000,0.252,0.2527,0.2445,0.2458,143879898.0
1775520000000,0.2458,0.2464,0.2432,0.2449,118985529.0
1775534400000,0.2449,0.2458,0.2422,0.2432,75039186.0
1775548800000,0.2432,0.2455,0.2411,0.242,128654874.0
1775563200000,0.242,0.2436,0.2397,0.242,145593353.0
1775577600000,0.242,0.2472,0.2416,0.2465,125340139.0
1775592000000,0.2465,0.2663,0.2456,0.2627,368006645.0
1775606400000,0.2628,0.2644,0.2595,0.2606,160437558.0
1775620800000,0.2607,0.2637,0.2602,0.2612,88663557.0
1775635200000,0.2611,0.2615,0.2557,0.2577,95810264.0
1775649600000,0.2577,0.2597,0.2518,0.254,183569802.0
1775664000000,0.254,0.2562,0.2519,0.2528,78365270.0
1775678400000,0.2528,0.2545,0.2495,0.2505,106201850.0
1775692800000,0.2506,0.2506,0.2473,0.249,102466488.0
1775707200000,0.2489,0.2515,0.2482,0.2504,67926656.0
1775721600000,0.2505,0.2522,0.2493,0.2504,72634224.0
1775736000000,0.2505,0.2556,0.2487,0.2545,115629944.0
1775750400000,0.2545,0.2568,0.2528,0.2556,113435708.0
1775764800000,0.2555,0.2611,0.2533,0.2541,105148781.0
1775779200000,0.2541,0.2549,0.2512,0.2515,82194923.0
1775793600000,0.2516,0.2538,0.2497,0.2505,79330200.0
1775808000000,0.2505,0.2517,0.2496,0.251,93878347.0
1775822400000,0.2511,0.2564,0.2506,0.2538,146696288.0
1775836800000,0.2539,0.2583,0.2534,0.258,78383260.0
1775851200000,0.2579,0.2588,0.2536,0.2541,74005713.0
1775865600000,0.254,0.2551,0.2522,0.253,73279677.0
1775880000000,0.2529,0.2541,0.2492,0.2503,98813830.0
1775894400000,0.2503,0.2507,0.2489,0.2495,81372499.0
1775908800000,0.2495,0.2502,0.2463,0.248,129470467.0
1775923200000,0.2481,0.2559,0.2478,0.2544,181764277.0
1775937600000,0.2544,0.2549,0.2484,0.2494,113252992.0
1775952000000,0.2493,0.2503,0.2421,0.2437,194030263.0
1775966400000,0.2436,0.2439,0.2412,0.2413,98303013.0
1775980800000,0.2413,0.2414,0.2383,0.2403,156950143.0
1775995200000,0.2403,0.2409,0.2372,0.2381,143422697.0
1776009600000,0.2381,0.2398,0.2375,0.2378,85793590.0
1776024000000,0.2379,0.2398,0.2351,0.2359,129778090.0
1776038400000,0.2359,0.2386,0.2357,0.238,77425083.0
1776052800000,0.238,0.2397,0.2369,0.2378,90805940.0
1776067200000,0.2379,0.2394,0.2372,0.238,62955790.0
1776081600000,0.2381,0.2432,0.2377,0.2391,229104614.0
1776096000000,0.2391,0.2417,0.2373,0.2413,158763262.0
1776110400000,0.2412,0.249,0.2387,0.2486,265275612.0
1776124800000,0.2485,0.249,0.2435,0.2444,109360156.0
1776139200000,0.2445,0.2456,0.2407,0.2432,111384442.0
1776153600000,0.2433,0.245,0.2421,0.2432,109266611.0
1776168000000,0.2432,0.2495,0.2426,0.2443,216526004.0
1776182400000,0.2443,0.246,0.2386,0.2404,150584118.0
1776196800000,0.2404,0.2416,0.2382,0.2393,81749395.0
1776211200000,0.2393,0.2411,0.2388,0.2394,58237405.0
1776225600000,0.2394,0.2418,0.238,0.2382,102791278.0
1776240000000,0.2383,0.2426,0.2381,0.2415,80039370.0
1776254400000,0.2415,0.2439,0.2397,0.2425,132519000.0
1776268800000,0.2425,0.2505,0.2422,0.249,190606324.0
1776283200000,0.249,0.2499,0.2446,0.246,133742937.0
1776297600000,0.246,0.2499,0.2435,0.2491,111579233.0
1776312000000,0.2492,0.2517,0.2484,0.25,134739000.0
1776326400000,0.2501,0.2506,0.2468,0.2483,129631144.0
1776340800000,0.2483,0.2545,0.2452,0.2533,324701638.0
1776355200000,0.2533,0.2607,0.2506,0.2604,297635140.0
1776369600000,0.2604,0.2615,0.2566,0.259,130999236.0
1776384000000,0.259,0.2599,0.2539,0.2549,116316709.0
1776398400000,0.255,0.2564,0.2519,0.256,107470250.0
1776412800000,0.2561,0.2598,0.2542,0.2575,149675459.0
1776427200000,0.2575,0.2679,0.2567,0.2635,274067774.0
1776441600000,0.2635,0.2662,0.2603,0.2611,140516478.0
1776456000000,0.2611,0.262,0.2572,0.2585,93216511.0
1776470400000,0.2585,0.2595,0.2561,0.2569,72752346.0
1776484800000,0.2569,0.2588,0.2558,0.2584,61600838.0
1776499200000,0.2585,0.2585,0.2494,0.2509,185184737.0
1776513600000,0.2508,0.2521,0.2495,0.2508,85668328.0
1776528000000,0.2508,0.2508,0.2472,0.2486,117989568.0
1776542400000,0.2486,0.2507,0.2478,0.249,52175774.0
1776556800000,0.249,0.2497,0.2467,0.2479,74043250.0
1776571200000,0.2479,0.2488,0.2441,0.2457,132218500.0
1776585600000,0.2457,0.2481,0.2444,0.2471,78725702.0
1776600000000,0.2472,0.2509,0.2459,0.2486,153822541.0
1776614400000,0.2487,0.2494,0.2441,0.2465,110333899.0
1776628800000,0.2466,0.2466,0.2407,0.2423,135031371.0
1776643200000,0.2423,0.2463,0.2417,0.2457,83806091.0
1776657600000,0.2457,0.2491,0.2434,0.2464,99681848.0
1776672000000,0.2465,0.2485,0.244,0.2463,89617789.0
1776686400000,0.2464,0.2492,0.2445,0.2475,125568850.0
1776700800000,0.2475,0.2501,0.2454,0.2487,110400852.0
1776715200000,0.2487,0.2514,0.2474,0.2478,99291506.0
1776729600000,0.2478,0.2495,0.2463,0.2469,69296274.0
1776744000000,0.2468,0.2502,0.2467,0.2492,90642390.0
1776758400000,0.2492,0.2523,0.2491,0.25,93309324.0
1776772800000,0.2499,0.2506,0.2473,0.2487,100385385.0
1776787200000,0.2487,0.2493,0.2438,0.2446,153535503.0
1776801600000,0.2446,0.25,0.2444,0.2497,110215616.0
1776816000000,0.2498,0.2555,0.2486,0.2542,140474064.0
1776830400000,0.2542,0.2575,0.2532,0.2548,145596058.0
1776844800000,0.2547,0.2564,0.2541,0.2555,63937314.0
1776859200000,0.2556,0.2561,0.2538,0.2549,108033747.0
1776873600000,0.255,0.2556,0.2511,0.2523,82994064.0
1776888000000,0.2523,0.2525,0.2479,0.2482,92254094.0
1776902400000,0.2482,0.2494,0.245,0.2461,136698603.0
1776916800000,0.2461,0.2482,0.2459,0.2467,82054573.0
1776931200000,0.2468,0.2479,0.2446,0.2473,100963560.0
1776945600000,0.2473,0.2508,0.2466,0.2502,114388637.0
1776960000000,0.2503,0.2508,0.2444,0.2466,164769350.0
1776974400000,0.2466,0.2502,0.2463,0.2496,73859727.0
1776988800000,0.2497,0.2518,0.248,0.2485,109225648.0
1777003200000,0.2484,0.2495,0.247,0.2488,72881326.0
1777017600000,0.2488,0.2519,0.2479,0.2509,77590437.0
1777032000000,0.2509,0.2522,0.2488,0.252,87327269.0
1777046400000,0.2521,0.2524,0.2505,0.2516,67693963.0
1777060800000,0.2517,0.2529,0.2498,0.2502,60085965.0
1777075200000,0.2502,0.252,0.2494,0.2516,90550992.0
1777089600000,0.2516,0.2527,0.2502,0.2512,70280652.0
1777104000000,0.2513,0.2538,0.2511,0.2515,87013252.0
1777118400000,0.2515,0.2536,0.2495,0.25,119733742.0
1777132800000,0.25,0.2505,0.2479,0.2488,85291572.0
1777147200000,0.2489,0.2504,0.2487,0.2501,39535161.0
1777161600000,0.2501,0.2501,0.2483,0.2493,64080727.0
1777176000000,0.2493,0.252,0.2487,0.2514,72748540.0
1777190400000,0.2515,0.2543,0.2499,0.2534,130633462.0
1777204800000,0.2534,0.2538,0.2513,0.2528,61288388.0
1777219200000,0.2527,0.2535,0.2507,0.2522,66540647.0
1777233600000,0.2523,0.2533,0.2504,0.252,77364346.0
1777248000000,0.2519,0.2561,0.2514,0.2539,117252250.0
1777262400000,0.2539,0.2544,0.246,0.2467,228788784.0
1777276800000,0.2468,0.248,0.2463,0.2476,78691176.0
1777291200000,0.2475,0.2486,0.2428,0.2443,192856670.0
1777305600000,0.2443,0.2459,0.2438,0.2451,64276344.0
1777320000000,0.2452,0.2483,0.2448,0.2479,57296269.0
1777334400000,0.248,0.2484,0.2464,0.2473,82255485.0
1777348800000,0.2472,0.2487,0.2449,0.2469,97518462.0
1777363200000,0.2468,0.247,0.245,0.2456,87723207.0
1777377600000,0.2456,0.2473,0.244,0.2464,127912544.0
1777392000000,0.2463,0.2476,0.245,0.2471,66291203.0
1777406400000,0.2472,0.248,0.2461,0.2466,43281565.0
1777420800000,0.2466,0.2494,0.246,0.2489,77157976.0
1777435200000,0.249,0.2505,0.2482,0.2494,97504160.0
1777449600000,0.2494,0.254,0.249,0.2512,159900837.0
1777464000000,0.2513,0.2514,0.243,0.2438,221069865.0
1777478400000,0.2438,0.2452,0.2381,0.2414,255526016.0
1777492800000,0.2415,0.245,0.2411,0.2444,94231123.0
1777507200000,0.2445,0.2477,0.2444,0.2466,143789158.0
1777521600000,0.2465,0.2469,0.2443,0.2466,69720484.0
1777536000000,0.2466,0.2483,0.2452,0.246,82035202.0
1777550400000,0.246,0.2481,0.2447,0.2474,95824088.0
1777564800000,0.2474,0.2475,0.2452,0.2462,52256796.0
1777579200000,0.2461,0.2472,0.2451,0.2461,47886506.0
1777593600000,0.2461,0.2503,0.2458,0.2486,88792332.0
1777608000000,0.2487,0.2498,0.2478,0.2485,63591177.0
1777622400000,0.2486,0.2496,0.2468,0.2478,72052267.0
1777636800000,0.2478,0.2513,0.2477,0.2501,155775876.0
1777651200000,0.2502,0.2508,0.2488,0.2496,69718757.0
1777665600000,0.2497,0.25,0.2473,0.248,78871964.0
1777680000000,0.2481,0.2486,0.2474,0.2479,54999372.0
1777694400000,0.2478,0.2481,0.2467,0.2474,57639274.0
1777708800000,0.2474,0.2489,0.2472,0.2482,60183510.0
1777723200000,0.2482,0.25,0.2475,0.2499,60794659.0
1777737600000,0.2499,0.2513,0.249,0.2512,67740749.0
1777752000000,0.2512,0.2528,0.2499,0.2501,66974110.0
1777766400000,0.25,0.2504,0.2472,0.2478,84082584.0
1777780800000,0.2478,0.2495,0.2473,0.2487,62433091.0
1777795200000,0.2487,0.2504,0.248,0.2494,65695757.0
1777809600000,0.2495,0.251,0.2494,0.2507,68032448.0
1777824000000,0.2506,0.2513,0.2503,0.2507,41235457.0
1777838400000,0.2508,0.2517,0.2482,0.2494,128291403.0
1777852800000,0.2493,0.2544,0.2471,0.2536,211838845.0
1777867200000,0.2536,0.255,0.2508,0.2516,112142533.0
1777881600000,0.2516,0.2532,0.2467,0.2484,244595689.0
1777896000000,0.2483,0.2532,0.248,0.2505,210801523.0
1777910400000,0.2505,0.2528,0.2493,0.2509,108982849.0
1777924800000,0.2509,0.2515,0.2492,0.2497,53114008.0
1777939200000,0.2497,0.2529,0.2496,0.2525,81577756.0
1777953600000,0.2525,0.2582,0.2519,0.2566,165170444.0
1777968000000,0.2565,0.2598,0.2563,0.2585,142709920.0
1777982400000,0.2585,0.2595,0.2556,0.2568,125937273.0
1777996800000,0.2568,0.2588,0.2559,0.2585,91770800.0
1778011200000,0.2585,0.2657,0.2582,0.2619,206902480.0
1778025600000,0.2619,0.2642,0.2598,0.2638,113054215.0
1778040000000,0.2638,0.2652,0.2619,0.2648,101175155.0
1778054400000,0.2648,0.2737,0.2646,0.2716,266499656.0
1778068800000,0.2717,0.2722,0.2628,0.2675,216812444.0
1778083200000,0.2674,0.2681,0.2647,0.2663,71445355.0
1778097600000,0.2663,0.2687,0.2642,0.2669,64508695.0
1778112000000,0.2668,0.2673,0.263,0.2637,88881790.0
1778126400000,0.2636,0.2685,0.2633,0.2682,78641074.0
1778140800000,0.2683,0.2687,0.2655,0.2678,68032054.0
1778155200000,0.2677,0.2702,0.2609,0.2618,182214704.0
1778169600000,0.2618,0.2641,0.2594,0.2629,118307661.0
1778184000000,0.2629,0.2645,0.2605,0.2625,51519234.0
1778198400000,0.2626,0.2631,0.2599,0.2617,66198609.0
1778212800000,0.2617,0.2626,0.2603,0.2619,53874014.0
1778227200000,0.2619,0.2646,0.2615,0.2641,64901423.0
1778241600000,0.2641,0.2696,0.2626,0.2695,111317750.0
1778256000000,0.2696,0.2734,0.2676,0.2716,127914476.0
1778270400000,0.2717,0.2787,0.2709,0.2734,126798174.0
1778284800000,0.2735,0.2783,0.273,0.2762,84712384.0
1778299200000,0.2763,0.2779,0.274,0.275,62979072.0
1778313600000,0.275,0.2765,0.272,0.2734,62501101.0
1778328000000,0.2735,0.274,0.2699,0.2703,86668462.0
1778342400000,0.2703,0.2728,0.2692,0.2725,67431630.0
1778356800000,0.2725,0.2727,0.2702,0.2707,33616020.0
1778371200000,0.2707,0.2718,0.2686,0.2699,62728360.0
1778385600000,0.2698,0.271,0.2682,0.2704,73696503.0
1778400000000,0.2704,0.2735,0.2703,0.2725,77601208.0
1778414400000,0.2726,0.2825,0.2718,0.2815,159156889.0
1778428800000,0.2815,0.2886,0.2801,0.287,253968722.0
1778443200000,0.2869,0.288,0.275,0.2822,225270274.0
1778457600000,0.2823,0.2828,0.2739,0.2764,132515729.0
1778472000000,0.2763,0.2797,0.2751,0.2776,88780997.0
1778486400000,0.2775,0.281,0.2755,0.2792,119962865.0
1778500800000,0.2791,0.2835,0.2775,0.2822,161630330.0
1778515200000,0.2822,0.2828,0.2793,0.281,93926748.0
1778529600000,0.2811,0.2819,0.2791,0.2801,67660194.0
1778544000000,0.2801,0.2817,0.2761,0.277,98164694.0
1778558400000,0.2769,0.2783,0.2747,0.2767,81441735.0
1778572800000,0.2767,0.2776,0.2732,0.2742,125837656.0
1778587200000,0.2742,0.2752,0.2677,0.269,181236858.0
1778601600000,0.269,0.2723,0.2666,0.2718,133749628.0
1778616000000,0.2719,0.2728,0.2702,0.2709,56261872.0
1778630400000,0.271,0.2743,0.2707,0.2739,121425143.0
1778644800000,0.274,0.2747,0.2723,0.2732,57003010.0
1778659200000,0.2732,0.2777,0.27,0.2706,106876898.0
1778673600000,0.2706,0.2714,0.261,0.2618,245003694.0
1778688000000,0.2619,0.2658,0.2617,0.2636,89602890.0
1778702400000,0.2637,0.2662,0.2628,0.2646,86690400.0
1778716800000,0.2646,0.266,0.2621,0.2629,70301096.0
1778731200000,0.2628,0.2665,0.2623,0.2645,57370374.0
1778745600000,0.2644,0.2656,0.2635,0.2637,51047156.0
1778760000000,0.2638,0.2707,0.2636,0.2701,143637192.0
1778774400000,0.2702,0.2803,0.2693,0.2738,255005187.0
1778788800000,0.2739,0.2743,0.2697,0.2704,129299333.0
1778803200000,0.2704,0.2727,0.268,0.2697,91696266.0
1778817600000,0.2696,0.27,0.2646,0.2682,102318822.0
1778832000000,0.2682,0.2685,0.2659,0.267,64509574.0
1778846400000,0.2669,0.267,0.2566,0.258,261322006.0
1778860800000,0.2581,0.2625,0.2575,0.2608,96124994.0
1778875200000,0.2609,0.2619,0.26,0.2613,39341424.0
1778889600000,0.2614,0.2623,0.2605,0.261,43941605.0
1778904000000,0.261,0.2611,0.2529,0.2552,166075228.0
1778918400000,0.2552,0.256,0.2519,0.2537,105928426.0
1778932800000,0.2537,0.256,0.2535,0.2555,56142274.0
1778947200000,0.2554,0.2564,0.2549,0.2551,43448180.0
1778961600000,0.2551,0.2557,0.2538,0.2549,50560483.0
1778976000000,0.2549,0.2554,0.2525,0.2542,69694951.0
1778990400000,0.2541,0.2567,0.254,0.256,48963578.0
1779004800000,0.2561,0.2581,0.2553,0.2564,54267222.0
1779019200000,0.2565,0.2571,0.2534,0.255,67689509.0
1779033600000,0.2551,0.2555,0.2528,0.255,67826177.0
1779048000000,0.2551,0.2559,0.245,0.252,248524922.0
1779062400000,0.252,0.2531,0.2486,0.25,148398807.0
1779076800000,0.25,0.2518,0.2469,0.2492,135946667.0
1779091200000,0.2492,0.2519,0.2478,0.2504,68377956.0
1779105600000,0.2504,0.2525,0.246,0.248,162088790.0
1779120000000,0.248,0.2512,0.2463,0.2506,121561976.0
1779134400000,0.2507,0.253,0.2495,0.2515,73003873.0
1779148800000,0.2515,0.2534,0.2504,0.2514,82373290.0
1779163200000,0.2515,0.253,0.2505,0.2523,51071884.0
1779177600000,0.2524,0.2524,0.2479,0.2484,91733697.0
1779192000000,0.2484,0.2511,0.2469,0.2482,111094715.0
1779206400000,0.2483,0.2499,0.2478,0.2482,50033318.0
1779220800000,0.2483,0.2496,0.2473,0.248,35290152.0
1779235200000,0.248,0.2486,0.2467,0.248,64842703.0
1779249600000,0.248,0.2509,0.2475,0.2491,67900273.0
1779264000000,0.249,0.2504,0.2481,0.2486,52215797.0
1779278400000,0.2486,0.2514,0.247,0.25,133496948.0
1779292800000,0.2501,0.2513,0.2478,0.25,96077098.0
1779307200000,0.25,0.2507,0.248,0.249,55365487.0
1779321600000,0.2491,0.2523,0.2487,0.252,86237551.0
1779336000000,0.2521,0.2526,0.2474,0.2488,114774364.0
1779350400000,0.2488,0.2503,0.2454,0.2464,148371796.0
1779364800000,0.2464,0.2495,0.2461,0.2483,114365107.0
1779379200000,0.2484,0.2538,0.2475,0.2523,191992704.0
1779393600000,0.2523,0.2532,0.2498,0.2505,77833558.0
1779408000000,0.2506,0.2519,0.2489,0.2514,63203897.0
1779422400000,0.2515,0.2528,0.2492,0.2514,72490806.0
1779436800000,0.2515,0.2526,0.2505,0.2524,62995218.0
1779451200000,0.2525,0.2545,0.2477,0.2495,165007746.0
1779465600000,0.2496,0.2501,0.2421,0.2442,280794573.0
1779480000000,0.2442,0.2467,0.2407,0.2422,130753873.0
1779494400000,0.2423,0.244,0.2414,0.2435,62766839.0
1779508800000,0.2435,0.2436,0.2357,0.2378,182341548.0
1779523200000,0.2378,0.2393,0.2369,0.238,99803259.0
1779537600000,0.2381,0.2436,0.2377,0.2421,148528331.0
1779552000000,0.2421,0.2453,0.2416,0.244,88653605.0
1779566400000,0.2441,0.2508,0.2436,0.2459,201279618.0
1779580800000,0.246,0.2468,0.2447,0.2452,64992755.0
1779595200000,0.2453,0.2463,0.2449,0.2452,50996205.0
1779609600000,0.2452,0.2466,0.2449,0.2455,58104056.0
1779624000000,0.2456,0.2456,0.2408,0.2427,87416227.0
1779638400000,0.2428,0.2435,0.2418,0.2424,43056072.0
1779652800000,0.2425,0.2427,0.2383,0.242,113275748.0
1779667200000,0.2421,0.2431,0.2402,0.2407,79183375.0
1779681600000,0.2407,0.2448,0.2405,0.2447,88903883.0
1779696000000,0.2448,0.2461,0.2438,0.2449,89011126.0
1779710400000,0.2448,0.2472,0.2442,0.2458,90272355.0
1779724800000,0.2459,0.2477,0.2449,0.2454,68379452.0
1779739200000,0.2454,0.246,0.2421,0.2435,82583404.0
1779753600000,0.2436,0.2436,0.2392,0.2407,130707326.0
1779768000000,0.2408,0.2429,0.2403,0.2411,67341727.0
1779782400000,0.2411,0.2456,0.241,0.2441,85498112.0
1779796800000,0.2442,0.2473,0.2409,0.2424,163692548.0
1779811200000,0.2424,0.2425,0.2378,0.24,169202063.0
1779825600000,0.2401,0.2409,0.2391,0.2399,50011106.0
1779840000000,0.24,0.2418,0.2391,0.2399,67363922.0
1779854400000,0.24,0.2408,0.2365,0.2402,92166064.0
1779868800000,0.2403,0.2411,0.2388,0.2396,58581101.0
1779883200000,0.2395,0.2434,0.2372,0.2412,186673620.0
1779897600000,0.2412,0.2419,0.2376,0.2408,138568285.0
1779912000000,0.2409,0.2412,0.2355,0.2371,152087244.0
1779926400000,0.237,0.2383,0.2313,0.232,202264323.0
1779940800000,0.232,0.2321,0.2278,0.2313,233083428.0
1779955200000,0.2314,0.2319,0.2292,0.23,87305986.0
1779969600000,0.23,0.2341,0.2289,0.233,215899382.0
1779984000000,0.233,0.2376,0.2315,0.2344,140716562.0
1779998400000,0.2344,0.2362,0.2335,0.2348,72473196.0
1780012800000,0.2348,0.2358,0.2327,0.2333,64078278.0
1780027200000,0.2333,0.2369,0.2323,0.2347,78078444.0
1780041600000,0.2347,0.2359,0.2325,0.2333,66084373.0
1780056000000,0.2334,0.238,0.2296,0.2356,225931211.0
1780070400000,0.2357,0.2361,0.2304,0.2327,193704115.0
1780084800000,0.2327,0.2339,0.2316,0.2328,71385718.0
1780099200000,0.2328,0.2394,0.2324,0.2364,156534652.0
1780113600000,0.2364,0.237,0.2336,0.235,105074412.0
1780128000000,0.2351,0.2354,0.2337,0.235,40751031.0
1780142400000,0.235,0.2369,0.2347,0.2363,62688555.0
1780156800000,0.2363,0.2377,0.2356,0.2371,52822904.0
1780171200000,0.2372,0.2383,0.2351,0.2358,56956533.0
1780185600000,0.2359,0.2384,0.2354,0.2378,74839274.0
1780200000000,0.2378,0.2386,0.2361,0.2365,48959659.0
1780214400000,0.2365,0.238,0.2354,0.2368,54144525.0
1780228800000,0.2369,0.2379,0.2329,0.2337,138725601.0
1780243200000,0.2336,0.234,0.2317,0.2326,99616687.0
1780257600000,0.2327,0.2369,0.2326,0.2355,79960133.0
1780272000000,0.2355,0.2374,0.2325,0.2368,132047959.0
1780286400000,0.2368,0.2375,0.2305,0.2309,134604854.0
1780300800000,0.2309,0.2323,0.2293,0.2302,132742659.0
1780315200000,0.2302,0.2314,0.2252,0.2268,275587240.0
1780329600000,0.2269,0.2319,0.226,0.2313,138603952.0
1780344000000,0.2313,0.2317,0.2281,0.2309,94989274.0
1780358400000,0.231,0.2312,0.2244,0.2279,160451302.0
1780372800000,0.2279,0.2285,0.2225,0.2239,176533648.0
1780387200000,0.2238,0.2245,0.2222,0.2229,93921516.0
1780401600000,0.2229,0.2237,0.2134,0.2153,463729180.0
1780416000000,0.2152,0.2192,0.2119,0.2156,247978981.0
1780430400000,0.2156,0.2182,0.2093,0.2128,242923851.0
1780444800000,0.2128,0.2145,0.2072,0.2086,181968250.0
1780459200000,0.2086,0.2181,0.2085,0.217,167064106.0
1780473600000,0.217,0.2183,0.2153,0.2161,125902791.0
1780488000000,0.2161,0.2164,0.2114,0.2119,174430765.0
1780502400000,0.2118,0.2122,0.2041,0.2047,253531783.0
1780516800000,0.2046,0.2066,0.1998,0.2002,289246859.0
1780531200000,0.2002,0.2017,0.1873,0.1997,643449912.0
1780545600000,0.1997,0.2011,0.1945,0.1947,246589065.0
1780560000000,0.1947,0.1957,0.1868,0.19,382991333.0
1780574400000,0.1901,0.1926,0.1869,0.1887,317450463.0
1780588800000,0.1888,0.1905,0.1856,0.1865,325647258.0
1780603200000,0.1864,0.1866,0.1785,0.1796,414363523.0
1780617600000,0.1796,0.1797,0.158,0.1583,908117003.0
1780632000000,0.1584,0.1692,0.1581,0.1634,774668822.0
1780646400000,0.1633,0.1662,0.1584,0.1622,437513099.0
1780660800000,0.1622,0.1651,0.1562,0.1572,582132782.0
1780675200000,0.1571,0.1637,0.1543,0.1606,520002290.0
1780689600000,0.1605,0.1637,0.1549,0.1565,312227764.0
1780704000000,0.1566,0.1624,0.1536,0.155,319863756.0
1780718400000,0.1549,0.1583,0.1485,0.1574,552110549.0
1780732800000,0.1574,0.1602,0.1534,0.1562,317947324.0
1780747200000,0.1562,0.1617,0.1548,0.1584,357100019.0
1780761600000,0.1583,0.16,0.1566,0.1567,185541413.0
1780776000000,0.1568,0.1586,0.1555,0.1572,138592182.0
1780790400000,0.1572,0.1621,0.1567,0.1612,223593670.0
1780804800000,0.1613,0.163,0.1596,0.1621,193126499.0
1780819200000,0.1621,0.167,0.1614,0.1645,288853043.0
1780833600000,0.1646,0.1648,0.1602,0.1621,248786642.0
1780848000000,0.1621,0.1639,0.1579,0.1584,183931262.0
1780862400000,0.1585,0.1688,0.1579,0.1652,306411989.0
1780876800000,0.1651,0.1665,0.1613,0.1639,160302346.0
1780891200000,0.1639,0.1643,0.1598,0.1637,143574005.0
1780905600000,0.1637,0.1681,0.1621,0.1675,249651903.0
1780920000000,0.1676,0.1713,0.1647,0.1692,246995934.0
1780934400000,0.1692,0.1725,0.1671,0.1717,204590121.0
1780948800000,0.1718,0.1744,0.1687,0.1702,156253117.0
1780963200000,0.1703,0.1707,0.1655,0.1662,185782617.0
1780977600000,0.1662,0.1709,0.1649,0.1701,144339835.0
1780992000000,0.1702,0.1704,0.1665,0.1673,129170647.0
1781006400000,0.1673,0.1698,0.1625,0.163,253632470.0
1781020800000,0.1629,0.1688,0.1607,0.1683,270704546.0
1781035200000,0.1684,0.1698,0.1647,0.1652,111899183.0
1781049600000,0.1651,0.1667,0.1611,0.1621,173149767.0
1781064000000,0.1621,0.1628,0.1596,0.1612,149062550.0
1781078400000,0.1613,0.1616,0.1584,0.1594,210479689.0
1781092800000,0.1594,0.1669,0.1589,0.1649,338789180.0
1781107200000,0.165,0.1652,0.16,0.1607,316122769.0
1781121600000,0.1607,0.1616,0.1581,0.1605,180231907.0
1781136000000,0.1605,0.1671,0.1604,0.1665,198168274.0
1781150400000,0.1665,0.1677,0.1639,0.1666,161538178.0
1781164800000,0.1667,0.168,0.1652,0.1668,149907027.0
1781179200000,0.1668,0.1673,0.1641,0.166,169262513.0
1781193600000,0.1661,0.1718,0.164,0.1692,246336610.0
1781208000000,0.1693,0.1719,0.1674,0.1706,130289978.0
1781222400000,0.1705,0.1718,0.1686,0.1717,123930944.0
1781236800000,0.1718,0.1736,0.168,0.1689,152597992.0
1781251200000,0.169,0.1722,0.169,0.1712,121591758.0
1781265600000,0.1713,0.1744,0.1674,0.1703,322565657.0
1781280000000,0.1704,0.1743,0.1694,0.1706,192031237.0
1781294400000,0.1707,0.1713,0.1685,0.1696,99160842.0
1781308800000,0.1696,0.1734,0.1693,0.1702,148757561.0
1781323200000,0.1702,0.1746,0.1689,0.173,154917493.0
1781337600000,0.1731,0.1738,0.1719,0.1733,89583977.0
1781352000000,0.1734,0.1757,0.1729,0.1748,103093970.0
1781366400000,0.1749,0.1749,0.1713,0.1719,120064945.0
1781380800000,0.1719,0.1734,0.171,0.1716,94120220.0
1781395200000,0.1717,0.1736,0.1712,0.1728,93534524.0
1781409600000,0.1729,0.1732,0.1708,0.1709,86038246.0
1781424000000,0.1709,0.1717,0.1693,0.1696,121409541.0
1781438400000,0.1697,0.1698,0.1652,0.1668,192214104.0
1781452800000,0.1668,0.1675,0.1657,0.1659,99002031.0
1781467200000,0.1659,0.1838,0.1657,0.1829,438364668.0
1781481600000,0.183,0.1869,0.1792,0.1812,320386177.0
1781496000000,0.1811,0.1818,0.1794,0.18,106924860.0
1781510400000,0.1801,0.1856,0.1798,0.185,202671785.0
1781524800000,0.1851,0.1899,0.1843,0.1887,299544331.0
1781539200000,0.1887,0.1897,0.1847,0.186,209912772.0
1781553600000,0.186,0.1865,0.1767,0.1783,281394623.0
1781568000000,0.1783,0.1792,0.1752,0.1771,151868117.0
1781582400000,0.1772,0.1792,0.1755,0.1786,120813147.0
1781596800000,0.1786,0.1814,0.1781,0.1786,135435829.0
1781611200000,0.1787,0.1813,0.1726,0.1739,258594784.0
1781625600000,0.1739,0.1765,0.1715,0.1731,233247630.0
1781640000000,0.173,0.1755,0.1719,0.1723,143942837.0
1781654400000,0.1722,0.175,0.1706,0.1729,163049037.0
1781668800000,0.173,0.1737,0.1701,0.1711,128646668.0
1781683200000,0.1712,0.1713,0.1676,0.1687,164923240.0
1781697600000,0.1687,0.1714,0.1668,0.1712,230134391.0
1781712000000,0.1713,0.1728,0.1646,0.1655,431971288.0
1781726400000,0.1654,0.1675,0.1635,0.1667,160896915.0
1781740800000,0.1668,0.1687,0.1663,0.1668,93300636.0
1781755200000,0.1668,0.1672,0.1638,0.1666,144901389.0
1781769600000,0.1667,0.1675,0.1644,0.165,105724455.0
1781784000000,0.165,0.1664,0.1596,0.1602,292612655.0
1781798400000,0.1602,0.1634,0.1599,0.1629,181255864.0
1781812800000,0.163,0.1641,0.1623,0.1636,69982977.0
1781827200000,0.1635,0.165,0.1609,0.162,148387707.0
1781841600000,0.162,0.1623,0.1584,0.1594,150738652.0
1781856000000,0.1594,0.161,0.1589,0.1597,94406995.0
1781870400000,0.1598,0.1628,0.1586,0.1617,136782471.0
1781884800000,0.1618,0.1623,0.1601,0.1607,103330001.0
1781899200000,0.1608,0.1623,0.1602,0.1619,71950822.0
1781913600000,0.1619,0.164,0.1614,0.1624,78068746.0
1781928000000,0.1624,0.165,0.1621,0.1629,87519373.0
1781942400000,0.1629,0.164,0.162,0.1628,67063620.0
1781956800000,0.1627,0.1632,0.1598,0.1621,164065636.0
1781971200000,0.1622,0.1624,0.16,0.1612,76820359.0
1781985600000,0.1612,0.1638,0.161,0.1631,62901973.0
1782000000000,0.1631,0.1635,0.1619,0.1625,64436116.0
1782014400000,0.1625,0.1626,0.1599,0.1615,99542303.0
1782028800000,0.1615,0.1625,0.1597,0.1608,94963328.0
1782043200000,0.1608,0.1628,0.1601,0.1622,86007895.0
1782057600000,0.1623,0.1624,0.1607,0.1619,71191768.0
1782072000000,0.162,0.1622,0.1561,0.1564,272030633.0
1782086400000,0.1565,0.1629,0.1564,0.158,188268076.0
1782100800000,0.158,0.1621,0.1577,0.1617,101372957.0
1782115200000,0.1617,0.1624,0.1596,0.1617,101845960.0
1782129600000,0.1617,0.1631,0.1586,0.1593,210436211.0
1782144000000,0.1594,0.16,0.1575,0.1589,125398866.0
1782158400000,0.1588,0.1599,0.1568,0.1584,96103053.0
1782172800000,0.1583,0.1598,0.1574,0.1598,101020547.0
1782187200000,0.1597,0.16,0.1534,0.1546,224558458.0
1782201600000,0.1545,0.1548,0.1506,0.1535,225813009.0
1782216000000,0.1535,0.1536,0.1497,0.1508,256912755.0
1782230400000,0.1509,0.1519,0.1492,0.15,157795488.0
1782244800000,0.1501,0.1523,0.1498,0.1514,87199095.0
1782259200000,0.1514,0.1543,0.1511,0.1519,143765114.0
1782273600000,0.152,0.153,0.1501,0.1504,94151390.0
1782288000000,0.1505,0.1511,0.1455,0.1482,364094477.0
1782302400000,0.1482,0.1488,0.1434,0.1437,369754409.0
1782316800000,0.1438,0.1444,0.1394,0.1409,442329083.0
1782331200000,0.141,0.1494,0.1407,0.1476,236771177.0
1782345600000,0.1475,0.1491,0.1469,0.1475,121940209.0
1782360000000,0.1475,0.1507,0.1469,0.1498,122416735.0
1782374400000,0.1498,0.15,0.1472,0.1476,78318451.0
1782388800000,0.1476,0.1486,0.1381,0.1432,545706490.0
1782403200000,0.1432,0.1452,0.1404,0.1411,199869545.0
1782417600000,0.1411,0.1443,0.141,0.1438,102726420.0
1782432000000,0.1438,0.1443,0.1383,0.1426,248006354.0
1782446400000,0.1427,0.1472,0.1414,0.1466,184845431.0
1782460800000,0.1466,0.1469,0.1425,0.1432,118802255.0
1782475200000,0.1433,0.1482,0.141,0.1479,293769888.0
1782489600000,0.148,0.1499,0.1464,0.1475,163664093.0
1782504000000,0.1475,0.1493,0.1463,0.1484,109787562.0
1782518400000,0.1484,0.1496,0.1472,0.1481,80111472.0
1782532800000,0.1481,0.1489,0.1471,0.1476,63501474.0
1782547200000,0.1476,0.1477,0.1462,0.1471,64304844.0
1782561600000,0.1472,0.1494,0.1466,0.1488,86336209.0
1782576000000,0.1488,0.1489,0.1447,0.1452,139346585.0
1782590400000,0.1452,0.146,0.1435,0.1452,90732207.0
1782604800000,0.1452,0.1459,0.1445,0.1453,50897845.0
1782619200000,0.1453,0.1455,0.1431,0.1452,66401739.0
1782633600000,0.1451,0.1465,0.1441,0.1452,70145299.0
1782648000000,0.1453,0.1455,0.1438,0.1445,62638430.0
1782662400000,0.1445,0.1446,0.142,0.1428,118095676.0
1782676800000,0.1427,0.1443,0.141,0.1437,129901459.0
1782691200000,0.1437,0.1459,0.1417,0.145,116067925.0
1782705600000,0.1451,0.1463,0.1425,0.1449,85709128.0
1782720000000,0.1449,0.1462,0.1436,0.1447,92540624.0
1782734400000,0.1448,0.1469,0.143,0.1454,219376845.0
1782748800000,0.1454,0.1488,0.1445,0.1476,138933962.0
1782763200000,0.1475,0.1477,0.1453,0.1457,64904149.0
1782777600000,0.1457,0.1458,0.1435,0.1442,89299114.0
1782792000000,0.1442,0.1456,0.1439,0.1449,54446972.0
1782806400000,0.145,0.1451,0.1437,0.1438,67130190.0
1782820800000,0.1439,0.1455,0.142,0.1442,220122759.0
1782835200000,0.1443,0.1464,0.1435,0.1448,145192959.0
1782849600000,0.1447,0.1449,0.1434,0.1442,64514502.0
1782864000000,0.1442,0.1508,0.1418,0.1493,287597758.0
1782878400000,0.1493,0.153,0.1486,0.15,370637590.0
1782892800000,0.15,0.1523,0.1489,0.1506,164086128.0
1782907200000,0.1506,0.158,0.1502,0.1551,364867955.0
1782921600000,0.1552,0.1558,0.1525,0.1532,138010943.0
1782936000000,0.1533,0.1579,0.1528,0.1539,182187234.0
1782950400000,0.1538,0.1565,0.1525,0.1561,179467626.0
1782964800000,0.1561,0.1563,0.1541,0.155,100357398.0
1782979200000,0.1551,0.1603,0.1548,0.1595,195186129.0
1782993600000,0.1595,0.1627,0.1587,0.1607,261772663.0
1783008000000,0.1607,0.1626,0.1588,0.1597,134373387.0
1783022400000,0.1597,0.1629,0.1594,0.1614,132878735.0
1783036800000,0.1615,0.1685,0.1605,0.1667,278814834.0
1783051200000,0.1667,0.1669,0.1631,0.165,142543874.0
1783065600000,0.165,0.1699,0.1647,0.1694,173080486.0
1783080000000,0.1694,0.1737,0.1677,0.1734,232201244.0
1783094400000,0.1734,0.1831,0.1716,0.181,531013394.0
1783108800000,0.181,0.1829,0.1781,0.1798,224096630.0
1783123200000,0.1798,0.1802,0.1762,0.1771,166959461.0
1783137600000,0.1771,0.1801,0.1751,0.1758,149720470.0
1783152000000,0.1759,0.1775,0.175,0.1764,107587925.0
1783166400000,0.1764,0.192,0.1764,0.1909,414945918.0
1783180800000,0.1909,0.1999,0.1908,0.1932,695709247.0
1783195200000,0.1932,0.1942,0.1905,0.192,195068669.0
1783209600000,0.1921,0.195,0.1891,0.1901,295962723.0
1783224000000,0.1901,0.1942,0.1881,0.1928,191011648.0
1783238400000,0.1929,0.1936,0.1851,0.1867,244919210.0
1783252800000,0.1867,0.1907,0.1851,0.189,195179991.0
1783267200000,0.189,0.1913,0.1882,0.189,132233632.0
1783281600000,0.189,0.1926,0.1874,0.1895,208704511.0
1783296000000,0.1894,0.1906,0.1872,0.188,131296083.0
1783310400000,0.1881,0.1885,0.1828,0.1841,222203693.0
1783324800000,0.1842,0.1863,0.1815,0.1824,200437617.0
1783339200000,0.1823,0.1864,0.1779,0.1858,450347059.0
1783353600000,0.1858,0.1865,0.1827,0.184,239710324.0
1783368000000,0.184,0.1871,0.1826,0.184,138201362.0
1783382400000,0.184,0.185,0.1805,0.1812,131206528.0
1783396800000,0.1812,0.1813,0.1787,0.1795,140090825.0
1783411200000,0.1794,0.1797,0.1764,0.1774,149571833.0
1783425600000,0.1774,0.1797,0.1751,0.1771,265858344.0
1783440000000,0.1772,0.1784,0.1746,0.1766,159299844.0
1783454400000,0.1765,0.1769,0.1732,0.1745,110442211.0
1783468800000,0.1745,0.1761,0.1703,0.1706,196567341.0
1783483200000,0.1705,0.1715,0.1682,0.1694,130110234.0
1783497600000,0.1695,0.1696,0.165,0.1669,233019241.0
1783512000000,0.167,0.1695,0.1647,0.1655,195904765.0
1783526400000,0.1655,0.1674,0.1654,0.1666,120153389.0
1783540800000,0.1666,0.1671,0.1653,0.1669,60677349.0
1783555200000,0.167,0.1687,0.1656,0.1663,94231252.0
1783569600000,0.1663,0.1699,0.166,0.1681,114304915.0
1783584000000,0.1681,0.1698,0.1667,0.1694,109574823.0
1783598400000,0.1694,0.17,0.1659,0.1666,198791834.0
1783612800000,0.1666,0.1676,0.1649,0.1656,153295363.0
1783627200000,0.1655,0.1674,0.1653,0.1665,70579178.0
1783641600000,0.1665,0.1697,0.1656,0.1674,129025072.0
1783656000000,0.1674,0.1682,0.1661,0.1665,124336152.0
1783670400000,0.1665,0.1698,0.1664,0.1678,140790655.0
1783684800000,0.1678,0.1687,0.1649,0.1664,199526462.0
1783699200000,0.1664,0.1675,0.1657,0.1666,94547855.0
1783713600000,0.1666,0.1674,0.1662,0.1665,46100443.0
1783728000000,0.1666,0.1671,0.166,0.1661,43281786.0
1783742400000,0.1661,0.1677,0.1657,0.1677,52197885.0
1783756800000,0.1677,0.1684,0.1668,0.1678,73322080.0
1783771200000,0.1678,0.1744,0.1671,0.1717,272181403.0
1783785600000,0.1717,0.1731,0.1701,0.1716,137376407.0
1783800000000,0.1716,0.1718,0.1654,0.1657,180443503.0
1783814400000,0.1656,0.1664,0.1628,0.1662,200191078.0
1783828800000,0.1663,0.1664,0.1621,0.1635,142469121.0
1783843200000,0.1635,0.1651,0.1632,0.1642,68921026.0
1783857600000,0.1642,0.1653,0.1638,0.1644,94364589.0
1783872000000,0.1645,0.1647,0.1633,0.1643,62567773.0
1783886400000,0.1642,0.1645,0.1608,0.1618,125065915.0
1783900800000,0.1619,0.1644,0.1571,0.1588,280752820.0
1783915200000,0.1588,0.1605,0.1583,0.1603,100951242.0
1783929600000,0.1603,0.1607,0.1593,0.1594,62714760.0
1783944000000,0.1594,0.1601,0.1572,0.1588,171183671.0
1783958400000,0.1588,0.1591,0.1563,0.1581,127122428.0
1783972800000,0.1582,0.1583,0.1553,0.1573,88538061.0
1783987200000,0.1574,0.1584,0.156,0.1575,88194516.0
1784001600000,0.1576,0.1605,0.1572,0.1586,146249362.0
1784016000000,0.1586,0.1592,0.158,0.159,63522019.0
1784030400000,0.159,0.1681,0.1582,0.1654,423222963.0
1784044800000,0.1654,0.1665,0.1625,0.1633,156013880.0
1784059200000,0.1634,0.1654,0.1628,0.1654,95881600.0
1784073600000,0.1654,0.1657,0.1619,0.1641,127849433.0
1784088000000,0.1641,0.1654,0.1625,0.163,112333949.0
1784102400000,0.163,0.1654,0.1626,0.1645,147980332.0
1784116800000,0.1646,0.1693,0.164,0.1655,246519112.0
1784131200000,0.1655,0.1658,0.1623,0.1635,162577213.0
1784145600000,0.1635,0.1661,0.1633,0.165,84854243.0
1784160000000,0.1649,0.1664,0.1636,0.1648,70024638.0
1784174400000,0.1648,0.1651,0.1622,0.1628,87652604.0
1784188800000,0.1628,0.1629,0.1609,0.1628,121319191.0
1784203200000,0.1628,0.1651,0.1614,0.1635,142185342.0
1784217600000,0.1636,0.1637,0.1616,0.1628,76465600.0
1784232000000,0.1628,0.1635,0.1597,0.1607,110701840.0
1784246400000,0.1607,0.1618,0.1591,0.1603,98793852.0
1784260800000,0.1603,0.1606,0.1576,0.1587,105984237.0
1784275200000,0.1587,0.1623,0.1581,0.1609,97666644.0
1784289600000,0.1608,0.1642,0.1576,0.1641,267039946.0
1784304000000,0.164,0.167,0.1635,0.1659,301957985.0
1784318400000,0.166,0.1675,0.1648,0.1666,103254211.0
1784332800000,0.1666,0.1692,0.1665,0.1678,134389792.0
1784347200000,0.1677,0.168,0.1657,0.1661,89548798.0
1784361600000,0.1662,0.1668,0.1648,0.1658,71449737.0
1784376000000,0.1659,0.1666,0.1638,0.1644,99321926.0
1784390400000,0.1644,0.166,0.1633,0.1657,81149913.0
1784404800000,0.1658,0.1672,0.1655,0.1667,61328518.0
1784419200000,0.1667,0.1687,0.1662,0.1667,76768411.0
1784433600000,0.1668,0.1668,0.1653,0.1656,55959705.0
1784448000000,0.1655,0.166,0.1644,0.1649,73252300.0
1784462400000,0.1649,0.167,0.1644,0.1661,79004654.0
1784476800000,0.1662,0.1664,0.1636,0.166,98153621.0
1784491200000,0.166,0.167,0.1646,0.166,68481720.0
1784505600000,0.166,0.1683,0.1641,0.1655,128369008.0
1784520000000,0.1655,0.1655,0.1605,0.1624,186582386.0
1784534400000,0.1624,0.1661,0.1614,0.1655,129908064.0
1784548800000,0.1654,0.1669,0.1615,0.1669,156923748.0
1784563200000,0.1669,0.1706,0.1651,0.1677,278786809.0
1784577600000,0.1677,0.1719,0.1671,0.1697,124475800.0
1784592000000,0.1696,0.173,0.1693,0.1723,140959129.0
1784606400000,0.1724,0.1775,0.171,0.1763,307723433.0
1784620800000,0.1764,0.1765,0.174,0.1746,108328962.0
1784635200000,0.1747,0.1769,0.1743,0.1751,139733408.0
1784649600000,0.175,0.1753,0.1719,0.1737,159433560.0
1784664000000,0.1737,0.1742,0.1722,0.1736,56742158.0
1784678400000,0.1736,0.1753,0.173,0.1733,88386740.0
1784692800000,0.1733,0.1743,0.1703,0.171,117824237.0
1784707200000,0.171,0.1738,0.1709,0.1729,85148183.0
1784721600000,0.1729,0.1796,0.1714,0.1779,293671233.0
1784736000000,0.1779,0.1808,0.1736,0.1744,222047214.0
1784750400000,0.1744,0.1757,0.173,0.1742,137886191.0
1784764800000,0.1743,0.1766,0.1735,0.1739,124839062.0
1784779200000,0.174,0.1753,0.1721,0.1729,83131162.0
1784793600000,0.173,0.1758,0.1725,0.1741,83881419.0
1784808000000,0.1742,0.1751,0.1679,0.1704,286202518.0
1784822400000,0.1703,0.1706,0.1681,0.1696,90862851.0
1784836800000,0.1695,0.1704,0.1679,0.1683,62611256.0
1784851200000,0.1683,0.1684,0.1662,0.1674,128957905.0
1784865600000,0.1673,0.1685,0.1664,0.168,74182727.0
1784880000000,0.168,0.1682,0.1654,0.1663,78035133.0
1784894400000,0.1662,0.1666,0.1632,0.1647,158525662.0
1784908800000,0.1646,0.1646,0.1626,0.1636,73682493.0
1784923200000,0.1636,0.1642,0.163,0.1638,35810366.0
1784937600000,0.1638,0.1647,0.1634,0.1638,44287241.0
1784952000000,0.1637,0.164,0.1614,0.1615,66091271.0
1784966400000,0.1615,0.1626,0.1613,0.1626,52184743.0
1784980800000,0.1625,0.1648,0.1624,0.1646,66499788.0
1784995200000,0.1645,0.1669,0.164,0.1655,119099403.0
1785009600000,0.1654,0.1656,0.1637,0.1646,47125844.0
1785024000000,0.1647,0.1657,0.1644,0.1654,55733492.0
1785038400000,0.1653,0.1666,0.1648,0.1651,55448265.0
1785052800000,0.1651,0.1654,0.1646,0.1649,37551066.0
1785067200000,0.1649,0.1655,0.1639,0.1654,62641580.0
1785081600000,0.1653,0.1662,0.1641,0.1644,52025826.0
1785096000000,0.1643,0.1665,0.1641,0.1658,71341864.0
1785110400000,0.1658,0.166,0.1643,0.1652,67550810.0
1785124800000,0.1652,0.1672,0.1648,0.1648,90104025.0
1785139200000,0.1649,0.1658,0.1642,0.1644,54034703.0
1785153600000,0.1644,0.1656,0.1577,0.1578,341309453.0
1785168000000,0.1578,0.1594,0.1569,0.1588,114745056.0
1785182400000,0.1589,0.1591,0.1535,0.1554,226770671.0
1785196800000,0.1553,0.1562,0.1532,0.1546,133616573.0
1785211200000,0.1546,0.1578,0.1545,0.157,137279613.0
1785225600000,0.157,0.1581,0.1563,0.157,106726414.0
1785240000000,0.157,0.1593,0.1551,0.1589,182209666.0
1785254400000,0.159,0.1599,0.158,0.159,81664079.0
1785268800000,0.159,0.1634,0.1587,0.1619,197847484.0
1785283200000,0.1619,0.1669,0.1615,0.1635,268682734.0
1785297600000,0.1635,0.165,0.1617,0.1644,129203955.0
1785312000000,0.1645,0.1649,0.163,0.1638,87639756.0
1785326400000,0.1638,0.1653,0.1621,0.163,117457411.0
1785340800000,0.163,0.1691,0.1622,0.1631,231896686.0
1785355200000,0.163,0.1639,0.1604,0.1621,157341719.0
1785369600000,0.1621,0.1647,0.1614,0.1624,107743835.0
1785384000000,0.1623,0.1636,0.1614,0.1632,68641653.0
1785398400000,0.1631,0.1653,0.163,0.1641,76464614.0
1785412800000,0.1641,0.1762,0.1641,0.1718,420322543.0
1785427200000,0.1718,0.1731,0.1698,0.1727,157744869.0
1785441600000,0.1727,0.1731,0.1694,0.1697,86576701.0
1785456000000,0.1697,0.1709,0.1691,0.1699,109198319.0
1785470400000,0.1699,0.1703,0.1674,0.1697,96944698.0
1785484800000,0.1698,0.1718,0.1682,0.1699,126664653.0
1785499200000,0.1699,0.1714,0.1665,0.1687,205475206.0
1785513600000,0.1687,0.1728,0.1683,0.1705,134929461.0
1785528000000,0.1705,0.1707,0.1676,0.1681,83623146.0
1785542400000,0.1682,0.1711,0.1681,0.1709,77658852.0
1785556800000,0.171,0.1722,0.1693,0.1711,88575458.0
1785571200000,0.1711,0.1741,0.1711,0.1731,134894417.0
1785585600000,0.1731,0.1769,0.1724,0.1725,146066541.0
1785600000000,0.1725,0.175,0.1695,0.1724,206142875.0
1785614400000,0.1724,0.1753,0.172,0.1743,88625765.0
1785628800000,0.1744,0.1807,0.1727,0.18,252730890.0
1785643200000,0.1801,0.1877,0.1798,0.1861,290019210.0
1785657600000,0.1861,0.1897,0.1851,0.1888,185504591.0
1785672000000,0.1888,0.1921,0.1864,0.1902,333375517.0
1785686400000,0.1901,0.1913,0.1885,0.1886,120873119.0
1785700800000,0.1885,0.191,0.1868,0.1895,147121885.0
1785715200000,0.1895,0.1898,0.1848,0.1855,196191632.0
1785729600000,0.1854,0.187,0.1825,0.1828,137861279.0
1785744000000,0.1827,0.1884,0.1816,0.1865,200145824.0
1785758400000,0.1864,0.1964,0.1858,0.196,445326395.0
1785772800000,0.196,0.1962,0.1907,0.1937,193984366.0
1785787200000,0.1938,0.1959,0.1926,0.1936,182369103.0
1785801600000,0.1936,0.1974,0.1912,0.1968,269312242.0
1785816000000,0.1968,0.1995,0.1935,0.1946,229568877.0
1785830400000,0.1947,0.1971,0.1936,0.1944,128925034.0
1785844800000,0.1944,0.1953,0.1913,0.193,176227859.0
1785859200000,0.1931,0.1936,0.1909,0.1924,95698276.0
1785873600000,0.1923,0.1948,0.1917,0.1929,101449546.0
1785888000000,0.1929,0.1933,0.1897,0.1905,135345376.0
1785902400000,0.1906,0.194,0.1899,0.1937,125136995.0
1785916800000,0.1937,0.1992,0.1931,0.195,213196048.0
1785931200000,0.195,0.1959,0.1885,0.1891,223197193.0
1785945600000,0.189,0.1916,0.1889,0.1894,117261883.0
1785960000000,0.1893,0.1927,0.1886,0.1911,90016025.0
1785974400000,0.191,0.1924,0.1863,0.1867,132307727.0
1785988800000,0.1868,0.1891,0.1856,0.1888,112157323.0
1786003200000,0.1887,0.1927,0.1878,0.1923,156256603.0
1786017600000,0.1922,0.2112,0.1901,0.2089,562172626.0
1786032000000,0.2088,0.2117,0.2004,0.2022,443762820.0
1786046400000,0.2022,0.2055,0.1993,0.2011,193942315.0
1786060800000,0.201,0.2028,0.1987,0.1992,147731958.0
1786075200000,0.1993,0.2039,0.1985,0.2015,162614354.0
1786089600000,0.2015,0.2032,0.1999,0.2014,123342820.0
1786104000000,0.2014,0.2033,0.1964,0.2008,221056143.0
1786118400000,0.2008,0.2024,0.1974,0.2009,163164889.0
1786132800000,0.2008,0.2032,0.2001,0.2007,71303385.0
1786147200000,0.2007,0.2023,0.1992,0.2008,71888035.0
1786161600000,0.2008,0.2014,0.1988,0.2001,52389819.0
1786176000000,0.2,0.2004,0.1983,0.1993,78356337.0
1786190400000,0.1992,0.2007,0.1986,0.1995,62974077.0
1786204800000,0.1994,0.2009,0.1994,0.2004,48738375.0
1786219200000,0.2003,0.2008,0.1976,0.1994,58992431.0
1786233600000,0.1993,0.1997,0.1978,0.1982,60796493.0
1786248000000,0.1981,0.1997,0.1966,0.1985,67138887.0
1786262400000,0.1984,0.1989,0.1955,0.1964,86334795.0
1786276800000,0.1964,0.198,0.1957,0.1975,111302162.0
1786291200000,0.1975,0.1987,0.1971,0.1977,52852283.0
1786305600000,0.1976,0.1994,0.1927,0.1943,126998032.0
1786320000000,0.1943,0.1979,0.1934,0.1958,89074557.0
1786334400000,0.1958,0.1993,0.1955,0.1979,75026410.0
1786348800000,0.198,0.1984,0.1945,0.1964,80577145.0
1786363200000,0.1964,0.1971,0.1937,0.1949,115011655.0
1786377600000,0.195,0.1964,0.1923,0.1937,110415579.0
1786392000000,0.1938,0.1945,0.1906,0.1908,69281564.0
1786406400000,0.1908,0.1915,0.1888,0.1904,105607019.0
1786420800000,0.1905,0.1907,0.1869,0.1886,115233761.0
1786435200000,0.1886,0.1891,0.1875,0.1885,59309340.0
1786449600000,0.1885,0.1885,0.1835,0.1848,202740350.0
1786464000000,0.1849,0.1865,0.1843,0.1857,101903930.0
1786478400000,0.1858,0.1876,0.1845,0.187,89334455.0
1786492800000,0.187,0.1883,0.1857,0.1875,61453968.0
1786507200000,0.1876,0.1879,0.1848,0.1852,48260899.0
1786521600000,0.1851,0.1874,0.1849,0.1856,62972374.0
1786536000000,0.1857,0.1863,0.1817,0.1817,185073764.0
1786550400000,0.1817,0.1837,0.1814,0.183,71579622.0
1786564800000,0.183,0.1835,0.1804,0.1825,79180737.0
1786579200000,0.1824,0.1841,0.181,0.1838,65261224.0
1786593600000,0.1838,0.1857,0.1828,0.1856,72434565.0
1786608000000,0.1856,0.1865,0.183,0.1832,90136100.0
1786622400000,0.1831,0.1853,0.1824,0.1826,84211709.0
1786636800000,0.1825,0.1827,0.18,0.1815,89247901.0
1786651200000,0.1815,0.1827,0.1811,0.1822,42813791.0
1786665600000,0.1822,0.1833,0.1817,0.1823,51806440.0
1786680000000,0.1822,0.183,0.1812,0.1816,50318930.0
1786694400000,0.1816,0.1835,0.1789,0.18,109335610.0
1786708800000,0.18,0.1804,0.1779,0.1798,105340597.0
1786723200000,0.1798,0.1809,0.1783,0.1796,71805271.0
1786737600000,0.1796,0.1802,0.1781,0.18,33699225.0
1786752000000,0.18,0.1817,0.1795,0.1804,49424648.0
1786766400000,0.1804,0.1815,0.1788,0.1789,42033475.0
1786780800000,0.1789,0.1795,0.1783,0.1785,40841347.0
1786795200000,0.1785,0.1791,0.178,0.1787,42780424.0
1786809600000,0.1788,0.1789,0.1766,0.178,61380625.0
1786824000000,0.178,0.1781,0.1756,0.1764,54723526.0
1786838400000,0.1763,0.1773,0.176,0.1769,39048605.0
1786852800000,0.1769,0.1776,0.1763,0.1776,29233315.0
1786867200000,0.1775,0.1782,0.1753,0.177,63283668.0
1786881600000,0.1769,0.1771,0.1757,0.1767,46956074.0
1786896000000,0.1767,0.1791,0.1747,0.1781,114113340.0
1786910400000,0.1782,0.179,0.1744,0.1748,94196458.0
1786924800000,0.1747,0.1772,0.1737,0.1769,90128957.0
1786939200000,0.1769,0.1777,0.1756,0.176,70906203.0
1786953600000,0.176,0.1761,0.172,0.1747,126532570.0
1786968000000,0.1747,0.1754,0.1729,0.175,99350084.0
1786982400000,0.175,0.1756,0.1734,0.1736,70809113.0
1786996800000,0.1736,0.1748,0.1731,0.174,39772676.0
1787011200000,0.1741,0.1748,0.1711,0.1723,97338442.0
1787025600000,0.1723,0.1746,0.1721,0.1734,86314165.0
1787040000000,0.1733,0.1741,0.1723,0.1736,52795592.0
1787054400000,0.1737,0.1769,0.1731,0.1754,154594058.0
1787068800000,0.1755,0.1756,0.1731,0.1734,61477378.0
1787083200000,0.1733,0.1747,0.1726,0.1745,57046414.0
1787097600000,0.1744,0.1753,0.1732,0.175,64394827.0
1787112000000,0.175,0.1762,0.1739,0.1752,73357485.0
1787126400000,0.1753,0.1756,0.1735,0.1747,54049235.0
1787140800000,0.1748,0.1832,0.1736,0.1793,335171788.0
1787155200000,0.1793,0.1812,0.1777,0.1812,170225160.0
1787169600000,0.1811,0.1922,0.1809,0.1871,344709897.0
1787184000000,0.187,0.1887,0.1819,0.1823,162705776.0
1787198400000,0.1822,0.1847,0.1817,0.184,95084468.0
1787212800000,0.1841,0.1954,0.1837,0.193,296617112.0
1787227200000,0.193,0.198,0.1898,0.1968,308109311.0
1787241600000,0.1969,0.2035,0.1931,0.1948,356241289.0
1787256000000,0.1948,0.1998,0.1944,0.199,142560321.0
1787270400000,0.1989,0.2102,0.1985,0.2081,313536210.0
1787284800000,0.2081,0.2115,0.2061,0.2096,218055109.0
1787299200000,0.2097,0.218,0.2075,0.2116,522167010.0
1787313600000,0.2116,0.2204,0.2108,0.2196,328298184.0
1787328000000,0.2195,0.2218,0.2137,0.2167,259774926.0
1787342400000,0.2168,0.2335,0.2158,0.2292,306940994.0
1787356800000,0.2291,0.249,0.2259,0.244,312078415.0
1787371200000,0.244,0.2588,0.2063,0.2316,765482899.0
1787385600000,0.2316,0.234,0.2174,0.2241,324984714.0
1787400000000,0.2241,0.2281,0.2211,0.2227,168971241.0
1787414400000,0.2226,0.2321,0.2224,0.2314,139501851.0
1787428800000,0.2313,0.2343,0.2228,0.2261,127057765.0
1787443200000,0.2261,0.2297,0.2177,0.2196,186326549.0
1787457600000,0.2196,0.2211,0.2133,0.218,194960194.0
1787472000000,0.2179,0.2253,0.2175,0.225,124414571.0
1787486400000,0.2251,0.2306,0.2207,0.2247,241388607.0
1787500800000,0.2247,0.2268,0.2228,0.2236,90122888.0
1787515200000,0.2237,0.2296,0.2219,0.227,110985791.0
1787529600000,0.227,0.2273,0.2169,0.2182,145356622.0
1787544000000,0.2181,0.2222,0.218,0.219,111687744.0
1787558400000,0.2191,0.2243,0.2166,0.2232,154114376.0
1787572800000,0.2233,0.2276,0.2191,0.2213,268417425.0
1787587200000,0.2214,0.225,0.2171,0.2189,136600814.0
1787601600000,0.2189,0.2218,0.2174,0.2214,53074208.0
1787616000000,0.2213,0.229,0.2207,0.2257,167997847.0
1787630400000,0.2257,0.2284,0.2187,0.2207,141767544.0
1787644800000,0.2207,0.2227,0.217,0.2184,108147863.0
1787659200000,0.2184,0.2186,0.2112,0.2156,203358659.0
1787673600000,0.2157,0.2162,0.2128,0.2141,62951837.0
1787688000000,0.2142,0.2144,0.206,0.209,153866390.0
1787702400000,0.209,0.2131,0.2076,0.2112,65115893.0
1787716800000,0.2112,0.2117,0.2085,0.21,60831817.0
1787731200000,0.2101,0.2123,0.2073,0.2102,92898964.0
1787745600000,0.2103,0.212,0.2024,0.2047,252293936.0
1787760000000,0.2047,0.2068,0.2022,0.2057,83981517.0
1787774400000,0.2058,0.2128,0.2038,0.2122,97061595.0
1787788800000,0.2122,0.2122,0.2079,0.2091,70850646.0
1787803200000,0.209,0.2116,0.2073,0.211,56769224.0
1787817600000,0.2109,0.2168,0.2105,0.2113,205564336.0
1787832000000,0.2114,0.217,0.2097,0.2144,199047131.0
1787846400000,0.2144,0.2174,0.2122,0.2136,137209843.0
1787860800000,0.2137,0.2154,0.2126,0.2136,55389484.0
1787875200000,0.2135,0.218,0.208,0.2099,178192801.0
1787889600000,0.2099,0.2113,0.2085,0.2093,67791847.0
1787904000000,0.2093,0.2102,0.2058,0.2092,90863740.0
1787918400000,0.2091,0.2115,0.2031,0.2043,243529074.0
1787932800000,0.2044,0.2052,0.1986,0.2018,208069711.0
1787947200000,0.2018,0.2031,0.1997,0.203,68014657.0
1787961600000,0.2029,0.2035,0.2005,0.2005,41489611.0
1787976000000,0.2006,0.2018,0.1996,0.2001,49152626.0
1787990400000,0.2001,0.2006,0.1987,0.1997,51101418.0
1788004800000,0.1998,0.2027,0.1995,0.2005,55809953.0
1788019200000,0.2006,0.2021,0.1996,0.2015,57322272.0
1788033600000,0.2016,0.2019,0.2008,0.2016,31043007.0
1788048000000,0.2015,0.2022,0.2,0.2007,58051262.0
1788062400000,0.2007,0.2025,0.1997,0.2005,46631816.0
1788076800000,0.2004,0.2017,0.1998,0.201,44428575.0
1788091200000,0.201,0.2057,0.201,0.2032,115886810.0
1788105600000,0.2032,0.2061,0.2025,0.203,113158964.0
1788120000000,0.2031,0.2038,0.1892,0.1925,293291060.0
1788134400000,0.1925,0.195,0.1913,0.1939,121546408.0
1788148800000,0.194,0.1964,0.1925,0.1959,104571029.0
1788163200000,0.1959,0.1983,0.1951,0.1963,86828792.0
1788177600000,0.1964,0.1978,0.1935,0.1957,150211534.0
1788192000000,0.1958,0.2007,0.1946,0.1989,111545878.0
1788206400000,0.1989,0.2006,0.1974,0.1978,72642993.0
1788220800000,0.1977,0.2018,0.1974,0.2007,86047941.0
1788235200000,0.2007,0.2029,0.1996,0.2003,96974893.0
1788249600000,0.2004,0.2005,0.196,0.1995,117872191.0
1788264000000,0.1995,0.2004,0.1963,0.1993,108979228.0
1788278400000,0.1993,0.1994,0.1934,0.1964,140568570.0
1788292800000,0.1964,0.1969,0.1939,0.1965,69417868.0
1788307200000,0.1965,0.1989,0.1928,0.1976,91931201.0
1788321600000,0.1975,0.1992,0.1957,0.1968,67547367.0
1788336000000,0.1968,0.1972,0.1918,0.1949,111124920.0
1788350400000,0.1949,0.1972,0.1934,0.1963,94101705.0
1788364800000,0.1963,0.1975,0.1943,0.1971,73810566.0
1788379200000,0.1972,0.2011,0.1971,0.201,95552063.0
1788393600000,0.2009,0.2076,0.199,0.2047,232797945.0
1788408000000,0.2047,0.2075,0.2033,0.205,107401163.0
1788422400000,0.205,0.2096,0.205,0.2067,150861542.0
1788436800000,0.2067,0.2209,0.2065,0.2206,292866574.0
1788451200000,0.2205,0.225,0.2196,0.2226,236087941.0
1788465600000,0.2225,0.2254,0.2185,0.2212,167165922.0
1788480000000,0.2212,0.2259,0.2183,0.2239,199182939.0
1788494400000,0.2239,0.2271,0.2198,0.22,153998267.0
1788508800000,0.2201,0.2248,0.2187,0.2212,167801991.0
1788523200000,0.2212,0.2221,0.2091,0.2129,466045286.0
1788537600000,0.2129,0.2152,0.2126,0.2145,14767859.0
