timestamp,open,high,low,close,volume
1741204800000,594.73,598.87,594.22,597.93,45915.86
1741219200000,597.92,605.72,596.54,601.63,88156.67
1741233600000,601.62,611.82,601.62,604.71,180754.51
1741248000000,604.72,605.76,599.51,603.6,68946.57
1741262400000,603.61,604.0,594.0,600.11,118416.06
1741276800000,600.11,601.02,589.09,593.4,97690.08
1741291200000,593.4,601.13,593.0,596.27,67349.5
1741305600000,596.28,600.09,577.04,593.84,247456.87
1741320000000,593.83,603.26,593.43,599.35,120206.94
1741334400000,599.36,602.64,597.97,599.76,64835.59
1741348800000,599.76,610.36,597.55,604.08,186000.44
1741363200000,604.08,606.0,596.73,599.97,123212.91
1741377600000,599.98,601.62,589.79,594.53,113723.78
1741392000000,594.53,596.96,589.89,596.24,62265.22
1741406400000,596.24,599.91,595.43,596.85,77844.79
1741420800000,596.86,598.5,592.44,594.07,41591.51
1741435200000,594.06,599.7,593.08,599.57,56823.22
1741449600000,599.57,602.48,595.36,598.11,63116.77
1741464000000,598.1,598.7,592.78,592.8,42283.91
1741478400000,592.8,592.81,586.23,588.14,68653.92
1741492800000,588.13,588.45,583.44,585.72,56165.23
1741507200000,585.71,586.18,575.02,578.0,101631.25
1741521600000,578.0,578.7,565.71,566.47,153674.32
1741536000000,566.47,570.36,549.67,560.15,277827.96
1741550400000,560.15,563.01,549.84,554.4,105912.6
1741564800000,554.41,562.94,549.55,560.46,147799.37
1741579200000,560.47,566.69,560.12,564.38,60948.57
1741593600000,564.39,573.33,558.62,567.22,159257.12
1741608000000,567.23,569.76,541.33,550.07,267321.1
1741622400000,550.08,550.89,522.71,537.53,360657.37
1741636800000,537.53,541.07,530.56,531.25,107599.82
1741651200000,531.29,538.42,506.47,532.97,365055.75
1741665600000,532.98,557.82,532.32,557.42,184314.98
1741680000000,557.41,565.24,546.48,548.13,500034.31
1741694400000,548.14,554.87,537.1,548.96,307487.94
1741708800000,548.93,561.14,545.04,555.76,161031.11
1741723200000,555.76,557.31,550.89,551.47,63484.23
1741737600000,551.48,556.85,546.02,546.61,94490.29
1741752000000,546.62,555.94,544.0,555.43,123770.93
1741766400000,555.44,560.32,553.98,558.82,103344.19
1741780800000,558.83,575.0,548.08,552.33,572005.56
1741795200000,552.33,567.6,551.4,566.42,130659.28
1741809600000,566.41,574.84,566.04,569.75,103701.96
1741824000000,569.76,577.57,567.72,577.15,109496.1
1741838400000,577.16,582.08,573.66,578.03,146318.39
1741852800000,578.04,582.99,572.85,578.52,141929.13
1741867200000,578.52,620.0,575.61,581.08,1372433.35
1741881600000,581.08,583.29,571.46,577.02,159811.13
1741896000000,577.05,579.5,571.04,579.45,85144.07
1741910400000,579.45,584.42,577.33,582.47,107535.15
1741924800000,582.48,586.78,576.32,576.41,87920.76
1741939200000,576.4,580.74,576.4,578.25,80619.98
1741953600000,578.25,588.65,577.29,584.31,170909.62
1741968000000,584.31,589.16,581.5,587.84,83844.67
1741982400000,587.83,589.44,584.65,587.56,51682.3
1741996800000,587.55,594.24,587.41,592.81,89760.65
1742011200000,592.82,595.0,589.24,590.56,63041.64
1742025600000,590.56,597.87,590.56,595.66,66359.11
1742040000000,595.67,603.48,595.1,603.11,102208.22
1742054400000,603.12,616.46,602.06,611.38,225375.48
1742068800000,611.39,619.65,611.37,619.62,99139.91
1742083200000,619.61,622.93,606.9,609.56,170862.57
1742097600000,609.57,609.78,604.32,604.78,82744.84
1742112000000,604.78,608.11,592.9,595.03,184577.69
1742126400000,595.03,603.26,594.19,600.47,181432.22
1742140800000,600.47,607.08,595.21,598.6,141978.19
1742155200000,598.6,603.39,597.06,602.14,64559.82
1742169600000,602.14,629.58,602.01,625.68,306880.34
1742184000000,625.67,633.99,621.43,629.57,337628.5
1742198400000,629.57,643.59,628.42,630.94,407303.84
1742212800000,630.93,635.49,624.53,630.0,334282.18
1742227200000,629.99,631.57,624.64,627.81,156334.35
1742241600000,627.81,632.62,621.69,631.39,148949.49
1742256000000,631.38,636.8,619.94,628.13,247170.96
1742270400000,628.12,637.38,627.91,633.16,214879.37
1742284800000,633.16,643.37,629.0,630.93,324603.14
1742299200000,630.93,634.01,621.74,627.08,267330.88
1742313600000,627.08,635.39,626.62,631.84,144466.48
1742328000000,631.82,632.84,626.28,627.42,97273.85
1742342400000,627.41,627.8,612.38,618.26,223760.1
1742356800000,618.26,619.58,615.0,615.24,97269.12
1742371200000,615.24,621.7,612.31,616.88,224044.17
1742385600000,616.87,617.44,604.28,609.5,333831.98
1742400000000,609.51,622.22,606.96,615.05,349005.94
1742414400000,615.05,620.64,612.0,618.02,115701.47
1742428800000,618.02,628.0,616.7,624.42,237924.24
1742443200000,624.42,629.4,623.12,623.82,128642.67
1742457600000,623.82,637.3,620.1,625.07,672570.34
1742472000000,625.08,629.63,621.06,624.04,276623.66
1742486400000,624.03,627.98,616.02,626.67,165427.24
1742500800000,626.67,632.18,624.61,629.92,106479.62
1742515200000,629.91,631.28,626.0,629.14,109933.78
1742529600000,629.14,633.83,628.11,628.95,120611.01
1742544000000,628.95,635.55,624.09,634.7,172906.24
1742558400000,634.7,637.01,629.91,633.77,157895.39
1742572800000,633.78,636.86,630.95,634.66,102304.08
1742587200000,634.66,635.72,631.06,634.64,62840.02
1742601600000,634.63,635.5,628.28,629.88,88546.09
1742616000000,629.87,632.96,627.21,630.59,89171.66
1742630400000,630.58,632.45,624.97,627.06,95507.35
1742644800000,627.06,628.46,623.22,625.22,86934.72
1742659200000,625.21,626.5,623.35,625.54,44188.75
1742673600000,625.55,628.59,624.03,626.5,62512.41
1742688000000,626.5,628.7,622.25,623.39,86822.13
1742702400000,623.38,623.87,621.5,622.51,52319.2
1742716800000,622.51,623.67,618.31,620.99,89403.28
1742731200000,620.99,623.96,620.01,620.99,76083.93
1742745600000,620.99,623.5,618.79,622.65,69040.46
1742760000000,622.65,623.94,620.0,623.25,42905.83
1742774400000,623.25,627.04,617.0,622.74,175711.57
1742788800000,622.74,625.5,620.19,622.41,104459.03
1742803200000,622.41,631.73,621.64,630.32,160785.77
1742817600000,630.33,632.17,624.08,630.61,198937.89
1742832000000,630.61,639.23,629.26,635.8,248310.09
1742846400000,635.8,638.22,631.68,636.58,87259.91
1742860800000,636.58,642.0,632.34,639.74,157307.67
1742875200000,639.73,644.67,638.0,640.68,169381.94
1742889600000,640.67,642.45,633.38,634.87,454268.5
1742904000000,634.87,635.72,631.0,633.66,224190.67
1742918400000,633.66,633.72,629.56,630.97,78378.74
1742932800000,630.98,632.32,626.75,629.53,72366.84
1742947200000,629.53,631.87,627.42,627.92,76795.4
1742961600000,627.91,633.86,627.79,633.19,69653.76
1742976000000,633.2,633.6,629.67,631.08,79705.83
1742990400000,631.07,631.11,622.6,624.36,175516.33
1743004800000,624.35,624.79,615.0,618.12,121603.67
1743019200000,618.12,620.59,615.47,617.72,95943.78
1743033600000,617.73,626.41,616.73,626.26,95569.87
1743048000000,626.26,637.0,624.6,635.11,192416.88
1743062400000,635.11,642.0,631.38,631.77,517852.06
1743076800000,631.77,639.85,626.33,636.91,515001.24
1743091200000,636.91,641.0,634.98,639.39,176399.63
1743105600000,639.39,640.25,635.8,636.66,93655.67
1743120000000,636.66,636.81,631.84,633.06,113272.15
1743134400000,633.05,634.7,627.3,628.01,199729.37
1743148800000,628.0,634.03,626.22,633.58,135535.65
1743163200000,633.58,633.9,623.37,625.09,156332.23
1743177600000,625.08,626.5,618.46,618.62,114015.81
1743192000000,618.62,620.21,615.31,619.24,86920.67
1743206400000,619.23,623.21,608.34,612.51,171471.1
1743220800000,612.51,613.73,602.47,607.46,159298.69
1743235200000,607.45,610.29,598.7,600.65,158449.88
1743249600000,600.65,608.0,599.29,604.24,140236.08
1743264000000,604.24,606.78,596.39,605.23,145054.6
1743278400000,605.24,605.47,600.27,602.59,52930.27
1743292800000,602.6,612.8,599.8,608.46,113204.91
1743307200000,608.47,611.84,605.84,606.15,76686.41
1743321600000,606.14,609.88,603.26,604.5,77171.8
1743336000000,604.5,606.54,600.6,601.8,96494.28
1743350400000,601.8,605.54,597.43,603.45,97448.44
1743364800000,603.44,603.66,593.01,601.95,102378.71
1743379200000,601.96,606.57,595.0,598.77,137089.02
1743393600000,598.78,604.37,593.82,595.5,114513.41
1743408000000,595.49,597.57,586.48,595.36,194444.34
1743422400000,595.35,606.54,593.44,604.01,223701.32
1743436800000,604.01,609.0,602.61,605.06,132239.97
1743451200000,605.08,607.23,602.94,604.63,52280.76
1743465600000,604.62,609.88,604.23,608.87,78634.99
1743480000000,608.88,611.22,606.5,610.1,72580.11
1743494400000,610.11,618.05,605.87,607.12,304793.92
1743508800000,607.12,616.0,607.08,614.05,488781.59
1743523200000,614.04,614.88,606.66,608.56,359137.45
1743537600000,608.56,615.36,607.57,610.93,104917.65
1743552000000,610.94,611.54,600.5,601.26,136329.91
1743566400000,601.26,602.2,596.36,600.84,133714.05
1743580800000,600.85,606.49,599.17,599.57,155909.13
1743595200000,599.57,610.0,597.6,604.15,337604.38
1743609600000,604.14,607.73,601.2,605.28,175442.85
1743624000000,605.29,612.04,583.98,590.08,322895.95
1743638400000,590.09,609.72,587.52,601.29,231534.46
1743652800000,601.3,608.83,597.82,599.02,368214.36
1743667200000,599.02,601.31,592.43,593.07,337018.25
1743681600000,593.06,594.36,578.24,586.15,316272.0
1743696000000,586.16,589.94,585.62,588.38,123610.24
1743710400000,588.39,593.0,587.54,592.43,82562.4
1743724800000,592.42,594.18,588.5,593.1,86319.93
1743739200000,593.1,598.91,591.02,598.12,104448.97
1743753600000,598.12,599.72,584.8,588.63,183488.71
1743768000000,588.63,597.59,585.37,593.69,223074.83
1743782400000,593.7,599.66,592.02,597.31,99994.03
1743796800000,597.3,600.45,596.26,597.84,48539.46
1743811200000,597.85,599.25,595.08,596.0,45350.51
1743825600000,595.99,597.2,593.32,595.85,38706.11
1743840000000,595.85,598.75,595.5,597.13,49412.43
1743854400000,597.13,597.54,590.89,592.0,73676.56
1743868800000,592.0,593.96,590.81,591.09,36683.57
1743883200000,591.09,594.24,588.88,593.11,42004.16
1743897600000,593.11,593.93,590.12,591.81,42165.54
1743912000000,591.8,593.47,590.15,590.25,46913.68
1743926400000,590.25,590.7,587.1,588.93,62949.0
1743940800000,588.93,588.98,579.02,581.01,155116.68
1743955200000,581.0,581.0,551.83,558.56,432369.52
1743969600000,558.56,560.16,544.0,555.35,277780.46
1743984000000,555.35,565.53,546.02,550.08,261843.19
1743998400000,550.09,553.75,509.59,529.87,560716.73
1744012800000,529.86,548.61,528.86,539.98,274117.91
1744027200000,539.98,567.97,539.65,552.03,648074.73
1744041600000,552.02,557.21,546.46,553.73,143920.73
1744056000000,553.75,559.88,553.68,554.63,65776.17
1744070400000,554.63,565.31,552.97,561.6,111193.7
1744084800000,561.61,565.4,556.18,559.9,99356.67
1744099200000,559.89,563.84,555.14,563.59,96389.36
1744113600000,563.58,565.68,556.15,559.55,164448.9
1744128000000,559.55,561.45,547.43,552.98,252645.99
1744142400000,552.98,558.5,551.63,553.72,96227.46
1744156800000,553.73,554.75,534.4,542.76,254781.08
1744171200000,542.75,557.73,541.71,556.58,155538.47
1744185600000,556.58,559.52,548.87,550.4,169142.7
1744200000000,550.4,563.6,548.73,561.16,196946.88
1744214400000,561.15,585.86,560.76,579.72,423639.21
1744228800000,579.74,584.6,579.1,582.12,95551.75
1744243200000,582.13,582.26,571.69,575.05,129805.18
1744257600000,575.05,580.0,574.21,579.25,97862.62
1744272000000,579.26,583.44,573.51,574.96,318509.07
1744286400000,574.96,581.0,566.5,567.87,340861.36
1744300800000,567.86,576.61,565.98,574.69,132768.1
1744315200000,574.65,578.37,573.9,577.79,60109.0
1744329600000,577.8,580.5,575.53,580.14,102043.45
1744344000000,580.15,582.2,578.18,581.33,59450.31
1744358400000,581.33,584.82,579.12,582.99,97583.21
1744372800000,582.99,585.99,580.29,584.91,131780.42
1744387200000,584.92,589.9,583.36,587.9,80282.92
1744401600000,587.88,589.45,585.54,585.84,45811.26
1744416000000,585.84,590.0,584.02,584.65,96285.33
1744430400000,584.65,588.76,583.56,588.42,48913.82
1744444800000,588.42,591.39,588.13,590.01,69060.61
1744459200000,590.0,599.99,589.22,598.85,146474.37
1744473600000,598.84,599.77,594.5,596.08,63320.1
1744488000000,596.08,599.55,595.98,597.11,40629.92
1744502400000,597.11,598.46,592.79,595.51,59509.0
1744516800000,595.5,595.6,590.55,593.03,48819.3
1744531200000,593.03,594.39,587.11,588.25,65150.05
1744545600000,588.25,588.94,582.97,583.82,104601.4
1744560000000,583.82,589.2,579.17,582.33,99005.46
1744574400000,582.34,585.05,580.26,584.06,65443.92
1744588800000,584.06,591.0,583.5,588.05,95305.27
1744603200000,588.05,590.57,586.61,590.5,49499.5
1744617600000,590.51,592.59,588.19,592.25,64004.11
1744632000000,592.25,592.8,585.0,585.36,88898.24
1744646400000,585.36,587.8,582.83,587.13,93717.22
1744660800000,587.14,587.28,583.76,584.09,63306.78
1744675200000,584.09,587.42,582.2,587.32,64632.07
1744689600000,587.31,590.13,585.81,589.45,47944.73
1744704000000,589.46,591.11,587.3,588.51,65691.56
1744718400000,588.51,590.26,583.54,584.3,119448.91
1744732800000,584.29,585.21,581.5,583.24,56527.31
1744747200000,583.24,583.33,578.95,579.11,59883.31
1744761600000,579.11,583.65,575.62,582.98,86313.79
1744776000000,582.99,584.08,577.4,577.96,60424.17
1744790400000,577.96,582.22,576.69,581.83,76194.62
1744804800000,581.84,585.5,578.74,583.33,86194.74
1744819200000,583.33,586.53,576.15,584.79,105792.55
1744833600000,584.79,585.7,582.46,582.68,46485.45
1744848000000,582.68,584.64,580.62,581.67,39177.87
1744862400000,581.67,584.74,581.28,583.25,48210.95
1744876800000,583.26,586.77,582.05,586.02,83121.64
1744891200000,586.01,590.39,583.6,589.79,102123.02
1744905600000,589.79,593.0,588.42,590.56,84958.49
1744920000000,590.57,592.67,588.87,590.36,48403.04
1744934400000,590.36,590.58,587.57,590.19,54977.01
1744948800000,590.19,590.25,586.63,588.15,67739.78
1744963200000,588.14,591.6,586.14,591.51,125208.67
1744977600000,591.5,593.98,590.55,593.52,73871.18
1744992000000,593.52,595.5,591.6,592.19,95777.31
1745006400000,592.18,594.5,591.42,591.53,36004.81
1745020800000,591.52,592.99,590.85,592.98,42680.99
1745035200000,592.98,593.97,591.25,592.57,50656.5
1745049600000,592.57,592.9,589.26,590.38,51632.83
1745064000000,590.39,590.68,587.45,588.87,76387.92
1745078400000,588.87,591.16,587.15,590.73,59580.27
1745092800000,590.74,593.53,590.38,591.56,34326.83
1745107200000,591.57,593.56,591.55,592.34,37769.93
1745121600000,592.33,594.85,591.51,593.72,56709.96
1745136000000,593.72,595.0,589.12,589.87,83068.65
1745150400000,589.87,592.13,587.31,587.79,78406.42
1745164800000,587.78,589.5,587.0,589.42,43536.14
1745179200000,589.41,592.98,589.08,592.42,44384.39
1745193600000,592.43,603.0,592.28,601.94,171398.67
1745208000000,601.93,608.49,601.93,604.31,90422.1
1745222400000,604.31,606.37,600.03,600.76,48819.26
1745236800000,600.76,605.62,600.3,603.94,95123.9
1745251200000,603.94,604.46,594.06,597.45,124628.28
1745265600000,597.44,597.45,594.62,596.88,48720.97
1745280000000,596.88,602.45,594.34,599.41,86072.73
1745294400000,599.4,605.04,598.58,603.97,86486.54
1745308800000,603.97,606.81,603.9,605.79,130402.57
1745323200000,605.8,611.98,605.06,609.65,162712.34
1745337600000,609.65,611.1,606.16,607.83,57543.03
1745352000000,607.82,620.26,606.59,618.27,128054.0
1745366400000,618.27,619.77,612.24,615.15,115716.58
1745380800000,615.16,619.94,612.94,617.54,113046.32
1745395200000,617.54,617.55,609.12,611.06,148892.91
1745409600000,611.06,613.96,602.68,606.68,242994.42
1745424000000,606.66,608.68,602.05,602.24,130359.38
1745438400000,602.24,607.0,601.12,605.45,72587.17
1745452800000,605.45,606.74,601.42,603.9,80864.58
1745467200000,603.91,606.79,601.68,602.95,83275.86
1745481600000,602.95,604.88,592.52,597.7,156201.89
1745496000000,597.69,600.76,595.86,598.26,103311.56
1745510400000,598.27,600.6,595.14,598.69,83390.71
1745524800000,598.7,602.49,597.51,601.26,49474.67
1745539200000,601.26,604.0,596.67,600.5,72881.35
1745553600000,600.5,609.61,600.49,605.96,119172.87
1745568000000,605.97,609.91,603.72,605.73,139905.28
1745582400000,605.74,608.66,601.46,605.53,126477.76
1745596800000,605.53,606.74,602.04,604.54,61826.53
1745611200000,604.53,604.56,598.23,599.57,62513.86
1745625600000,599.56,606.0,598.93,601.86,74469.34
1745640000000,601.87,604.9,599.6,602.1,42594.59
1745654400000,602.11,606.14,600.59,602.25,88176.56
1745668800000,602.26,609.33,601.71,608.22,84136.19
1745683200000,608.22,609.56,606.81,608.21,38550.8
1745697600000,608.21,609.17,606.39,607.18,32472.41
1745712000000,607.17,608.68,599.62,602.45,99778.1
1745726400000,602.45,602.45,595.86,599.56,72808.94
1745740800000,599.57,600.83,598.35,600.09,43285.77
1745755200000,600.09,601.12,596.88,599.15,62523.97
1745769600000,599.16,606.28,597.09,605.53,74232.14
1745784000000,605.53,607.26,602.81,603.63,60090.96
1745798400000,603.62,605.96,598.01,603.87,87977.93
1745812800000,603.87,607.03,603.28,605.31,58504.18
1745827200000,605.3,608.16,602.8,607.29,94103.41
1745841600000,607.29,607.76,598.4,600.58,114074.83
1745856000000,600.58,605.32,598.09,604.64,72625.34
1745870400000,604.64,606.35,603.08,605.99,45989.69
1745884800000,605.98,607.08,603.01,606.27,57963.55
1745899200000,606.27,610.8,605.18,609.6,94763.59
1745913600000,609.6,610.24,602.34,603.52,145984.23
1745928000000,603.52,604.11,600.6,601.18,92187.95
1745942400000,601.17,603.84,600.12,602.31,77213.09
1745956800000,602.31,602.36,597.53,600.67,74113.71
1745971200000,600.67,603.73,599.71,603.69,59909.63
1745985600000,603.69,604.42,601.73,602.73,53260.59
1746000000000,602.74,602.9,599.72,602.41,90952.33
1746014400000,602.42,602.59,591.0,596.5,177500.96
1746028800000,596.5,598.73,593.89,597.79,70463.96
1746043200000,597.8,599.7,597.6,599.21,48367.14
1746057600000,599.21,602.25,598.88,599.06,70946.13
1746072000000,599.07,601.33,598.53,599.64,51395.3
1746086400000,599.64,605.5,599.63,603.81,105649.11
1746100800000,603.81,605.18,601.0,602.55,94260.67
1746115200000,602.54,603.81,599.62,600.05,62827.77
1746129600000,600.05,600.37,597.64,599.14,58099.25
1746144000000,599.14,603.5,598.33,601.2,73044.19
1746158400000,601.21,601.99,595.03,595.22,79139.14
1746172800000,595.21,600.37,595.0,597.7,77928.86
1746187200000,597.7,600.59,596.29,599.41,79356.82
1746201600000,599.4,601.55,597.88,598.58,54591.14
1746216000000,598.58,601.48,597.86,600.6,44436.49
1746230400000,600.61,601.11,598.02,599.29,43637.4
1746244800000,599.28,600.19,597.25,597.26,42044.23
1746259200000,597.25,597.37,595.0,596.05,73148.32
1746273600000,596.04,598.85,596.04,598.35,47903.23
1746288000000,598.36,599.67,595.83,599.65,63326.18
1746302400000,599.65,599.73,598.06,599.07,31025.69
1746316800000,599.07,600.25,597.86,599.35,54184.58
1746331200000,599.35,599.91,596.0,596.66,56687.4
1746345600000,596.66,596.67,592.2,593.56,89057.76
1746360000000,593.57,593.68,587.44,588.8,132735.98
1746374400000,588.8,589.27,585.13,587.98,74624.92
1746388800000,587.98,589.6,584.16,585.65,66586.36
1746403200000,585.65,588.62,583.02,588.11,86253.85
1746417600000,588.12,592.16,588.0,591.83,80117.91
1746432000000,591.84,597.25,590.25,593.52,166124.49
1746446400000,593.52,597.12,592.68,597.07,115635.26
1746460800000,597.07,599.63,596.65,598.96,74408.03
1746475200000,598.96,599.78,596.25,597.19,59925.14
1746489600000,597.18,599.88,595.75,598.67,77298.86
1746504000000,598.67,599.2,597.32,598.36,57523.13
1746518400000,598.36,598.36,592.95,594.24,121758.33
1746532800000,594.25,598.89,593.45,598.36,92748.16
1746547200000,598.35,602.61,596.47,599.43,92913.94
1746561600000,599.43,603.27,596.65,602.56,81699.1
1746576000000,602.56,607.22,601.5,602.0,111950.56
1746590400000,601.99,606.62,601.87,606.61,96712.05
1746604800000,606.61,607.18,603.98,606.38,64232.61
1746619200000,606.39,609.29,600.76,600.92,135162.66
1746633600000,600.92,601.95,597.0,598.71,113392.48
1746648000000,598.7,603.9,597.5,602.51,58207.9
1746662400000,602.51,611.47,600.66,611.27,141693.83
1746676800000,611.28,614.99,608.62,613.08,135762.93
1746691200000,613.07,618.48,612.9,614.07,162939.04
1746705600000,614.06,623.75,613.6,621.27,190716.4
1746720000000,621.27,623.35,615.0,619.52,173588.85
1746734400000,619.52,629.55,619.21,629.29,177443.73
1746748800000,629.29,629.55,622.78,624.52,150881.8
1746763200000,624.51,636.21,624.23,631.78,145134.41
1746777600000,631.78,641.58,628.87,636.76,293020.74
1746792000000,636.76,644.26,631.66,636.07,222119.88
1746806400000,636.08,637.0,631.28,635.47,76362.5
1746820800000,635.48,671.3,635.19,666.72,252266.5
1746835200000,666.72,679.29,659.62,662.18,360717.68
1746849600000,662.17,664.3,655.38,661.91,159866.94
1746864000000,661.91,663.78,648.67,649.31,209511.95
1746878400000,649.31,655.59,648.76,651.96,110755.18
1746892800000,651.96,658.77,651.0,652.41,119595.33
1746907200000,652.41,664.28,649.29,664.1,136559.72
1746921600000,664.1,668.7,656.05,662.77,218054.61
1746936000000,662.75,667.99,655.0,656.0,141489.07
1746950400000,655.99,660.1,655.02,659.41,86959.15
1746964800000,659.41,660.1,650.1,651.93,137676.35
1746979200000,651.92,655.62,648.22,653.78,72837.66
1746993600000,653.78,653.98,648.97,651.36,65025.95
1747008000000,651.37,657.67,647.13,655.94,122775.35
1747022400000,655.95,668.5,652.52,661.34,191492.8
1747036800000,661.33,693.55,657.72,678.71,467702.18
1747051200000,678.72,692.42,660.67,664.15,400780.64
1747065600000,664.15,671.16,650.0,660.27,209445.17
1747080000000,660.26,664.2,658.35,660.5,80885.1
1747094400000,660.5,660.61,640.88,642.11,211001.97
1747108800000,642.1,653.14,640.88,649.83,113051.57
1747123200000,649.83,654.65,648.18,653.24,102448.19
1747137600000,653.25,658.74,650.25,656.03,192066.23
1747152000000,656.04,671.84,655.81,667.02,194274.9
1747166400000,667.0,667.5,662.72,664.62,89712.52
1747180800000,664.62,666.87,658.03,662.08,121780.4
1747195200000,662.07,664.72,656.74,658.57,84460.37
1747209600000,658.57,661.08,650.8,659.74,151352.93
1747224000000,659.73,659.92,650.1,652.41,154917.4
1747238400000,652.42,655.16,647.2,653.17,82619.71
1747252800000,653.18,653.82,649.8,652.8,37577.94
1747267200000,652.79,655.22,645.01,648.05,77074.14
1747281600000,648.04,652.75,642.39,644.68,107058.2
1747296000000,644.67,654.93,644.59,653.81,131919.07
1747310400000,653.82,656.69,643.5,655.86,187819.18
1747324800000,655.86,661.57,648.8,652.38,166376.67
1747339200000,652.38,655.3,645.71,652.17,81282.79
1747353600000,652.17,660.19,646.62,658.18,138529.1
1747368000000,658.19,659.68,655.2,655.45,79662.8
1747382400000,655.46,657.59,651.49,654.6,95948.77
1747396800000,654.61,655.35,650.08,652.1,74391.69
1747411200000,652.09,654.5,648.0,649.77,73984.42
1747425600000,649.76,650.42,643.57,646.39,71318.72
1747440000000,646.39,646.61,634.32,643.1,139318.35
1747454400000,643.1,645.56,642.11,643.02,56578.07
1747468800000,643.02,644.34,639.52,641.4,67786.46
1747483200000,641.41,642.87,636.28,640.44,68795.89
1747497600000,640.45,642.68,635.86,640.32,58024.61
1747512000000,640.32,642.73,637.71,639.42,54841.55
1747526400000,639.42,643.2,638.92,642.25,44261.17
1747540800000,642.26,646.15,642.22,645.46,50698.31
1747555200000,645.46,648.26,644.7,644.98,57595.79
1747569600000,644.98,654.85,643.6,653.97,90812.11
1747584000000,653.98,654.97,637.88,637.89,150130.36
1747598400000,637.89,652.34,633.82,651.32,126032.25
1747612800000,651.32,653.47,637.86,638.42,110174.32
1747627200000,638.43,640.6,633.16,638.35,106745.93
1747641600000,638.35,640.98,636.68,639.87,57941.34
1747656000000,639.87,647.49,635.66,645.28,99711.01
1747670400000,645.28,649.7,644.48,648.5,89905.5
1747684800000,648.48,652.18,647.45,649.96,57846.3
1747699200000,649.96,654.14,648.29,650.67,74512.17
1747713600000,650.67,652.61,646.49,647.61,74103.55
1747728000000,647.61,648.5,641.65,643.83,68706.17
1747742400000,643.83,645.67,640.22,644.66,81883.3
1747756800000,644.66,649.17,642.78,648.1,64063.69
1747771200000,648.1,652.97,647.19,650.37,57784.16
1747785600000,650.37,658.57,648.85,657.0,104752.57
1747800000000,657.01,669.71,652.69,653.19,226573.09
1747814400000,653.2,655.41,650.25,654.94,118412.5
1747828800000,654.94,664.95,652.16,663.57,167562.87
1747843200000,663.57,672.8,660.24,671.08,295652.97
1747857600000,671.09,678.38,668.48,673.58,118809.44
1747872000000,673.59,689.99,673.35,685.43,197216.79
1747886400000,685.45,687.74,678.99,683.0,127376.76
1747900800000,683.0,688.07,681.59,687.21,129802.91
1747915200000,687.22,688.12,681.44,682.2,143226.95
1747929600000,682.21,685.49,679.24,681.06,88000.59
1747944000000,681.08,686.69,679.02,686.49,70061.58
1747958400000,686.49,691.66,683.77,688.11,104265.39
1747972800000,688.1,690.15,682.34,682.67,116023.83
1747987200000,682.67,687.37,670.31,672.37,154950.09
1748001600000,672.37,675.26,660.59,670.78,308279.94
1748016000000,670.78,671.29,665.16,665.63,85275.21
1748030400000,665.63,665.66,653.6,656.85,104844.12
1748044800000,656.85,666.5,655.31,664.63,78293.26
1748059200000,664.62,671.72,664.4,668.34,95531.88
1748073600000,668.35,677.27,668.34,674.66,106068.69
1748088000000,674.67,676.13,671.5,674.16,54902.83
1748102400000,674.15,676.85,672.79,676.74,36456.42
1748116800000,676.73,676.94,666.0,667.89,80572.75
1748131200000,667.89,668.33,659.78,665.61,101196.49
1748145600000,665.62,666.2,659.79,661.65,55840.12
1748160000000,661.66,662.5,656.49,661.52,96726.49
1748174400000,661.52,667.95,660.7,663.03,91585.06
1748188800000,663.03,668.28,661.62,667.2,42998.41
1748203200000,667.21,671.54,665.5,669.13,56377.27
1748217600000,669.12,675.48,667.98,674.05,77837.16
1748232000000,674.05,675.42,671.52,674.43,52359.1
1748246400000,674.43,675.26,671.94,673.88,52791.36
1748260800000,673.88,676.1,670.82,675.09,64597.56
1748275200000,675.1,677.5,670.31,672.03,68749.85
1748289600000,672.04,674.89,671.06,673.91,26813.71
1748304000000,673.92,674.63,666.12,673.91,81964.38
1748318400000,673.92,681.8,672.65,680.67,112039.26
1748332800000,680.69,684.28,679.56,681.91,127210.58
1748347200000,681.92,698.0,681.85,690.76,277183.21
1748361600000,690.77,694.35,688.0,689.57,86409.61
1748376000000,689.56,689.88,686.0,687.14,51829.14
1748390400000,687.14,687.36,681.17,684.15,94229.85
1748404800000,684.15,684.64,679.71,681.71,85711.13
1748419200000,681.72,686.96,680.73,686.94,68695.17
1748433600000,686.95,688.88,680.87,681.69,136040.09
1748448000000,681.7,689.05,681.68,683.32,114586.19
1748462400000,683.32,688.75,683.24,686.8,56499.69
1748476800000,686.79,691.21,685.51,685.98,85685.43
1748491200000,685.99,687.3,680.0,684.94,93462.3
1748505600000,684.94,689.58,683.91,685.63,106435.08
1748520000000,685.63,685.9,678.64,680.89,101247.11
1748534400000,680.89,681.07,673.1,674.69,85499.98
1748548800000,674.69,685.6,673.23,674.7,211337.65
1748563200000,674.7,678.28,665.0,673.02,126657.61
1748577600000,673.02,674.62,667.07,667.11,84393.38
1748592000000,667.11,671.69,666.0,671.14,68264.84
1748606400000,671.15,672.35,666.52,668.55,78908.35
1748620800000,668.55,669.62,660.01,666.08,128791.18
1748635200000,666.08,666.64,652.74,655.0,110281.27
1748649600000,655.0,655.61,645.11,650.29,137565.63
1748664000000,650.3,655.07,647.14,653.5,65120.57
1748678400000,653.5,656.3,651.67,653.8,44040.16
1748692800000,653.81,659.46,653.65,656.28,78687.77
1748707200000,656.28,660.41,655.49,658.54,43297.78
1748721600000,658.54,661.46,657.66,657.92,40324.76
1748736000000,657.92,657.93,652.31,655.31,66584.44
1748750400000,655.3,656.79,651.77,653.14,53748.2
1748764800000,653.14,653.15,647.79,650.11,68058.57
1748779200000,650.1,654.22,647.12,654.19,51300.43
1748793600000,654.19,657.49,650.4,654.7,54816.07
1748808000000,654.7,662.44,654.63,660.66,66904.4
1748822400000,660.65,664.3,656.36,656.72,70491.8
1748836800000,656.72,659.25,654.78,657.99,56751.57
1748851200000,657.99,658.46,650.1,651.03,85168.43
1748865600000,651.03,657.93,649.61,656.93,93508.26
1748880000000,656.93,661.92,655.41,661.01,56994.1
1748894400000,661.01,667.24,660.24,665.93,71712.64
1748908800000,665.93,673.76,665.79,667.82,123868.6
1748923200000,667.82,668.66,665.1,665.28,38577.78
1748937600000,665.28,667.9,663.8,664.92,68209.94
1748952000000,664.93,668.31,661.63,666.85,107904.06
1748966400000,666.85,667.64,662.79,664.91,44294.79
1748980800000,664.92,665.0,656.66,661.33,66631.0
1748995200000,661.33,669.99,660.64,668.41,77528.54
1749009600000,668.4,670.99,668.1,670.8,62039.9
1749024000000,670.81,671.83,667.5,667.86,52870.8
1749038400000,667.86,670.5,665.13,669.42,79334.38
1749052800000,669.43,670.0,666.13,667.36,50955.78
1749067200000,667.35,667.47,661.52,662.93,73279.08
1749081600000,662.93,666.43,662.64,665.59,40195.09
1749096000000,665.59,668.5,664.96,668.37,57022.43
1749110400000,668.37,670.74,661.94,662.1,118753.15
1749124800000,662.11,665.5,656.42,659.04,163991.28
1749139200000,659.04,659.04,640.5,644.04,194452.87
1749153600000,644.04,644.04,622.05,632.9,305869.54
1749168000000,632.9,641.27,628.56,640.88,101666.38
1749182400000,640.87,642.0,634.6,640.97,84374.92
1749196800000,640.97,646.66,640.36,646.09,88551.38
1749211200000,646.09,651.12,645.51,647.49,123186.2
1749225600000,647.46,648.49,643.76,644.95,52588.06
1749240000000,644.96,646.56,640.79,642.25,68270.71
1749254400000,642.26,646.98,639.13,646.78,69971.24
1749268800000,646.78,649.58,645.15,648.34,38566.05
1749283200000,648.34,648.87,646.01,648.05,34131.51
1749297600000,648.04,650.97,647.87,650.4,49596.46
1749312000000,650.39,652.53,649.12,651.73,57972.39
1749326400000,651.73,653.54,650.08,650.41,37948.88
1749340800000,650.41,650.48,648.19,648.98,36823.35
1749355200000,648.98,650.34,648.5,648.99,28765.61
1749369600000,649.0,650.13,646.21,650.11,40908.72
1749384000000,650.11,651.87,649.15,651.58,41896.46
1749398400000,651.59,654.74,651.58,654.33,46576.32
1749412800000,654.34,656.19,651.21,651.64,47078.59
1749427200000,651.65,653.19,648.03,651.25,48370.12
1749441600000,651.24,651.24,647.52,648.96,38730.24
1749456000000,648.97,656.14,647.85,655.23,70154.92
1749470400000,655.23,656.74,652.39,656.16,64947.44
1749484800000,656.17,660.76,656.17,659.49,71184.26
1749499200000,659.5,667.76,659.5,665.61,107758.1
1749513600000,665.61,668.01,663.42,664.02,63582.71
1749528000000,664.03,664.37,659.82,660.61,58005.79
1749542400000,660.61,665.46,656.77,664.92,126980.4
1749556800000,664.91,667.45,657.88,660.96,126473.93
1749571200000,660.97,669.09,660.81,667.34,72064.6
1749585600000,667.34,674.59,667.25,673.66,149795.93
1749600000000,673.67,674.43,667.95,670.72,83372.05
1749614400000,670.73,672.38,668.57,670.08,63457.72
1749628800000,670.07,672.36,666.02,667.39,93535.8
1749643200000,667.39,672.36,665.71,669.59,103509.34
1749657600000,669.59,669.79,665.17,667.16,68332.42
1749672000000,667.16,669.15,662.06,667.58,67293.88
1749686400000,667.59,670.24,664.13,665.88,65203.33
1749700800000,665.89,668.72,664.15,667.29,47951.67
1749715200000,667.29,669.17,663.4,663.54,67035.08
1749729600000,663.54,665.13,659.53,659.81,97197.37
1749744000000,659.81,666.8,657.3,658.0,98006.29
1749758400000,658.0,658.97,651.42,654.41,97035.08
1749772800000,654.41,654.44,637.55,649.04,254783.25
1749787200000,649.05,654.9,645.61,654.83,81374.7
1749801600000,654.83,659.7,652.16,654.6,145055.38
1749816000000,654.6,654.83,649.18,653.47,89159.53
1749830400000,653.48,655.34,649.3,650.96,52821.46
1749844800000,650.96,655.04,650.04,655.04,33673.52
1749859200000,655.03,655.05,650.0,650.87,40034.67
1749873600000,650.87,652.17,649.69,651.43,31602.16
1749888000000,651.42,651.43,648.69,650.16,40928.11
1749902400000,650.17,650.32,643.88,644.94,55145.16
1749916800000,644.94,645.72,638.52,640.28,90356.19
1749931200000,640.27,645.99,638.37,645.23,36927.82
1749945600000,645.23,647.66,644.56,647.24,29604.06
1749960000000,647.24,651.76,647.23,648.82,58176.78
1749974400000,648.82,649.22,645.66,648.08,40424.05
1749988800000,648.07,650.94,646.63,647.51,47663.5
1750003200000,647.51,648.85,645.37,646.44,28550.38
1750017600000,646.44,648.29,642.36,647.92,43064.04
1750032000000,647.93,652.54,646.0,651.49,56206.68
1750046400000,651.49,656.92,651.05,655.96,60360.5
1750060800000,655.96,656.77,653.12,654.6,45757.45
1750075200000,654.61,659.62,653.76,657.58,65444.23
1750089600000,657.57,659.25,655.73,659.24,42977.13
1750104000000,659.24,659.25,650.06,650.74,74006.08
1750118400000,650.74,656.74,647.02,656.58,82385.73
1750132800000,656.58,659.25,655.15,657.88,72086.33
1750147200000,657.88,658.75,652.56,653.68,148526.95
1750161600000,653.69,656.32,645.0,646.36,95939.89
1750176000000,646.35,649.8,640.0,648.32,101738.76
1750190400000,648.31,648.97,645.42,648.04,47606.17
1750204800000,648.04,654.19,647.86,652.14,69445.63
1750219200000,652.14,653.9,650.5,651.45,48894.32
1750233600000,651.44,652.46,641.22,644.78,122908.64
1750248000000,644.78,644.82,636.69,641.64,133079.82
1750262400000,641.63,642.62,637.02,639.06,73915.76
1750276800000,639.06,645.18,638.17,644.33,50032.09
1750291200000,644.33,645.63,641.0,645.16,44414.0
1750305600000,645.16,646.43,643.7,644.55,41916.23
1750320000000,644.55,645.9,642.27,642.37,34533.58
1750334400000,642.38,642.89,639.16,639.48,64087.38
1750348800000,639.47,642.68,638.24,642.27,49236.11
1750363200000,642.26,644.88,641.55,644.51,33263.65
1750377600000,644.52,645.52,643.46,644.67,35902.2
1750392000000,644.68,647.46,641.27,647.46,63168.77
1750406400000,647.46,649.33,646.12,647.28,84987.39
1750420800000,647.28,654.0,642.98,645.5,112329.11
1750435200000,645.5,645.71,637.88,642.85,110017.06
1750449600000,642.85,645.4,639.83,641.68,52896.71
1750464000000,641.69,644.96,640.93,644.34,38052.81
1750478400000,644.33,644.5,636.7,641.27,64492.55
1750492800000,641.26,642.38,638.9,642.28,44022.27
1750507200000,642.27,642.69,633.85,636.11,110257.93
1750521600000,636.1,636.63,630.2,630.59,70429.0
1750536000000,630.59,632.95,620.91,628.75,135926.65
1750550400000,628.75,633.06,626.5,629.26,89543.38
1750564800000,629.27,635.41,629.2,632.7,68939.23
1750579200000,632.7,633.15,627.33,630.42,51119.9
1750593600000,630.43,631.14,606.42,607.45,314158.01
1750608000000,607.45,612.4,604.0,605.16,125125.25
1750622400000,605.16,616.75,600.91,615.72,122916.54
1750636800000,615.72,621.09,614.86,620.0,73954.48
1750651200000,620.0,624.54,620.0,623.88,59889.57
1750665600000,623.87,624.89,615.95,617.21,83069.15
1750680000000,617.21,628.0,615.6,622.4,164176.46
1750694400000,622.39,630.86,616.54,629.63,181538.99
1750708800000,629.63,642.56,628.3,640.02,140266.93
1750723200000,640.02,640.89,635.8,639.19,71406.41
1750737600000,639.19,642.39,638.12,638.79,65278.88
1750752000000,638.79,641.25,635.75,638.07,75617.52
1750766400000,638.08,641.25,637.4,639.07,61267.84
1750780800000,639.07,643.7,639.07,642.0,65023.4
1750795200000,642.01,643.9,641.73,643.3,28238.93
1750809600000,643.29,650.75,642.24,648.19,182383.14
1750824000000,648.19,653.09,642.88,644.97,132956.91
1750838400000,644.97,648.01,641.41,646.83,67485.42
1750852800000,646.83,647.96,642.03,642.37,104473.1
1750867200000,642.36,647.77,641.85,647.56,38375.69
1750881600000,647.56,648.28,643.89,646.1,30833.08
1750896000000,646.1,649.94,645.36,648.38,54414.66
1750910400000,648.38,649.28,644.38,647.27,54856.18
1750924800000,647.27,648.31,644.45,644.5,38099.26
1750939200000,644.49,645.78,640.73,644.84,79225.85
1750953600000,644.84,647.49,644.13,645.05,48736.91
1750968000000,645.05,646.43,641.06,642.05,37028.11
1750982400000,642.05,645.9,638.58,645.76,51509.23
1750996800000,645.75,646.67,642.45,643.44,36239.59
1751011200000,643.43,645.5,643.0,645.33,31757.37
1751025600000,645.32,647.88,643.36,646.56,68269.64
1751040000000,646.56,648.45,642.14,645.07,48610.06
1751054400000,645.07,646.88,644.78,645.56,24417.65
1751068800000,645.57,645.84,644.0,644.18,18197.88
1751083200000,644.18,646.98,644.06,646.91,26707.75
1751097600000,646.91,647.0,645.08,646.21,17224.92
1751112000000,646.2,646.76,645.19,646.38,23911.75
1751126400000,646.39,647.5,645.3,647.18,23347.14
1751140800000,647.18,648.99,647.05,648.38,20610.87
1751155200000,648.37,648.64,646.68,648.41,20757.3
1751169600000,648.41,650.23,648.3,649.09,35157.31
1751184000000,649.1,651.0,648.96,650.97,32278.96
1751198400000,650.97,651.03,648.0,648.79,34321.4
1751212800000,648.79,649.15,647.74,648.37,19794.0
1751227200000,648.37,656.06,646.46,654.96,61875.47
1751241600000,654.96,657.26,653.22,655.41,52878.78
1751256000000,655.4,656.72,652.36,654.52,43432.52
1751270400000,654.49,655.12,651.6,654.2,63577.84
1751284800000,654.21,656.83,651.19,656.6,59457.0
1751299200000,656.6,659.47,655.18,659.34,52692.84
1751313600000,659.33,660.0,656.63,656.99,39363.7
1751328000000,656.99,659.2,655.4,655.9,36878.16
1751342400000,655.9,655.92,651.56,653.98,55631.27
1751356800000,653.98,653.98,651.5,652.24,35754.49
1751371200000,652.24,652.58,645.3,645.74,99153.58
1751385600000,645.74,646.81,644.12,645.52,34807.92
1751400000000,645.52,647.29,643.65,646.11,29498.74
1751414400000,646.12,650.08,643.5,649.59,38467.87
1751428800000,649.6,657.82,649.51,657.66,77584.1
1751443200000,657.65,659.96,657.06,657.38,60370.38
1751457600000,657.38,662.31,655.54,661.75,69815.5
1751472000000,661.75,664.71,661.6,663.8,83878.0
1751486400000,663.8,664.88,659.43,659.97,52764.14
1751500800000,659.96,661.35,658.32,659.46,40712.92
1751515200000,659.46,662.89,659.12,662.75,47516.4
1751529600000,662.76,664.68,661.08,662.03,48898.1
1751544000000,662.03,664.39,656.56,656.96,92243.41
1751558400000,656.95,662.02,656.95,661.67,35052.66
1751572800000,661.67,665.0,661.67,663.9,42925.56
1751587200000,663.9,664.4,660.21,662.08,43717.89
1751601600000,662.07,662.08,656.03,656.03,42301.87
1751616000000,656.04,659.9,654.6,659.66,45613.71
1751630400000,659.66,660.17,652.1,652.77,74732.36
1751644800000,652.76,653.28,650.08,651.46,52616.09
1751659200000,651.45,653.88,650.35,653.39,28106.22
1751673600000,653.38,655.98,652.54,655.82,28067.39
1751688000000,655.81,656.76,654.12,654.42,29600.94
1751702400000,654.41,655.94,653.72,655.32,26133.31
1751716800000,655.33,655.54,653.91,654.14,20575.28
1751731200000,654.13,654.66,651.72,653.79,27785.52
1751745600000,653.79,656.3,653.56,655.99,18996.67
1751760000000,656.0,656.62,654.27,654.7,19930.72
1751774400000,654.69,655.82,653.41,654.55,20723.47
1751788800000,654.54,656.26,653.22,656.26,21658.27
1751803200000,656.26,663.88,655.41,662.96,110481.57
1751817600000,662.96,663.74,661.36,663.24,46393.2
1751832000000,663.24,664.89,660.49,663.12,66133.69
1751846400000,663.12,663.2,660.26,660.71,33146.31
1751860800000,660.71,662.5,660.48,662.5,29601.19
1751875200000,662.49,663.1,661.24,662.17,44088.58
1751889600000,662.17,662.64,658.73,658.81,47028.11
1751904000000,658.81,661.82,656.5,661.4,58531.53
1751918400000,661.4,661.4,657.8,661.04,27747.35
1751932800000,661.05,662.64,657.47,659.92,42068.17
1751947200000,659.92,660.5,658.7,659.84,31468.61
1751961600000,659.83,661.62,659.18,661.2,50556.9
1751976000000,661.21,661.9,657.5,658.04,44857.87
1751990400000,658.05,662.07,657.24,660.97,57647.31
1752004800000,660.97,660.98,657.54,660.52,35528.42
1752019200000,660.52,662.53,659.88,661.78,41019.33
1752033600000,661.78,664.6,661.44,662.56,49507.5
1752048000000,662.55,662.89,658.41,661.24,53709.45
1752062400000,661.23,663.45,660.04,662.53,62547.99
1752076800000,662.54,670.27,662.12,669.51,85221.03
1752091200000,669.51,671.94,666.28,668.88,77367.31
1752105600000,668.89,671.61,668.4,670.49,45153.91
1752120000000,670.49,673.37,669.73,671.4,56554.2
1752134400000,671.39,673.9,669.33,669.95,80337.89
1752148800000,669.95,671.8,667.12,668.14,51857.77
1752163200000,668.14,679.24,667.73,676.08,123251.35
1752177600000,676.08,688.13,675.68,686.3,166029.76
1752192000000,686.3,691.87,684.32,689.65,119064.79
1752206400000,689.66,695.4,685.01,685.29,135064.61
1752220800000,685.29,690.95,684.44,688.59,97013.11
1752235200000,688.58,694.66,686.53,687.7,107028.49
1752249600000,687.69,697.78,686.3,694.26,139893.84
1752264000000,694.26,694.5,683.01,690.4,88919.2
1752278400000,690.4,695.72,688.29,695.63,62380.6
1752292800000,695.64,697.38,690.52,694.71,63546.29
1752307200000,694.7,695.0,691.46,692.19,47977.74
1752321600000,692.19,692.4,679.47,681.29,122249.45
1752336000000,681.3,686.78,680.04,684.83,46170.19
1752350400000,684.82,686.52,680.4,686.1,31197.14
1752364800000,686.1,688.06,685.3,687.08,26328.23
1752379200000,687.08,690.44,686.99,690.43,30664.31
1752393600000,690.44,691.62,688.32,691.47,38576.88
1752408000000,691.47,694.47,690.07,691.56,82243.43
1752422400000,691.57,693.86,688.33,691.97,41967.63
1752436800000,691.96,693.53,688.29,692.33,36389.29
1752451200000,692.33,700.0,690.2,697.61,96557.11
1752465600000,697.62,708.0,692.9,706.86,212513.46
1752480000000,706.87,707.19,701.0,704.88,120003.96
1752494400000,704.87,705.67,690.43,692.9,134033.68
1752508800000,692.91,694.51,687.84,690.11,81836.4
1752523200000,690.11,692.33,686.01,689.11,52557.53
1752537600000,689.1,691.04,675.0,679.85,149602.68
1752552000000,679.85,683.72,676.01,679.16,72816.05
1752566400000,679.17,681.05,676.39,680.55,51548.73
1752580800000,680.55,687.77,676.8,683.15,134814.05
1752595200000,683.15,688.98,682.67,684.91,81693.54
1752609600000,684.91,693.54,683.6,690.37,53118.92
1752624000000,690.37,693.97,686.28,688.2,49061.92
1752638400000,688.21,693.88,685.43,692.16,44845.5
1752652800000,692.17,695.76,690.95,694.7,64669.11
1752667200000,694.69,707.08,691.03,700.68,182872.48
1752681600000,700.68,711.47,699.17,706.97,161949.39
1752696000000,706.96,715.99,706.91,709.13,133291.3
1752710400000,709.13,724.2,708.08,709.75,271949.38
1752724800000,709.74,723.84,707.08,721.19,170679.58
1752739200000,721.19,722.19,714.4,718.04,173804.03
1752753600000,718.05,728.4,712.03,721.69,208252.32
1752768000000,721.69,722.4,713.77,715.84,112652.8
1752782400000,715.83,726.24,711.0,721.11,125578.65
1752796800000,721.1,737.16,720.1,737.05,159480.76
1752811200000,737.06,748.74,734.05,740.42,264967.83
1752825600000,740.43,743.09,733.18,737.25,176748.61
1752840000000,737.25,766.26,731.36,737.93,451394.81
1752854400000,737.92,748.81,729.03,732.15,166162.04
1752868800000,732.14,735.79,718.91,730.39,194455.15
1752883200000,730.39,735.39,718.95,735.25,119801.91
1752897600000,735.25,739.76,731.93,732.66,92044.98
1752912000000,732.66,738.84,728.28,737.17,97826.82
1752926400000,737.17,742.94,727.78,731.15,131839.86
1752940800000,731.16,735.63,728.16,734.82,53884.78
1752955200000,734.82,736.27,725.15,733.43,70307.18
1752969600000,733.43,746.74,731.67,743.4,106022.86
1752984000000,743.4,746.0,739.73,744.99,59346.69
1752998400000,744.98,751.36,744.98,749.2,114080.93
1753012800000,749.2,752.27,745.55,751.41,93855.07
1753027200000,751.41,756.9,746.16,753.48,139735.21
1753041600000,753.47,762.04,745.25,757.31,185595.31
1753056000000,757.32,764.85,746.29,763.71,169871.97
1753070400000,763.7,767.53,759.65,760.87,116355.54
1753084800000,760.88,780.3,760.34,769.59,197989.31
1753099200000,769.6,782.76,766.42,774.62,191648.05
1753113600000,774.61,775.65,755.76,757.59,203571.91
1753128000000,757.56,767.83,755.0,766.51,72736.92
1753142400000,766.52,772.54,753.08,760.49,206554.4
1753156800000,760.49,764.55,745.0,758.49,190207.62
1753171200000,758.49,766.19,749.5,766.17,180302.1
1753185600000,766.18,768.1,755.89,764.44,152322.84
1753200000000,764.43,776.67,764.1,772.68,126205.07
1753214400000,772.68,789.48,771.81,787.6,149704.54
1753228800000,787.6,806.19,785.43,798.04,449636.75
1753243200000,798.05,802.42,791.91,794.88,184134.37
1753257600000,794.87,809.24,788.2,809.02,306445.3
1753272000000,809.01,810.55,775.44,784.9,617365.34
1753286400000,784.89,785.01,760.94,771.01,359051.68
1753300800000,771.01,777.61,752.5,776.92,258113.83
1753315200000,776.88,786.93,773.11,779.76,159222.33
1753329600000,779.77,780.43,742.61,759.33,383533.39
1753344000000,759.32,772.91,755.8,770.57,178836.05
1753358400000,770.57,781.68,761.59,778.83,210646.57
1753372800000,778.84,786.24,770.31,779.4,135802.08
1753387200000,779.4,782.17,770.0,771.15,85889.01
1753401600000,771.16,771.77,753.18,756.99,185036.51
1753416000000,756.98,767.24,752.26,761.72,190126.88
1753430400000,761.72,773.77,761.56,772.11,127472.11
1753444800000,772.11,777.36,761.02,766.22,161581.09
1753459200000,766.22,777.93,763.72,774.63,114148.07
1753473600000,774.64,786.5,773.93,785.98,83713.24
1753488000000,785.98,786.18,778.81,783.92,70374.62
1753502400000,783.93,784.55,780.85,782.96,42322.22
1753516800000,782.97,785.99,780.59,782.28,58868.84
1753531200000,782.29,783.73,779.68,781.73,37647.87
1753545600000,781.74,785.55,778.83,785.45,36357.13
1753560000000,785.44,799.0,784.04,793.61,158076.94
1753574400000,793.57,799.69,791.16,794.78,86810.06
1753588800000,794.78,799.28,794.33,796.83,63799.93
1753603200000,796.84,799.99,793.25,797.23,69951.3
1753617600000,797.23,817.56,793.99,815.97,180968.4
1753632000000,815.87,831.93,813.06,830.96,410473.66
1753646400000,830.96,848.0,827.84,844.8,281026.08
1753660800000,844.71,856.21,840.17,842.24,301074.56
1753675200000,842.25,861.48,840.4,856.25,293607.27
1753689600000,856.21,861.76,845.62,851.15,251034.1
1753704000000,851.16,858.12,831.84,836.75,424414.37
1753718400000,836.74,841.62,826.29,832.27,223857.84
1753732800000,832.32,833.03,821.0,824.48,185590.96
1753747200000,824.48,835.67,813.68,829.61,267954.97
1753761600000,829.6,834.59,825.57,825.96,170047.66
1753776000000,825.97,834.44,821.41,826.9,197885.63
1753790400000,826.9,831.02,802.42,805.73,343199.49
1753804800000,805.71,816.08,800.96,804.1,223799.96
1753819200000,804.11,809.92,800.61,805.82,109986.61
1753833600000,805.82,812.28,796.0,805.15,152118.17
1753848000000,805.14,807.24,796.02,800.94,134862.56
1753862400000,800.93,806.2,787.12,789.29,199009.14
1753876800000,789.29,796.36,779.55,791.19,302048.48
1753891200000,791.2,795.27,765.79,785.75,281605.73
1753905600000,785.75,794.23,783.51,794.07,93901.05
1753920000000,794.08,800.0,791.38,799.33,99633.71
1753934400000,799.33,805.8,797.3,804.03,92437.82
1753948800000,804.03,815.0,799.32,800.91,162141.05
1753963200000,800.91,801.65,787.91,800.03,220220.53
1753977600000,800.01,813.91,794.1,796.48,305948.54
1753992000000,796.49,799.18,782.01,783.68,163550.52
1754006400000,783.67,795.88,775.04,784.51,231427.12
1754020800000,784.5,784.85,770.67,773.8,186144.21
1754035200000,773.8,773.8,763.49,772.03,208560.96
1754049600000,772.03,776.42,757.55,764.46,296674.39
1754064000000,764.46,768.39,754.01,761.88,170858.9
1754078400000,761.89,763.32,745.0,757.64,177919.74
1754092800000,757.64,769.15,755.89,764.64,96186.39
1754107200000,764.64,770.47,750.4,759.34,138135.49
1754121600000,759.33,759.71,751.0,756.68,81953.35
1754136000000,756.67,756.72,741.55,743.43,123559.69
1754150400000,743.44,750.27,734.38,737.75,191182.59
1754164800000,737.74,745.65,732.82,736.97,95153.99
1754179200000,736.97,745.0,730.43,744.31,112423.79
1754193600000,744.31,749.22,741.58,748.36,53363.05
1754208000000,748.36,753.6,746.64,748.69,78148.26
1754222400000,748.68,751.57,745.78,748.86,61605.1
1754236800000,748.88,755.68,747.35,753.04,59309.21
1754251200000,753.04,754.95,750.6,751.41,43344.3
1754265600000,751.4,759.31,750.56,754.25,85701.26
1754280000000,754.26,758.3,752.25,757.31,42976.12
1754294400000,757.31,760.5,754.74,755.61,63243.52
1754308800000,755.61,766.0,755.2,760.76,123680.5
1754323200000,760.76,769.96,759.94,761.22,99885.31
1754337600000,761.21,770.0,760.36,768.89,68560.49
1754352000000,768.89,770.04,760.49,760.96,52960.87
1754366400000,760.95,767.35,755.0,757.67,79005.44
1754380800000,757.6,766.52,755.84,765.44,68302.11
1754395200000,765.45,765.88,746.41,749.39,182439.76
1754409600000,749.39,754.72,747.64,748.84,77416.39
1754424000000,748.84,756.66,745.41,755.57,63742.89
1754438400000,755.56,756.4,746.39,748.98,64019.21
1754452800000,749.0,763.67,747.53,763.49,106164.13
1754467200000,763.5,765.46,759.12,762.6,75589.35
1754481600000,762.6,770.39,758.16,769.71,126416.45
1754496000000,769.71,775.39,766.22,773.57,80171.79
1754510400000,773.57,773.76,768.34,769.94,40007.24
1754524800000,769.94,775.09,765.67,766.81,66639.13
1754539200000,766.8,770.0,765.26,768.61,57564.45
1754553600000,768.62,780.0,764.78,777.35,130699.11
1754568000000,777.36,778.36,771.0,775.95,114743.4
1754582400000,775.95,781.0,768.23,780.96,90266.65
1754596800000,780.96,788.99,780.47,788.99,92627.21
1754611200000,788.99,793.39,781.1,786.76,145679.95
1754625600000,786.75,792.16,784.27,790.07,67683.54
1754640000000,790.07,791.2,784.4,789.65,57767.0
1754654400000,789.64,797.2,782.0,785.21,143642.29
1754668800000,785.21,797.0,784.82,795.89,76905.94
1754683200000,795.89,799.0,793.1,793.71,65039.64
1754697600000,793.72,797.95,792.89,797.39,42235.31
1754712000000,797.39,810.66,797.0,810.06,155590.68
1754726400000,810.05,819.86,806.37,812.15,155738.67
1754740800000,812.15,816.07,805.24,806.89,98279.87
1754755200000,806.89,809.37,803.19,805.07,84309.08
1754769600000,805.08,808.15,798.27,799.16,78567.05
1754784000000,799.17,813.7,799.16,811.74,97363.34
1754798400000,811.75,816.04,798.69,799.82,128745.56
1754812800000,799.82,805.17,794.02,799.42,89546.62
1754827200000,799.41,804.18,796.05,802.36,69143.57
1754841600000,802.37,804.99,800.42,803.28,31628.78
1754856000000,803.28,807.75,799.22,807.65,50791.79
1754870400000,807.65,828.22,806.55,821.73,223971.69
1754884800000,821.74,825.16,809.5,812.13,135577.67
1754899200000,812.12,816.94,791.1,796.42,188852.53
1754913600000,796.42,807.82,792.51,807.59,180920.69
1754928000000,807.6,812.45,801.18,806.51,127030.2
1754942400000,806.51,811.0,796.48,805.26,94063.34
1754956800000,805.25,815.53,803.79,808.56,98893.52
1754971200000,808.55,813.67,803.2,808.21,80586.11
1754985600000,808.21,809.32,797.7,803.32,83942.35
1755000000000,803.31,821.2,800.52,821.15,211539.6
1755014400000,821.15,833.38,821.15,832.34,174816.97
1755028800000,832.34,840.66,831.12,833.05,140223.51
1755043200000,833.05,841.6,828.83,836.73,126129.78
1755057600000,836.74,855.44,833.31,847.31,286874.57
1755072000000,847.31,859.16,844.96,855.45,229279.6
1755086400000,855.45,860.0,839.36,842.28,256339.25
1755100800000,842.27,849.15,838.01,845.67,103597.51
1755115200000,845.66,850.45,839.05,848.3,94737.82
1755129600000,848.29,857.5,844.31,855.64,120453.91
1755144000000,855.65,867.49,850.31,858.28,308703.01
1755158400000,858.29,870.15,855.83,862.67,245697.32
1755172800000,862.67,866.0,821.0,847.37,630188.17
1755187200000,847.38,848.52,828.21,838.54,229407.12
1755201600000,838.53,843.45,825.18,840.8,131065.04
1755216000000,840.77,849.84,834.09,849.08,108731.81
1755230400000,849.08,853.99,845.7,848.59,99917.38
1755244800000,848.56,853.19,841.0,844.05,118356.7
1755259200000,844.04,847.79,815.8,818.9,283765.57
1755273600000,818.9,826.31,812.8,821.0,150119.79
1755288000000,820.99,832.28,819.4,828.0,75116.53
1755302400000,828.0,837.0,826.21,832.18,80834.06
1755316800000,832.17,837.41,830.49,835.86,58874.73
1755331200000,835.85,836.7,826.72,826.98,71165.78
1755345600000,826.99,835.96,825.4,832.13,74360.55
1755360000000,832.12,836.81,831.61,834.73,36037.78
1755374400000,834.74,839.7,833.74,838.97,42295.99
1755388800000,838.98,852.25,838.36,845.17,142230.62
1755403200000,845.18,856.48,845.17,854.61,90330.96
1755417600000,854.62,864.48,852.04,861.92,147092.45
1755432000000,861.93,862.6,855.66,860.44,87294.9
1755446400000,860.43,861.86,849.16,851.58,89540.35
1755460800000,851.58,859.49,850.92,855.96,60186.95
1755475200000,855.95,859.1,831.83,836.03,230777.29
1755489600000,836.03,840.04,825.19,830.45,147018.91
1755504000000,830.44,837.77,828.6,831.73,120669.56
1755518400000,831.72,842.67,830.85,842.12,134345.87
1755532800000,842.11,848.57,838.7,845.22,91558.83
1755547200000,845.22,856.53,842.97,847.56,106049.35
1755561600000,847.56,852.6,840.44,842.37,182054.23
1755576000000,842.37,850.44,835.67,838.75,147429.69
1755590400000,838.74,848.8,836.13,846.75,96458.9
1755604800000,846.76,848.3,830.0,832.59,174872.52
1755619200000,832.59,835.52,825.18,833.19,121482.85
1755633600000,833.19,837.61,823.25,824.44,78126.48
1755648000000,824.45,837.59,818.54,836.82,173353.54
1755662400000,836.83,837.87,832.73,834.71,59288.33
1755676800000,834.72,835.34,826.37,831.49,108826.22
1755691200000,831.49,838.28,819.06,833.53,200546.72
1755705600000,833.55,870.99,833.55,869.66,378849.11
1755720000000,869.65,882.0,867.14,869.71,254860.91
1755734400000,869.72,884.54,866.7,866.77,252000.12
1755748800000,866.77,867.19,858.16,862.94,200661.71
1755763200000,862.94,864.98,850.0,851.75,209259.91
1755777600000,851.75,856.85,841.52,842.46,225012.72
1755792000000,842.46,845.16,835.32,836.73,130867.44
1755806400000,836.73,843.26,833.72,839.78,81914.62
1755820800000,839.79,853.86,839.52,846.02,135344.84
1755835200000,846.03,854.94,846.02,851.49,106816.12
1755849600000,851.49,855.68,844.57,849.48,106282.55
1755864000000,849.48,882.81,843.07,876.99,502580.61
1755878400000,877.0,899.33,877.0,895.5,319922.58
1755892800000,895.5,901.76,893.4,901.0,146629.74
1755907200000,901.01,901.08,876.42,883.52,234769.43
1755921600000,883.51,893.83,883.11,888.02,127411.57
1755936000000,888.03,900.0,884.68,889.05,161448.55
1755950400000,889.05,894.72,886.01,889.17,108971.95
1755964800000,889.17,890.49,879.57,883.91,112172.36
1755979200000,883.9,884.45,876.98,880.86,77589.52
1755993600000,880.87,887.01,875.07,879.18,146950.3
1756008000000,879.17,882.91,870.79,870.87,121916.3
1756022400000,870.87,872.72,860.93,861.99,158389.06
1756036800000,861.99,872.72,860.25,867.73,146818.06
1756051200000,867.73,883.89,860.0,870.13,279230.24
1756065600000,870.13,880.72,860.68,876.9,186270.72
1756080000000,876.91,881.3,866.21,876.69,147462.86
1756094400000,876.7,880.0,855.82,858.93,196331.33
1756108800000,858.93,864.69,850.85,854.96,148043.2
1756123200000,854.91,872.0,854.18,863.79,203123.02
1756137600000,863.8,870.68,853.68,854.19,142800.18
1756152000000,854.19,857.96,832.58,839.63,315749.58
1756166400000,839.63,850.37,830.08,844.97,155128.42
1756180800000,844.97,848.2,839.63,843.03,71136.83
1756195200000,843.03,845.5,839.84,842.09,68203.17
1756209600000,842.1,854.4,839.39,850.05,181268.33
1756224000000,850.05,861.57,849.72,861.14,80224.51
1756238400000,861.14,868.33,860.23,864.16,77729.94
1756252800000,864.17,864.92,857.06,862.55,92600.18
1756267200000,862.56,867.24,856.75,857.79,69169.71
1756281600000,857.8,860.64,853.41,859.69,60471.67
1756296000000,859.69,866.49,856.41,865.2,100837.64
1756310400000,865.2,867.5,858.87,861.02,59720.63
1756324800000,861.03,866.45,854.61,855.74,107323.19
1756339200000,855.75,864.98,851.54,864.85,89535.39
1756353600000,864.84,873.52,863.51,869.8,108694.92
1756368000000,869.79,874.8,865.76,874.68,71126.17
1756382400000,874.68,879.72,867.2,870.23,192018.6
1756396800000,870.23,882.21,863.91,869.16,318432.64
1756411200000,869.2,877.63,868.29,873.92,53714.96
1756425600000,873.92,878.53,872.4,873.69,68212.62
1756440000000,873.69,874.23,856.21,857.57,129353.67
1756454400000,857.56,861.4,850.56,854.97,148729.23
1756468800000,854.97,865.99,852.55,858.61,178780.67
1756483200000,858.61,861.3,853.21,858.64,83640.82
1756497600000,858.65,864.55,853.6,862.84,65015.08
1756512000000,862.85,862.92,852.57,860.95,72286.14
1756526400000,860.95,862.44,857.55,861.01,37627.74
1756540800000,861.01,861.8,858.85,860.74,26787.09
1756555200000,860.74,860.74,851.8,859.49,75611.65
1756569600000,859.49,859.62,856.5,859.27,29514.03
1756584000000,859.27,864.6,857.37,862.6,35209.81
1756598400000,862.6,865.16,859.92,863.62,75063.94
1756612800000,863.61,863.72,858.28,859.01,39386.41
1756627200000,859.0,861.84,857.32,860.47,36313.07
1756641600000,860.47,862.59,859.48,862.34,40429.82
1756656000000,862.34,867.75,861.44,865.1,73436.72
1756670400000,865.1,868.27,857.55,858.08,51671.17
1756684800000,858.09,866.0,854.08,856.84,134829.96
1756699200000,856.84,867.89,849.36,865.94,143321.44
1756713600000,865.93,869.72,851.23,852.48,215091.28
1756728000000,852.48,855.41,844.32,847.52,104389.18
1756742400000,847.53,849.77,844.19,849.74,64706.08
1756756800000,849.74,849.82,840.01,846.19,119203.15
1756771200000,846.18,854.76,843.85,852.86,74874.41
1756785600000,852.87,856.16,851.17,855.37,55849.33
1756800000000,855.37,857.0,847.34,848.34,94318.87
1756814400000,848.34,853.0,841.2,847.25,136108.75
1756828800000,847.25,851.82,846.09,850.44,44321.99
1756843200000,850.44,854.6,849.88,852.22,41370.89
1756857600000,852.22,854.46,849.16,851.84,44102.19
1756872000000,851.83,855.0,849.68,854.88,35580.03
1756886400000,854.87,855.65,852.49,854.33,35004.48
1756900800000,854.34,864.43,852.24,860.63,93959.6
1756915200000,860.62,862.77,857.24,857.58,52485.96
1756929600000,857.58,857.81,852.83,855.21,48814.34
1756944000000,855.21,857.17,848.55,849.08,50460.26
1756958400000,849.08,849.97,844.56,847.95,76410.86
1756972800000,847.95,850.08,847.12,848.02,45001.27
1756987200000,848.02,849.98,843.04,844.57,68924.94
1757001600000,844.56,846.91,841.08,843.7,51499.21
1757016000000,843.7,850.0,843.25,843.8,39081.37
1757030400000,843.8,847.98,842.33,845.93,42597.18
1757044800000,845.94,851.35,843.58,850.72,49703.66
1757059200000,850.71,851.19,847.73,851.04,43098.63
1757073600000,851.04,857.99,845.11,849.07,159346.49
1757088000000,849.08,851.98,848.55,851.19,30901.29
1757102400000,851.19,852.67,848.7,850.28,31465.58
1757116800000,850.28,860.31,849.75,858.68,78353.22
1757131200000,858.68,860.58,856.39,859.78,66715.07
1757145600000,859.79,862.92,856.94,861.63,91421.71
1757160000000,861.62,865.77,859.3,860.01,90925.45
1757174400000,860.01,862.25,857.86,858.23,47487.23
1757188800000,858.22,863.78,857.0,861.47,38132.32
1757203200000,861.47,868.97,861.12,866.65,71791.94
1757217600000,866.64,868.5,865.04,868.18,48694.56
1757232000000,868.18,874.85,867.78,874.11,88735.86
1757246400000,874.11,875.99,870.01,875.12,65345.23
1757260800000,875.12,877.4,872.84,875.9,51114.49
1757275200000,875.91,884.97,873.69,880.67,82724.71
1757289600000,880.68,886.59,878.25,882.5,116156.08
1757304000000,882.51,882.92,871.39,874.54,100093.42
1757318400000,874.54,879.75,870.01,879.19,105771.22
1757332800000,879.18,883.44,877.56,880.58,79088.39
1757347200000,880.58,882.5,876.52,878.12,51465.48
1757361600000,878.13,882.97,877.6,878.55,42743.11
1757376000000,878.54,880.38,872.01,875.55,66128.85
1757390400000,875.55,884.92,874.51,881.75,80005.89
1757404800000,881.74,885.42,880.6,880.68,60845.51
1757419200000,880.69,882.73,871.72,873.72,128222.36
1757433600000,873.72,877.87,873.08,877.43,36567.37
1757448000000,877.44,884.0,874.83,880.3,63321.57
1757462400000,880.29,883.1,877.51,881.01,49109.97
1757476800000,881.02,886.38,879.15,884.03,68009.21
1757491200000,884.04,885.92,881.79,885.15,62245.14
1757505600000,885.14,908.1,884.76,896.04,458819.6
1757520000000,896.04,899.96,888.8,891.21,108468.14
1757534400000,891.2,895.77,888.57,894.14,76409.89
1757548800000,894.14,895.67,888.82,895.0,69281.03
1757563200000,895.01,899.08,892.88,896.92,73585.75
1757577600000,896.93,902.96,895.2,899.65,83085.62
1757592000000,899.66,905.45,884.04,893.57,202014.65
1757606400000,893.57,898.32,893.52,897.21,54331.04
1757620800000,897.22,903.96,895.67,903.13,56023.03
1757635200000,903.13,909.59,902.0,905.25,108420.59
1757649600000,905.25,910.3,903.6,903.93,108229.93
1757664000000,903.96,909.88,902.86,906.0,84825.0
1757678400000,906.0,910.85,904.51,907.44,84419.94
1757692800000,907.43,926.7,907.4,924.76,189830.47
1757707200000,924.75,930.6,922.65,925.5,93475.46
1757721600000,925.5,930.0,924.21,928.33,81208.43
1757736000000,928.33,928.55,924.61,925.65,59933.41
1757750400000,925.65,944.1,924.9,941.84,212703.15
1757764800000,941.84,944.5,932.2,937.17,173208.85
1757779200000,937.16,938.56,922.45,930.57,160797.37
1757793600000,930.58,934.61,929.02,934.21,49169.52
1757808000000,934.22,938.77,929.68,931.68,91456.31
1757822400000,931.68,945.98,928.18,938.2,118199.06
1757836800000,938.2,941.94,931.48,932.21,71913.72
1757851200000,932.2,937.16,923.15,924.87,132577.81
1757865600000,924.86,929.61,923.92,928.09,69288.88
1757880000000,928.08,934.78,925.56,926.82,67299.52
1757894400000,926.82,933.51,922.5,932.74,74349.56
1757908800000,932.75,936.13,922.73,923.84,97557.1
1757923200000,923.84,923.84,911.0,920.46,209695.59
1757937600000,920.45,923.59,912.8,916.95,105538.84
1757952000000,916.94,922.56,913.17,919.94,52547.59
1757966400000,919.95,922.94,918.66,920.12,26370.59
1757980800000,920.11,923.34,917.05,921.76,49919.16
1757995200000,921.76,932.99,917.22,931.46,114494.58
1758009600000,931.47,934.0,925.1,927.82,73885.28
1758024000000,927.83,938.52,922.18,938.0,169335.99
1758038400000,938.0,957.94,932.73,955.42,383559.05
1758052800000,955.42,960.03,954.32,956.26,113611.22
1758067200000,956.26,963.7,954.9,957.6,163708.88
1758081600000,957.6,959.83,947.35,955.4,188917.28
1758096000000,955.39,957.81,951.8,954.0,97499.71
1758110400000,954.0,955.01,947.97,951.78,107472.53
1758124800000,951.78,963.5,946.48,957.0,295375.34
1758139200000,956.97,996.6,952.59,990.81,505408.78
1758153600000,990.81,997.75,979.66,996.32,240965.47
1758168000000,996.31,1001.48,987.56,998.82,253425.16
1758182400000,998.81,1008.19,991.24,992.41,372184.62
1758196800000,992.42,999.5,991.45,994.02,139525.77
1758211200000,994.01,995.95,986.22,988.56,140009.96
1758225600000,988.56,989.7,980.01,981.78,125481.68
1758240000000,981.78,989.2,981.0,985.31,129073.8
1758254400000,985.3,998.0,982.43,995.17,241967.37
1758268800000,995.17,1004.0,985.45,986.43,304819.53
1758283200000,986.43,993.07,974.37,983.23,269164.89
1758297600000,983.23,985.26,975.27,978.78,111761.56
1758312000000,978.77,985.84,977.63,984.48,89603.81
1758326400000,984.48,993.59,983.2,991.99,121524.56
1758340800000,991.99,1002.58,991.09,999.86,188229.07
1758355200000,999.87,1006.19,994.0,1002.21,262604.65
1758369600000,1002.21,1028.45,998.92,1021.67,440635.26
1758384000000,1021.63,1029.81,1015.5,1019.53,293165.61
1758398400000,1019.53,1050.0,1018.76,1044.27,304267.39
1758412800000,1044.28,1084.28,1039.75,1069.99,640981.63
1758427200000,1069.99,1082.0,1059.2,1074.57,312530.71
1758441600000,1074.57,1075.91,1051.0,1051.64,340037.17
1758456000000,1051.65,1058.27,1044.15,1056.73,271419.2
1758470400000,1056.73,1058.4,1040.02,1048.2,216840.0
1758484800000,1048.2,1054.62,1041.67,1048.25,113084.18
1758499200000,1048.25,1051.06,1025.03,1030.58,439923.75
1758513600000,1030.57,1038.81,993.0,1024.43,539465.96
1758528000000,1024.42,1036.75,1012.99,1019.05,284898.7
1758542400000,1019.05,1028.6,994.86,998.33,386092.48
1758556800000,998.34,999.17,976.88,981.59,377157.96
1758571200000,981.55,994.98,979.29,993.51,160904.64
1758585600000,993.51,998.0,963.12,983.11,333288.06
1758600000000,983.1,1006.58,976.99,1002.16,328131.24
1758614400000,1002.16,1014.57,997.07,1011.08,274244.45
1758628800000,1011.07,1027.0,1009.45,1023.1,392856.39
1758643200000,1023.11,1028.14,1006.95,1009.82,272569.58
1758657600000,1009.8,1021.68,1008.84,1016.87,101424.51
1758672000000,1016.86,1027.38,1002.54,1002.96,257174.67
1758686400000,1002.96,1019.53,991.18,1018.4,286574.56
1758700800000,1018.4,1034.96,1013.1,1016.63,332378.88
1758715200000,1016.63,1021.85,1008.0,1009.86,217865.32
1758729600000,1009.86,1019.99,1008.26,1016.2,100692.23
1758744000000,1016.2,1020.0,1012.54,1018.81,75103.97
1758758400000,1018.81,1020.33,996.0,1000.12,250040.13
1758772800000,1000.11,1001.0,986.0,992.4,269580.79
1758787200000,992.4,996.87,981.57,986.56,176644.53
1758801600000,986.55,1001.09,980.0,995.75,298329.63
1758816000000,995.75,997.8,950.84,959.34,602814.25
1758830400000,959.35,961.67,940.0,946.49,231838.09
1758844800000,946.49,960.0,941.38,946.12,195765.35
1758859200000,946.11,950.53,936.6,949.99,195288.4
1758873600000,950.0,951.4,932.67,937.83,198382.67
1758888000000,937.82,952.4,932.8,942.68,252557.87
1758902400000,942.69,966.66,941.71,955.01,237575.39
1758916800000,955.02,961.28,951.76,961.28,70514.25
1758931200000,961.27,967.87,955.82,966.82,106732.09
1758945600000,966.82,974.24,965.05,972.56,127052.43
1758960000000,972.56,975.7,965.55,970.75,117856.55
1758974400000,970.76,986.55,968.88,976.75,172326.99
1758988800000,976.75,977.55,965.01,969.99,123803.64
1759003200000,969.99,978.14,967.59,968.71,72998.22
1759017600000,968.71,975.31,965.62,974.47,96009.26
1759032000000,974.46,975.64,968.73,969.86,59847.46
1759046400000,969.86,973.51,963.06,973.42,114573.72
1759060800000,973.42,979.72,966.44,976.43,114726.46
1759075200000,976.44,981.04,975.53,978.3,84259.6
1759089600000,978.3,993.58,977.8,993.09,125936.32
1759104000000,993.1,1012.0,991.41,1010.96,216534.78
1759118400000,1010.96,1014.55,1006.11,1010.49,153295.83
1759132800000,1010.5,1013.57,1002.82,1005.64,135922.65
1759147200000,1005.64,1023.67,1000.29,1011.15,276213.9
1759161600000,1011.16,1021.87,1004.0,1020.56,150420.05
1759176000000,1020.57,1036.78,1019.36,1030.43,197137.33
1759190400000,1030.43,1034.5,1022.0,1023.96,132123.03
1759204800000,1023.97,1028.64,1017.23,1020.63,118265.96
1759219200000,1020.63,1022.09,1007.16,1015.07,205628.53
1759233600000,1015.07,1015.36,993.2,998.71,234742.53
1759248000000,998.7,1009.89,996.93,1007.55,141089.27
1759262400000,1007.55,1010.81,1001.47,1008.77,99977.03
1759276800000,1008.77,1016.18,1003.44,1005.09,127199.35
1759291200000,1005.1,1013.65,1004.82,1010.23,72247.46
1759305600000,1010.22,1036.56,1009.68,1023.43,277729.69
1759320000000,1023.42,1028.82,1016.29,1019.35,173361.28
1759334400000,1019.36,1025.62,1018.02,1019.97,101277.31
1759348800000,1019.97,1026.94,1017.61,1026.85,64962.25
1759363200000,1026.85,1038.19,1023.08,1031.25,203701.76
1759377600000,1031.25,1041.92,1027.53,1036.43,126898.39
1759392000000,1036.44,1050.26,1033.76,1047.96,142762.62
1759406400000,1047.97,1064.29,1042.0,1056.12,323394.01
1759420800000,1056.12,1077.74,1055.88,1074.62,199245.44
1759435200000,1074.63,1100.34,1073.79,1090.91,314432.91
1759449600000,1090.91,1113.36,1084.78,1108.64,273077.99
1759464000000,1108.63,1113.47,1085.31,1087.01,289802.32
1759478400000,1087.01,1115.61,1084.5,1107.05,247711.9
1759492800000,1107.06,1169.28,1103.05,1165.84,716579.84
1759507200000,1165.97,1180.0,1093.78,1171.34,758656.99
1759521600000,1171.34,1193.39,1165.52,1190.39,319568.91
1759536000000,1190.39,1191.11,1164.49,1170.98,292526.22
1759550400000,1170.98,1183.45,1166.0,1167.41,188539.61
1759564800000,1167.41,1169.76,1145.68,1152.42,273059.72
1759579200000,1152.42,1154.78,1140.5,1145.35,236969.67
1759593600000,1145.37,1159.47,1138.0,1147.69,190705.54
1759608000000,1147.7,1157.36,1145.32,1151.46,101305.21
1759622400000,1151.45,1169.95,1144.0,1163.63,241081.16
1759636800000,1163.63,1189.9,1163.51,1178.35,321219.57
1759651200000,1178.35,1180.63,1154.3,1168.14,268134.53
1759665600000,1168.14,1171.77,1157.11,1158.99,152412.42
1759680000000,1159.0,1170.5,1148.68,1150.51,165894.31
1759694400000,1150.5,1167.99,1148.34,1167.98,90241.7
1759708800000,1167.99,1184.86,1162.27,1183.14,261911.09
1759723200000,1183.13,1225.0,1179.12,1199.08,728187.96
1759737600000,1199.08,1223.8,1199.0,1223.18,344105.83
1759752000000,1223.19,1240.26,1210.24,1222.1,592447.56
1759766400000,1222.1,1228.56,1214.29,1225.86,247358.84
1759780800000,1225.85,1231.4,1218.49,1223.97,149748.78
1759795200000,1223.95,1230.58,1203.33,1223.8,255584.65
1759809600000,1223.8,1265.0,1220.83,1250.54,621681.34
1759824000000,1250.54,1318.6,1231.36,1314.02,1039849.76
1759838400000,1314.01,1362.91,1261.45,1281.57,1806106.57
1759852800000,1281.57,1303.06,1266.38,1297.77,654022.52
1759867200000,1297.78,1328.9,1296.36,1305.33,490237.09
1759881600000,1305.32,1335.32,1271.39,1276.29,723493.61
1759896000000,1276.29,1314.04,1264.28,1312.29,484740.29
1759910400000,1312.28,1327.95,1302.01,1313.5,476116.22
1759924800000,1313.51,1321.0,1280.0,1293.47,609545.72
1759939200000,1293.48,1323.33,1288.61,1316.0,366444.56
1759953600000,1316.0,1325.2,1294.57,1306.84,214795.77
1759968000000,1306.84,1317.49,1254.03,1279.14,576135.87
1759982400000,1279.14,1319.99,1272.0,1308.86,553045.67
1759996800000,1308.85,1309.51,1268.0,1281.67,585875.47
1760011200000,1281.67,1291.68,1228.15,1240.65,867934.23
1760025600000,1240.65,1248.27,1225.55,1242.36,369025.24
1760040000000,1242.4,1261.49,1240.62,1256.16,156894.33
1760054400000,1256.16,1270.0,1245.0,1260.32,252843.5
1760068800000,1260.32,1279.14,1258.61,1264.22,277642.73
1760083200000,1264.23,1274.36,1246.12,1271.2,304564.43
1760097600000,1271.19,1274.83,1205.96,1216.5,745909.46
1760112000000,1216.49,1248.24,1211.0,1236.67,627352.08
1760126400000,1236.53,1244.32,823.6,1102.85,2408855.52
1760140800000,1102.99,1143.87,1075.01,1127.82,706277.39
1760155200000,1127.8,1140.25,1085.0,1094.94,414195.25
1760169600000,1094.89,1140.94,1090.75,1130.39,316868.57
1760184000000,1130.39,1159.2,1109.86,1143.33,286506.98
1760198400000,1143.32,1183.13,1135.0,1140.91,375301.89
1760212800000,1140.9,1147.25,1106.02,1134.93,340260.42
1760227200000,1134.95,1137.64,1107.1,1121.01,304511.34
1760241600000,1121.08,1168.25,1117.11,1160.54,316990.45
1760256000000,1160.46,1229.7,1154.06,1228.82,630184.64
1760270400000,1228.82,1307.51,1219.66,1301.48,1153126.4
1760284800000,1301.47,1312.87,1274.3,1296.57,577950.95
1760299200000,1296.57,1320.97,1275.61,1302.92,402284.5
1760313600000,1302.92,1323.0,1290.89,1295.99,419469.07
1760328000000,1295.99,1354.0,1282.32,1342.39,764481.8
1760342400000,1342.39,1374.61,1266.0,1294.62,1453427.49
1760356800000,1294.63,1304.88,1250.01,1273.24,903079.27
1760371200000,1273.24,1288.0,1260.4,1270.86,407020.97
1760385600000,1270.88,1298.17,1270.5,1293.71,234226.78
1760400000000,1293.7,1317.02,1270.76,1277.77,394038.9
1760414400000,1277.78,1279.92,1179.57,1194.74,1062306.23
1760428800000,1194.74,1212.07,1163.61,1170.43,694601.37
1760443200000,1170.42,1214.0,1142.79,1211.78,978037.26
1760457600000,1211.78,1248.81,1190.27,1205.69,793819.83
1760472000000,1205.64,1221.69,1202.43,1208.03,180417.0
1760486400000,1208.03,1223.09,1199.1,1206.21,219756.92
1760500800000,1206.21,1216.38,1176.27,1189.68,294627.49
1760515200000,1189.67,1215.27,1176.19,1184.7,349928.75
1760529600000,1184.7,1191.28,1164.11,1168.49,421688.13
1760544000000,1168.5,1188.0,1156.0,1164.37,348433.82
1760558400000,1164.37,1170.72,1148.53,1163.09,191323.25
1760572800000,1163.09,1195.59,1158.89,1183.98,258432.13
1760587200000,1183.98,1192.46,1173.54,1183.56,225519.47
1760601600000,1183.56,1194.28,1169.0,1181.39,388232.73
1760616000000,1181.4,1190.78,1131.4,1134.97,438526.73
1760630400000,1134.97,1157.29,1121.82,1145.52,487528.37
1760644800000,1145.54,1164.96,1140.91,1144.65,171729.32
1760659200000,1144.65,1156.69,1137.04,1150.56,145682.0
1760673600000,1150.56,1154.24,1059.37,1062.76,632932.27
1760688000000,1062.77,1079.1,1021.0,1071.21,1122059.04
1760702400000,1071.22,1076.34,1046.61,1073.8,492074.53
1760716800000,1073.76,1092.85,1062.5,1066.38,362618.84
1760731200000,1066.39,1090.18,1063.92,1070.3,143487.15
1760745600000,1070.3,1094.21,1068.43,1089.47,173014.63
1760760000000,1089.46,1130.98,1079.01,1118.03,361237.12
1760774400000,1118.02,1124.32,1095.01,1102.76,283949.08
1760788800000,1102.76,1104.88,1082.17,1090.7,242790.89
1760803200000,1090.71,1103.16,1080.8,1102.35,131917.33
1760817600000,1102.34,1104.79,1083.7,1092.0,96615.14
1760832000000,1092.0,1093.8,1075.61,1091.27,129935.09
1760846400000,1091.27,1096.93,1081.67,1083.92,115709.93
1760860800000,1083.92,1109.65,1067.7,1099.88,409938.83
1760875200000,1099.88,1121.98,1091.45,1117.95,295411.27
1760889600000,1117.96,1133.0,1114.34,1116.19,188241.68
1760904000000,1116.19,1121.28,1106.7,1109.08,87033.87
1760918400000,1109.07,1130.42,1086.87,1127.94,243120.76
1760932800000,1127.94,1142.74,1120.11,1124.13,273255.65
1760947200000,1124.13,1129.2,1109.5,1114.51,230902.4
1760961600000,1114.5,1116.57,1098.32,1109.88,268761.23
1760976000000,1109.88,1110.02,1087.0,1100.3,278825.97
1760990400000,1100.3,1104.19,1091.85,1099.72,71897.62
1761004800000,1099.73,1101.76,1077.17,1081.32,176837.25
1761019200000,1081.32,1081.7,1061.35,1071.97,279651.05
1761033600000,1071.98,1079.71,1065.38,1076.4,153322.22
1761048000000,1076.4,1114.65,1068.3,1111.91,433598.84
1761062400000,1111.9,1113.3,1080.55,1089.77,318159.32
1761076800000,1089.77,1091.11,1051.01,1056.56,249785.13
1761091200000,1056.56,1070.34,1052.77,1067.22,179605.98
1761105600000,1067.22,1074.04,1060.44,1070.74,114008.68
1761120000000,1070.74,1073.83,1057.46,1068.69,162465.62
1761134400000,1068.7,1083.64,1064.51,1080.49,345985.12
1761148800000,1080.5,1081.73,1062.51,1069.32,155510.72
1761163200000,1069.33,1073.52,1052.03,1071.37,172528.57
1761177600000,1071.38,1091.54,1071.34,1086.72,157531.46
1761192000000,1086.73,1110.5,1082.72,1108.8,264425.96
1761206400000,1108.79,1122.0,1092.56,1094.27,437620.92
1761220800000,1094.27,1159.84,1076.37,1130.0,1030994.73
1761235200000,1130.0,1139.94,1104.41,1116.78,424028.46
1761249600000,1116.77,1128.85,1110.0,1125.61,135274.12
1761264000000,1125.61,1139.51,1125.36,1134.78,221265.66
1761278400000,1134.78,1143.92,1122.0,1124.88,206728.3
1761292800000,1124.87,1134.72,1119.46,1124.77,162755.69
1761307200000,1124.76,1137.53,1101.93,1103.58,314598.89
1761321600000,1103.58,1113.61,1096.32,1108.97,145213.13
1761336000000,1108.97,1112.91,1106.05,1108.16,61136.35
1761350400000,1108.16,1117.65,1100.0,1116.37,115906.79
1761364800000,1116.37,1118.42,1110.0,1111.92,95019.84
1761379200000,1111.92,1117.69,1108.93,1114.92,87719.94
1761393600000,1114.91,1117.5,1105.01,1108.14,99315.93
1761408000000,1108.14,1116.83,1107.04,1115.91,60415.89
1761422400000,1115.94,1120.9,1112.3,1116.35,51016.1
1761436800000,1116.35,1124.22,1114.23,1116.59,97964.78
1761451200000,1116.59,1122.22,1115.48,1120.17,50763.05
1761465600000,1120.17,1135.8,1120.0,1134.79,194434.8
1761480000000,1134.79,1138.74,1126.33,1132.89,189684.8
1761494400000,1132.89,1133.42,1122.62,1126.37,81469.98
1761508800000,1126.36,1142.99,1122.35,1137.87,130118.54
1761523200000,1137.87,1163.61,1136.81,1151.06,240950.9
1761537600000,1151.07,1161.7,1140.0,1157.01,255366.31
1761552000000,1157.01,1180.23,1147.2,1180.04,319220.25
1761566400000,1180.05,1182.76,1129.0,1143.0,488166.93
1761580800000,1143.0,1153.0,1141.28,1144.75,142794.8
1761595200000,1144.75,1147.09,1132.01,1138.38,119479.07
1761609600000,1138.37,1147.33,1130.4,1137.94,122713.55
1761624000000,1137.93,1143.24,1120.1,1131.62,165627.87
1761638400000,1131.63,1138.44,1129.03,1131.63,84093.0
1761652800000,1131.62,1147.17,1126.49,1135.2,207038.43
1761667200000,1135.21,1148.9,1125.59,1128.22,152525.72
1761681600000,1128.23,1128.77,1070.95,1102.35,420323.69
1761696000000,1102.34,1108.13,1098.05,1103.82,123741.5
1761710400000,1103.81,1120.24,1103.0,1115.71,156105.49
1761724800000,1115.72,1119.5,1110.45,1113.66,282961.48
1761739200000,1113.67,1118.54,1096.2,1099.36,173055.93
1761753600000,1099.36,1114.13,1081.82,1107.28,350146.03
1761768000000,1107.3,1119.57,1103.19,1107.7,96120.34
1761782400000,1107.69,1119.61,1104.62,1117.92,93712.67
1761796800000,1117.92,1118.46,1088.54,1117.98,222913.96
1761811200000,1117.98,1129.87,1107.08,1111.4,230367.16
1761825600000,1111.39,1113.99,1073.82,1076.36,377885.95
1761840000000,1076.35,1083.5,1058.0,1061.0,210958.07
1761854400000,1060.99,1078.74,1040.37,1078.15,292276.27
1761868800000,1078.15,1087.95,1074.19,1085.39,166407.66
1761883200000,1085.4,1103.46,1084.51,1097.97,203273.63
1761897600000,1097.97,1104.34,1077.63,1088.43,572946.79
1761912000000,1088.42,1093.1,1077.08,1084.05,248344.47
1761926400000,1084.04,1091.38,1071.1,1089.35,142501.9
1761940800000,1089.34,1090.0,1083.2,1088.13,49578.26
1761955200000,1088.12,1093.53,1081.46,1089.36,107037.68
1761969600000,1089.36,1090.92,1084.0,1086.03,54738.59
1761984000000,1086.02,1088.88,1085.1,1088.48,43116.05
1761998400000,1088.48,1094.84,1081.1,1091.91,98781.38
1762012800000,1091.91,1096.0,1089.5,1094.24,65918.56
1762027200000,1094.23,1096.75,1089.62,1094.22,32987.81
1762041600000,1094.23,1094.59,1087.48,1089.22,49179.54
1762056000000,1089.22,1094.64,1087.42,1093.01,55051.48
1762070400000,1093.01,1094.0,1079.5,1087.49,78214.72
1762084800000,1087.5,1087.67,1078.0,1080.11,85989.93
1762099200000,1080.11,1080.17,1071.2,1078.35,74730.61
1762113600000,1078.34,1085.75,1076.12,1082.98,59276.01
1762128000000,1082.98,1087.29,1040.13,1043.1,261855.72
1762142400000,1043.1,1048.68,1023.6,1029.02,251043.86
1762156800000,1029.02,1031.6,1007.58,1015.96,287588.95
1762171200000,1015.97,1024.71,951.0,979.82,579441.8
1762185600000,979.83,1010.0,976.18,995.83,301696.8
1762200000000,995.84,997.31,980.56,993.15,172926.2
1762214400000,993.15,1000.7,981.81,998.81,144341.23
1762228800000,998.82,1001.92,940.21,945.08,503462.14
1762243200000,945.07,963.61,940.01,958.24,306776.89
1762257600000,958.24,967.81,934.94,950.24,353710.71
1762272000000,950.23,953.67,908.44,920.16,624680.22
1762286400000,920.15,942.29,878.96,937.16,719610.64
1762300800000,937.17,955.79,900.6,949.45,393017.66
1762315200000,949.46,957.5,941.11,953.86,131549.79
1762329600000,953.86,954.06,936.82,945.44,145506.58
1762344000000,945.43,965.31,944.2,965.23,222460.22
1762358400000,965.24,967.38,956.66,958.88,163530.32
1762372800000,958.87,963.98,951.03,958.81,100615.5
1762387200000,958.81,963.73,943.5,962.85,132503.05
1762401600000,962.85,965.0,946.31,951.4,107265.26
1762416000000,951.39,958.72,948.26,955.22,95082.35
1762430400000,955.22,955.52,927.35,933.85,260626.43
1762444800000,933.88,955.69,925.29,948.38,212735.5
1762459200000,948.39,954.92,944.2,950.75,93831.14
1762473600000,950.75,977.0,945.14,967.47,212364.15
1762488000000,967.46,972.25,958.1,970.62,115915.32
1762502400000,970.62,971.29,936.95,943.01,182406.08
1762516800000,943.01,951.0,925.82,945.08,273305.68
1762531200000,945.09,986.0,940.11,982.23,321406.71
1762545600000,982.22,996.0,974.71,991.21,154033.05
1762560000000,991.22,1007.49,980.24,996.36,216509.69
1762574400000,996.36,1002.04,985.1,995.49,141835.59
1762588800000,995.48,1003.39,986.59,989.28,132494.41
1762603200000,989.28,998.36,982.87,990.78,128593.83
1762617600000,990.77,1005.99,984.74,996.06,141816.8
1762632000000,996.05,999.66,989.23,990.5,55479.45
1762646400000,990.5,993.65,975.23,980.74,104311.75
1762660800000,980.73,993.27,980.36,989.4,72695.78
1762675200000,989.4,995.65,981.81,990.16,102256.23
1762689600000,990.16,998.25,975.26,993.75,235249.21
1762704000000,993.76,1004.97,990.37,1004.52,144029.64
1762718400000,1004.52,1006.99,990.01,996.12,107572.61
1762732800000,996.11,1019.15,990.78,1012.53,188708.42
1762747200000,1012.54,1014.04,1003.0,1005.38,107905.7
1762761600000,1005.38,1005.68,994.69,998.64,109143.31
1762776000000,998.64,1003.53,975.5,979.17,195780.53
1762790400000,979.17,988.85,975.01,987.1,104967.16
1762804800000,987.1,995.86,982.57,991.55,72010.39
1762819200000,991.55,1008.84,986.2,1000.92,179151.48
1762833600000,1000.92,1003.66,971.0,973.72,181222.6
1762848000000,973.71,982.78,972.38,979.98,79242.21
1762862400000,979.98,984.65,970.89,975.62,130495.66
1762876800000,975.61,977.6,960.5,961.13,144681.86
1762891200000,961.13,965.59,955.72,957.89,99951.54
1762905600000,957.88,965.57,955.0,960.98,90026.76
1762920000000,960.99,962.42,951.16,952.77,70653.75
1762934400000,952.77,975.0,952.77,971.12,137440.93
1762948800000,971.13,978.79,945.55,948.86,224606.22
1762963200000,948.86,954.52,937.2,948.11,178301.68
1762977600000,948.11,957.42,946.18,952.51,53770.26
1762992000000,952.51,963.68,945.62,959.05,105998.11
1763006400000,959.05,970.88,956.76,964.66,110887.49
1763020800000,964.66,967.95,959.61,966.98,76649.06
1763035200000,966.98,968.09,952.25,957.36,160911.53
1763049600000,957.35,959.44,911.02,913.74,331143.75
1763064000000,913.75,932.42,906.14,926.67,192986.82
1763078400000,926.68,933.3,918.48,923.68,168782.44
1763092800000,923.69,926.96,898.0,922.98,262021.09
1763107200000,922.95,923.08,904.9,909.51,145678.63
1763121600000,909.51,931.97,888.07,926.12,458189.13
1763136000000,926.16,933.99,919.03,932.27,155234.09
1763150400000,932.28,934.0,908.25,915.69,132518.39
1763164800000,915.7,936.64,915.42,932.36,121951.66
1763179200000,932.36,937.68,927.55,936.81,70435.47
1763193600000,936.82,939.6,929.18,931.0,105982.9
1763208000000,931.0,938.56,929.33,936.83,61083.5
1763222400000,936.83,945.74,931.2,941.83,72341.7
1763236800000,941.82,942.04,926.14,932.79,80269.06
1763251200000,932.8,942.1,921.8,941.57,104737.35
1763265600000,941.56,948.98,938.18,943.93,76546.2
1763280000000,943.94,950.58,930.51,932.13,101716.12
1763294400000,932.13,939.62,922.05,923.73,137374.31
1763308800000,923.74,930.61,908.57,920.19,288917.58
1763323200000,920.19,932.23,910.05,927.15,127529.94
1763337600000,927.15,940.54,920.2,935.2,149603.16
1763352000000,935.19,938.44,930.71,935.89,58138.74
1763366400000,935.89,939.48,931.6,933.88,72732.96
1763380800000,933.88,935.18,901.09,911.92,426744.89
1763395200000,911.92,922.55,893.02,897.36,318172.7
1763409600000,897.37,911.4,891.2,907.32,172138.34
1763424000000,907.32,919.3,884.07,903.68,390024.63
1763438400000,903.7,914.29,893.22,910.97,206197.85
1763452800000,910.96,926.37,910.5,916.1,152616.25
1763467200000,916.11,928.2,911.06,926.84,196486.85
1763481600000,926.84,939.87,924.75,936.43,160765.8
1763496000000,936.43,937.86,929.01,933.35,60019.87
1763510400000,933.35,941.85,925.31,932.83,138029.55
1763524800000,932.83,933.56,913.45,931.62,180940.03
1763539200000,931.62,934.87,919.62,922.07,112224.33
1763553600000,922.07,926.0,892.96,894.96,249826.43
1763568000000,894.97,899.94,872.03,878.68,322072.74
1763582400000,878.69,901.28,876.08,897.66,182125.95
1763596800000,897.65,916.0,893.65,910.56,179584.04
1763611200000,910.55,915.34,900.09,908.43,125721.84
1763625600000,908.43,909.55,897.3,902.94,98310.71
1763640000000,902.93,910.38,889.08,890.59,206154.62
1763654400000,890.69,891.32,868.5,880.76,391834.71
1763668800000,880.76,884.27,865.78,866.91,151939.96
1763683200000,866.91,878.06,856.26,863.91,217523.12
1763697600000,863.9,867.75,800.0,832.29,421790.61
1763712000000,832.3,840.74,805.77,809.72,443617.35
1763726400000,809.72,832.08,790.92,814.2,509149.88
1763740800000,814.2,837.0,808.35,826.13,296203.63
1763755200000,826.12,837.0,814.37,831.16,185529.62
1763769600000,831.16,843.42,830.66,837.04,151140.81
1763784000000,837.03,838.12,820.13,832.36,122026.4
1763798400000,832.36,833.65,814.17,826.16,194366.78
1763812800000,826.15,829.5,815.68,823.74,107832.9
1763827200000,823.73,834.99,823.24,833.47,77346.34
1763841600000,833.48,842.62,826.43,834.28,69958.49
1763856000000,834.29,850.59,833.72,847.33,121518.7
1763870400000,847.33,855.0,837.2,841.66,127642.63
1763884800000,841.67,847.38,839.08,842.99,60739.15
1763899200000,842.99,852.45,842.74,850.48,87884.48
1763913600000,850.47,853.7,843.66,850.25,73170.01
1763928000000,850.24,855.85,842.69,844.05,71575.24
1763942400000,844.05,853.71,836.46,850.05,185368.61
1763956800000,850.06,859.37,839.04,854.47,184548.36
1763971200000,854.47,857.27,841.03,843.12,116003.73
1763985600000,843.12,848.99,830.0,844.88,193497.37
1764000000000,844.88,871.95,844.6,869.35,205962.29
1764014400000,869.35,877.0,863.8,865.26,96711.03
1764028800000,865.25,867.58,857.01,861.21,91305.69
1764043200000,861.22,865.4,856.02,856.42,82705.09
1764057600000,856.41,860.17,847.0,850.91,117625.66
1764072000000,850.91,856.19,837.5,846.39,157010.36
1764086400000,846.39,862.2,845.51,855.53,118285.14
1764100800000,855.52,868.1,851.37,863.11,83237.9
1764115200000,863.1,870.34,859.33,860.56,77290.65
1764129600000,860.56,863.5,857.79,860.96,62912.66
1764144000000,860.96,861.41,853.0,858.15,96478.01
1764158400000,858.14,869.07,852.12,865.64,133445.35
1764172800000,865.63,897.85,865.49,897.2,217676.07
1764187200000,897.19,897.78,889.57,892.08,82768.49
1764201600000,892.07,905.12,889.81,895.95,124378.11
1764216000000,895.95,899.5,891.05,894.07,57031.64
1764230400000,894.06,896.24,890.04,892.78,73482.17
1764244800000,892.77,894.68,884.21,893.55,107292.46
1764259200000,893.56,899.12,890.5,896.85,49907.93
1764273600000,896.85,899.03,891.43,896.12,36350.62
1764288000000,896.1,900.41,889.58,893.09,89866.74
1764302400000,893.1,898.6,882.0,882.79,74178.55
1764316800000,882.78,898.99,882.78,892.19,113806.27
1764331200000,892.18,906.99,887.06,902.27,145968.79
1764345600000,902.28,902.46,876.16,886.37,183821.08
1764360000000,886.36,890.69,883.16,887.54,50323.04
1764374400000,887.55,889.41,883.68,884.43,38983.43
1764388800000,884.44,885.18,876.34,879.47,65653.9
1764403200000,879.48,882.75,877.91,878.91,42824.36
1764417600000,878.91,882.16,875.28,881.25,56198.35
1764432000000,881.25,882.13,868.55,873.42,74282.96
1764446400000,873.43,876.12,870.9,873.26,26318.49
1764460800000,873.27,879.14,869.65,875.93,43664.27
1764475200000,875.94,877.18,870.51,875.01,42783.11
1764489600000,875.0,879.94,874.57,877.01,51338.07
1764504000000,877.02,898.43,876.09,894.37,141927.96
1764518400000,894.36,900.35,893.21,895.35,66774.72
1764532800000,895.36,897.45,874.16,875.21,103214.6
1764547200000,875.21,877.23,827.08,829.16,368789.91
1764561600000,829.15,832.78,820.66,832.1,143775.48
1764576000000,832.1,833.0,822.91,824.48,106817.09
1764590400000,824.49,826.01,801.4,811.88,284074.9
1764604800000,811.9,818.83,808.46,814.72,125141.22
1764619200000,814.72,832.47,814.56,826.47,115751.84
1764633600000,826.46,833.95,820.2,828.12,115044.07
1764648000000,828.11,832.86,827.75,830.57,64599.47
1764662400000,830.56,845.2,824.98,843.2,129560.64
1764676800000,843.21,875.0,839.36,871.19,303488.3
1764691200000,871.2,885.5,865.69,882.88,200503.97
1764705600000,882.88,883.21,873.09,877.18,95707.47
1764720000000,877.18,889.92,874.0,888.12,104210.02
1764734400000,888.11,911.39,887.67,897.19,196607.62
1764748800000,897.18,902.11,894.13,899.44,84852.79
1764763200000,899.44,906.7,888.42,897.72,211908.22
1764777600000,897.72,908.74,893.38,907.64,110440.6
1764792000000,907.63,923.12,905.52,921.19,125908.18
1764806400000,921.19,928.88,915.41,917.27,155791.48
1764820800000,917.26,919.7,907.05,911.26,101616.93
1764835200000,911.27,913.59,907.5,909.37,57785.77
1764849600000,909.37,916.7,902.32,911.43,135079.91
1764864000000,911.43,912.93,887.06,899.04,152347.28
1764878400000,899.04,904.76,896.44,900.48,65870.66
1764892800000,900.47,907.62,899.86,902.32,63156.26
1764907200000,902.32,908.68,899.0,902.33,64517.61
1764921600000,902.33,902.94,890.01,894.58,96921.57
1764936000000,894.58,900.97,885.19,889.3,150237.84
1764950400000,889.3,890.03,870.52,884.18,209974.81
1764964800000,884.18,885.75,878.78,883.97,48906.84
1764979200000,883.98,888.73,881.59,887.91,42996.04
1764993600000,887.91,888.47,882.2,885.05,37510.52
1765008000000,885.05,885.48,878.22,883.84,51206.03
1765022400000,883.84,897.68,883.43,890.59,100315.61
1765036800000,890.6,898.28,888.19,889.67,66189.73
1765051200000,889.67,896.12,889.52,890.62,38923.87
1765065600000,890.61,898.43,890.15,898.24,35805.22
1765080000000,898.24,898.35,891.28,891.77,36519.71
1765094400000,891.77,893.7,887.13,888.26,53204.89
1765108800000,888.26,894.35,870.56,890.71,194138.83
1765123200000,890.72,906.38,887.09,904.38,145337.8
1765137600000,904.37,905.75,881.29,894.8,113890.57
1765152000000,894.81,910.5,891.66,902.64,89411.57
1765166400000,902.64,906.44,900.95,903.56,50750.76
1765180800000,903.56,913.25,903.05,906.48,67326.05
1765195200000,906.48,913.79,896.67,897.13,145733.61
1765209600000,897.12,901.22,889.13,895.13,99377.99
1765224000000,895.12,905.42,895.08,897.35,61950.69
1765238400000,897.36,900.0,888.23,894.45,64700.42
1765252800000,894.46,896.12,884.75,889.51,62700.45
1765267200000,889.51,889.57,884.0,887.4,55181.0
1765281600000,887.4,909.43,881.82,907.98,161292.15
1765296000000,907.98,928.55,907.92,914.89,245951.72
1765310400000,914.88,915.08,894.29,897.62,146843.9
1765324800000,897.62,899.23,887.54,890.56,107656.6
1765339200000,890.56,896.58,889.25,894.28,75874.4
1765353600000,894.27,896.18,884.26,886.55,91296.05
1765368000000,886.56,892.58,884.16,891.48,76230.97
1765382400000,891.48,905.67,889.81,902.54,156557.31
1765396800000,902.53,915.73,890.82,893.88,149761.97
1765411200000,893.88,895.21,861.69,868.29,214725.43
1765425600000,868.29,873.77,864.93,866.92,81314.97
1765440000000,866.92,868.88,862.26,866.39,53358.62
1765454400000,866.39,871.0,859.2,865.73,105641.99
1765468800000,865.72,881.51,860.97,876.08,99924.02
1765483200000,876.08,891.84,875.88,886.29,123170.62
1765497600000,886.29,896.51,880.33,892.78,77184.79
1765512000000,892.78,894.44,886.57,889.58,53320.28
1765526400000,889.57,889.63,883.92,886.29,52972.71
1765540800000,886.29,892.54,872.29,874.44,139700.25
1765555200000,874.44,882.35,870.73,877.47,113015.96
1765569600000,877.47,882.92,875.4,881.86,30109.45
1765584000000,881.87,887.96,880.61,887.9,44015.19
1765598400000,887.9,889.79,884.25,886.78,39808.12
1765612800000,886.78,894.6,886.25,892.7,54222.74
1765627200000,892.7,900.66,887.21,899.61,115134.88
1765641600000,899.6,904.92,891.64,894.11,88101.1
1765656000000,894.11,897.97,889.84,897.49,38830.65
1765670400000,897.49,900.21,894.6,896.08,46078.67
1765684800000,896.08,897.2,892.62,896.64,31713.13
1765699200000,896.64,899.01,884.45,889.24,83469.3
1765713600000,889.24,895.46,883.56,887.12,86506.34
1765728000000,887.1,889.16,881.13,883.61,53002.54
1765742400000,883.61,885.32,870.21,877.61,83633.2
1765756800000,877.6,896.05,876.55,889.62,104660.88
1765771200000,889.61,892.2,887.3,889.87,38240.68
1765785600000,889.88,893.92,887.57,888.23,41431.54
1765800000000,888.24,890.87,851.7,859.2,244314.0
1765814400000,859.19,860.0,840.76,850.03,181289.06
1765828800000,850.04,859.26,844.63,858.51,64954.26
1765843200000,858.51,858.7,850.54,855.57,66475.94
1765857600000,855.57,866.34,846.54,860.01,99579.41
1765872000000,860.01,866.54,857.44,866.09,75712.09
1765886400000,866.09,878.97,858.7,877.07,194860.2
1765900800000,877.08,877.2,866.66,870.77,68983.67
1765915200000,870.76,876.18,869.5,876.09,35762.29
1765929600000,876.09,876.34,862.34,863.81,63090.12
1765944000000,863.81,871.44,855.53,868.25,108689.2
1765958400000,868.25,868.25,855.71,860.18,128825.41
1765972800000,860.19,876.96,853.07,854.17,242274.02
1765987200000,854.15,858.32,833.4,840.93,217128.13
1766001600000,840.93,845.08,836.72,843.0,48487.75
1766016000000,843.0,846.77,833.08,836.76,94296.86
1766030400000,836.75,839.51,830.0,833.63,73945.88
1766044800000,833.62,841.72,832.66,839.64,63553.37
1766059200000,839.64,853.66,837.14,848.28,211909.71
1766073600000,848.28,848.95,818.27,820.43,220196.96
1766088000000,820.42,832.01,820.06,830.25,74303.04
1766102400000,830.25,842.07,822.42,837.77,118421.06
1766116800000,837.77,850.37,835.6,843.29,102972.06
1766131200000,843.28,849.76,842.33,849.34,62777.17
1766145600000,849.35,855.59,843.91,846.89,117538.15
1766160000000,846.89,858.36,843.86,856.64,99164.33
1766174400000,856.64,862.94,854.79,856.54,67900.56
1766188800000,856.54,860.08,852.78,858.76,35252.23
1766203200000,858.75,859.0,852.71,854.27,38028.14
1766217600000,854.28,856.88,851.42,854.02,31803.39
1766232000000,854.01,854.51,851.27,854.4,26883.81
1766246400000,854.41,855.09,852.98,853.42,17850.55
1766260800000,853.43,855.64,851.33,854.56,22819.88
1766275200000,854.55,855.72,847.11,850.71,44311.71
1766289600000,850.71,851.22,848.64,850.31,17772.64
1766304000000,850.31,860.29,849.4,857.36,69752.37
1766318400000,857.35,860.1,845.86,848.99,104096.94
1766332800000,848.99,857.14,846.71,856.17,48349.03
1766347200000,856.16,860.32,851.51,859.13,32274.34
1766361600000,859.13,868.61,851.16,856.41,95964.56
1766376000000,856.41,861.5,855.5,859.07,57330.07
1766390400000,859.08,868.78,858.86,866.01,136752.64
1766404800000,866.01,871.7,862.22,868.36,99008.73
1766419200000,868.37,869.77,857.38,858.04,72704.21
1766433600000,858.04,861.44,853.89,859.12,58164.51
1766448000000,859.13,861.86,852.6,857.48,48041.43
1766462400000,857.48,858.12,847.29,849.0,66048.46
1766476800000,848.99,853.52,848.2,853.22,35372.76
1766491200000,853.22,853.23,837.93,844.2,126152.4
1766505600000,844.2,850.44,839.02,841.48,81859.23
1766520000000,841.47,847.73,840.26,844.29,34480.77
1766534400000,844.29,847.75,836.32,840.95,53320.69
1766548800000,840.95,842.68,836.24,838.1,47019.22
1766563200000,838.11,839.67,835.35,838.08,38323.41
1766577600000,838.09,843.34,835.69,841.2,62170.21
1766592000000,841.2,849.68,840.12,848.11,66135.4
1766606400000,848.11,850.34,846.76,846.9,29750.61
1766620800000,846.89,848.31,844.25,845.35,31104.09
1766635200000,845.35,845.66,842.33,843.52,25922.6
1766649600000,843.52,844.8,835.35,837.73,59205.73
1766664000000,837.73,844.97,835.23,842.56,64019.32
1766678400000,842.56,843.17,839.84,841.53,34148.52
1766692800000,841.53,843.78,826.56,829.46,89200.24
1766707200000,829.46,844.97,828.1,840.99,115835.01
1766721600000,840.99,847.5,837.51,841.24,67471.04
1766736000000,841.23,843.69,839.05,839.5,37371.3
1766750400000,839.51,843.82,821.01,828.94,188039.34
1766764800000,828.95,834.81,827.97,832.95,58929.37
1766779200000,832.96,838.37,832.56,834.85,42209.95
1766793600000,834.86,836.75,834.41,836.49,28231.15
1766808000000,836.48,843.51,834.42,840.78,63422.44
1766822400000,840.78,844.0,837.48,841.47,110222.06
1766836800000,841.48,842.17,838.95,841.54,34707.77
1766851200000,841.54,842.33,839.88,841.37,22988.19
1766865600000,841.37,847.2,840.1,845.71,39318.93
1766880000000,845.7,846.32,838.92,842.02,35675.85
1766894400000,842.02,844.66,841.81,844.35,32306.98
1766908800000,844.35,857.69,844.35,855.21,99749.85
1766923200000,855.21,864.24,855.21,861.09,98291.94
1766937600000,861.08,867.84,859.39,860.27,102256.71
1766952000000,860.27,862.95,857.3,859.92,45633.61
1766966400000,859.92,872.75,859.25,869.52,111253.27
1766980800000,869.52,872.05,859.28,861.06,79900.48
1766995200000,861.05,862.4,847.72,853.38,125003.82
1767009600000,853.38,855.85,846.22,853.87,114915.01
1767024000000,853.87,855.81,850.2,853.47,67931.22
1767038400000,853.47,855.47,851.82,852.85,27410.66
1767052800000,852.85,853.96,849.17,853.05,44861.8
1767067200000,853.05,855.39,850.83,854.24,28569.44
1767081600000,854.25,860.32,854.24,855.38,58244.2
1767096000000,855.39,864.67,855.12,863.24,101193.27
1767110400000,863.25,863.64,858.0,860.44,45905.57
1767124800000,860.43,863.58,858.93,862.14,28918.42
1767139200000,862.14,863.63,858.1,859.66,38963.16
1767153600000,859.67,868.45,859.33,868.45,65497.98
1767168000000,868.45,869.85,865.53,869.58,65561.65
1767182400000,869.58,878.29,860.72,863.85,196137.91
1767196800000,863.84,865.18,858.0,864.68,73725.86
1767211200000,864.68,867.04,861.3,864.71,37926.98
1767225600000,864.71,875.0,864.23,869.67,84950.46
1767240000000,869.67,869.75,859.65,859.91,70145.11
1767254400000,859.91,862.49,859.18,861.89,41226.19
1767268800000,861.89,861.89,856.24,859.71,69371.69
1767283200000,859.71,861.81,857.41,861.81,43219.7
1767297600000,861.81,864.96,860.39,864.62,35830.55
1767312000000,864.62,867.64,859.78,866.2,69040.76
1767326400000,866.2,868.16,863.26,865.19,53004.16
1767340800000,865.19,874.94,865.18,869.94,95491.55
1767355200000,869.94,883.14,865.59,878.75,151857.75
1767369600000,878.76,891.8,878.16,881.2,138560.45
1767384000000,881.21,886.22,879.07,881.8,42318.36
1767398400000,881.79,884.91,875.5,879.67,72707.61
1767412800000,879.67,880.52,869.05,873.57,81515.98
1767427200000,873.57,876.2,872.15,874.62,40706.83
1767441600000,874.62,877.94,872.28,873.89,55496.11
1767456000000,873.88,877.73,873.8,876.89,30695.0
1767470400000,876.88,880.5,875.93,879.07,25589.34
1767484800000,879.08,884.3,878.92,883.63,63574.4
1767499200000,883.62,891.58,883.26,885.11,78038.62
1767513600000,885.11,888.11,882.84,885.39,39477.55
1767528000000,885.36,890.66,884.43,889.79,55095.88
1767542400000,889.79,903.77,889.78,893.26,146392.42
1767556800000,893.26,898.42,892.85,895.99,57984.86
1767571200000,895.98,907.65,895.2,900.49,110014.09
1767585600000,900.5,901.18,890.74,899.74,96163.22
1767600000000,899.74,909.8,896.05,909.59,75375.88
1767614400000,909.6,909.65,900.83,906.82,108374.57
1767628800000,906.81,914.86,901.7,911.64,99234.17
1767643200000,911.65,917.53,909.46,910.9,58565.97
1767657600000,910.9,912.2,905.23,908.57,65993.73
1767672000000,908.56,910.72,903.31,905.26,70086.57
1767686400000,905.27,915.65,904.9,913.66,69056.45
1767700800000,913.66,924.84,912.0,919.8,172904.57
1767715200000,919.8,921.44,892.03,901.58,205412.76
1767729600000,901.58,920.85,901.3,918.4,87790.01
1767744000000,918.4,919.78,905.06,910.32,83457.75
1767758400000,910.32,919.42,909.43,919.2,63189.44
1767772800000,919.2,920.97,908.71,911.05,172606.01
1767787200000,911.04,911.61,895.42,899.88,126386.03
1767801600000,899.89,902.48,892.72,897.61,69599.37
1767816000000,897.6,901.78,894.36,900.86,37774.05
1767830400000,900.85,905.36,892.81,894.02,77723.93
1767844800000,894.03,897.99,875.0,885.02,187941.83
1767859200000,885.03,888.0,879.24,886.74,94130.46
1767873600000,886.74,889.51,877.74,889.04,97022.85
1767888000000,889.04,891.93,885.84,888.54,56991.65
1767902400000,888.55,894.8,885.38,892.58,47062.62
1767916800000,892.58,896.8,888.12,896.01,58464.31
1767931200000,896.01,899.3,894.0,894.01,43394.8
1767945600000,894.01,894.8,886.28,889.83,73799.35
1767960000000,889.83,900.8,885.35,895.18,110957.62
1767974400000,895.17,901.6,891.33,893.78,82636.01
1767988800000,893.77,898.79,892.36,897.36,29581.52
1768003200000,897.35,908.8,897.22,907.96,93272.91
1768017600000,907.96,911.23,903.76,905.97,81405.37
1768032000000,905.97,907.04,899.33,900.94,83702.96
1768046400000,900.95,911.42,899.5,909.27,85446.32
1768060800000,909.27,916.41,907.31,914.66,91321.43
1768075200000,914.66,916.7,902.76,908.44,89974.56
1768089600000,908.45,914.6,904.79,913.87,61142.15
1768104000000,913.87,917.01,911.15,914.1,74406.99
1768118400000,914.11,918.0,912.2,912.64,56163.7
1768132800000,912.65,916.0,906.54,909.22,106172.17
1768147200000,909.21,911.72,903.71,904.9,72617.52
1768161600000,904.9,905.84,899.03,904.75,75496.94
1768176000000,904.75,910.93,897.06,905.5,150328.97
1768190400000,905.51,910.48,904.15,905.1,62064.79
1768204800000,905.1,908.75,898.66,901.75,87122.47
1768219200000,901.75,905.8,894.06,904.75,108424.12
1768233600000,904.75,909.78,900.41,908.32,108087.49
1768248000000,908.32,908.98,901.59,906.32,48195.55
1768262400000,906.32,908.48,902.69,906.99,63672.22
1768276800000,907.0,915.68,906.99,910.16,143034.43
1768291200000,910.17,912.14,907.94,908.41,223691.27
1768305600000,908.41,917.29,906.79,917.08,122558.54
1768320000000,917.08,946.42,917.02,942.27,291523.88
1768334400000,942.27,955.0,940.71,944.24,141899.04
1768348800000,944.25,955.65,944.04,950.77,92371.87
1768363200000,950.77,953.07,935.8,937.91,129682.89
1768377600000,937.92,939.47,928.88,929.37,90533.67
1768392000000,929.36,946.75,928.97,942.65,134522.86
1768406400000,942.64,948.28,938.57,944.51,102599.83
1768420800000,944.51,950.8,943.79,949.06,63915.3
1768435200000,949.06,949.46,929.47,932.41,119486.94
1768449600000,932.41,940.59,931.88,939.59,58972.72
1768464000000,939.6,943.67,938.2,938.74,58074.03
1768478400000,938.74,946.22,930.65,938.12,143824.52
1768492800000,938.11,943.14,925.27,928.47,116057.3
1768507200000,928.47,933.92,923.95,931.53,45479.07
1768521600000,931.53,934.21,929.53,929.8,42095.21
1768536000000,929.8,936.54,927.38,934.51,52845.1
1768550400000,934.51,938.96,932.39,935.74,41008.97
1768564800000,935.74,938.0,923.82,927.28,100702.77
1768579200000,927.27,932.75,926.7,931.7,45969.59
1768593600000,931.69,939.86,929.06,938.52,39994.85
1768608000000,938.54,939.53,935.84,938.07,32737.77
1768622400000,938.06,939.5,935.88,936.28,23627.01
1768636800000,936.27,945.14,936.05,943.28,52603.46
1768651200000,943.28,960.5,942.0,956.03,103365.78
1768665600000,956.02,956.79,949.6,953.07,68043.53
1768680000000,953.07,954.74,945.46,947.57,53472.54
1768694400000,947.57,951.56,943.5,950.97,58530.99
1768708800000,950.97,950.97,945.11,945.11,28097.29
1768723200000,945.11,947.75,944.11,947.11,39497.77
1768737600000,947.12,951.29,944.65,950.47,51381.3
1768752000000,950.47,953.83,949.06,950.08,37612.63
1768766400000,950.08,953.68,931.76,932.72,97535.28
1768780800000,932.73,932.73,900.67,925.17,327664.72
1768795200000,925.18,928.0,922.83,927.33,80742.67
1768809600000,927.34,929.98,924.44,928.15,73163.85
1768824000000,928.15,929.85,923.57,925.79,116416.36
1768838400000,925.78,929.62,925.38,927.1,33077.68
1768852800000,927.1,928.25,919.72,924.13,49929.68
1768867200000,924.12,933.6,923.88,927.88,93780.69
1768881600000,927.88,928.92,914.44,918.13,107633.46
1768896000000,918.13,918.23,909.02,913.19,86566.22
1768910400000,913.19,916.49,896.94,905.84,166417.65
1768924800000,905.84,908.92,887.01,896.11,141911.22
1768939200000,896.11,898.5,884.44,884.71,94900.17
1768953600000,884.71,884.71,867.57,881.99,169197.83
1768968000000,881.99,886.63,874.71,875.67,88623.37
1768982400000,875.66,876.36,870.0,870.81,92922.62
1768996800000,870.81,894.06,864.5,892.78,184601.81
1769011200000,892.78,893.04,865.86,890.07,189052.63
1769025600000,890.08,892.78,882.57,883.68,73832.74
1769040000000,883.69,894.63,883.68,891.6,56180.89
1769054400000,891.59,893.38,887.89,888.96,40385.36
1769068800000,888.96,897.78,888.96,893.16,59672.04
1769083200000,893.16,895.49,878.52,883.32,95903.95
1769097600000,883.32,889.32,882.19,888.73,47723.31
1769112000000,888.73,892.5,885.74,888.45,38494.33
1769126400000,888.45,892.67,888.0,891.97,36825.8
1769140800000,891.98,893.82,889.5,891.7,32008.81
1769155200000,891.71,892.17,886.1,887.89,42707.85
1769169600000,887.88,893.08,883.47,892.58,74034.56
1769184000000,892.58,905.78,891.0,894.42,117628.49
1769198400000,894.44,895.67,889.09,892.1,33120.13
1769212800000,892.09,894.68,889.78,893.36,36615.03
1769227200000,893.35,894.66,891.85,892.52,18425.73
1769241600000,892.52,894.46,891.69,893.11,20957.56
1769256000000,893.1,893.27,889.17,889.21,28097.8
1769270400000,889.2,890.84,886.91,888.58,26876.48
1769284800000,888.59,890.11,887.37,887.65,12244.52
1769299200000,887.65,888.08,880.35,881.63,39135.98
1769313600000,881.63,884.08,879.76,880.0,27192.07
1769328000000,880.0,883.78,877.54,880.93,36692.55
1769342400000,880.93,882.0,877.02,878.05,35135.49
1769356800000,878.05,878.11,856.03,859.28,161830.19
1769371200000,859.28,867.25,856.14,866.63,74983.43
1769385600000,866.64,876.52,865.45,868.7,77024.44
1769400000000,868.7,875.31,868.49,875.08,34850.28
1769414400000,875.09,878.5,869.78,873.51,46176.24
1769428800000,873.51,878.88,870.01,872.52,76817.16
1769443200000,872.53,879.74,869.0,874.85,68022.62
1769457600000,874.85,882.0,872.14,879.94,40661.9
1769472000000,879.94,886.39,876.69,885.17,49955.99
1769486400000,885.18,888.55,882.63,884.01,41414.99
1769500800000,884.01,885.64,877.23,880.8,48647.11
1769515200000,880.79,886.69,879.79,886.19,63594.22
1769529600000,886.19,898.44,885.2,892.51,125759.35
1769544000000,892.51,901.8,892.11,898.86,58361.63
1769558400000,898.85,901.58,895.0,897.41,42938.41
1769572800000,897.4,905.3,895.8,903.78,52513.05
1769587200000,903.78,909.98,902.79,908.17,60777.65
1769601600000,908.17,908.75,897.45,903.25,69676.15
1769616000000,903.25,907.72,898.35,904.57,61903.21
1769630400000,904.57,908.1,900.33,903.46,37911.32
1769644800000,903.46,905.37,893.71,897.09,76168.83
1769659200000,897.09,907.11,895.73,905.14,66569.99
1769673600000,905.13,905.95,893.75,894.73,170184.62
1769688000000,894.73,895.05,857.01,864.34,256177.49
1769702400000,864.35,870.65,853.11,860.52,200280.01
1769716800000,860.53,869.62,859.7,868.9,64096.5
1769731200000,868.91,869.98,835.26,845.79,228077.32
1769745600000,845.78,854.59,836.25,847.49,110671.18
1769760000000,847.5,848.18,833.01,842.84,116007.65
1769774400000,842.83,856.24,836.3,850.18,174250.75
1769788800000,850.17,856.19,832.0,854.52,155821.67
1769803200000,854.53,862.57,846.57,859.11,116399.15
1769817600000,859.11,861.11,852.05,853.32,63046.4
1769832000000,853.32,854.8,845.99,847.97,48835.5
1769846400000,847.98,848.0,832.8,837.04,94033.85
1769860800000,837.03,837.69,801.72,803.19,279222.47
1769875200000,803.2,810.38,749.21,771.15,593609.11
1769889600000,771.15,785.89,766.01,781.33,166515.69
1769904000000,781.33,789.67,779.01,783.64,112972.66
1769918400000,783.64,785.18,774.0,778.32,93249.87
1769932800000,778.31,782.94,768.4,774.23,115627.74
1769947200000,774.23,774.29,742.53,749.99,306049.04
1769961600000,749.98,766.83,745.76,757.15,219850.61
1769976000000,757.15,766.45,739.63,758.69,226827.02
1769990400000,758.7,770.75,728.54,751.93,329780.52
1770004800000,751.97,760.83,728.53,752.72,330813.9
1770019200000,752.71,767.72,752.67,762.76,132416.74
1770033600000,762.76,781.22,761.7,777.83,191797.89
1770048000000,777.83,781.69,769.88,770.41,102083.11
1770062400000,770.4,777.12,767.57,774.22,69591.77
1770076800000,774.22,775.37,762.69,772.47,99603.21
1770091200000,772.47,783.78,770.92,782.2,90636.95
1770105600000,782.2,782.96,765.29,768.84,127966.44
1770120000000,768.85,778.56,764.0,776.96,142208.74
1770134400000,776.96,777.0,736.28,758.19,362443.08
1770148800000,758.18,775.97,752.44,755.16,186123.2
1770163200000,755.16,764.71,751.86,762.13,91327.96
1770177600000,762.13,765.9,754.56,764.66,63716.9
1770192000000,764.65,764.68,747.52,750.75,97388.15
1770206400000,750.76,752.78,727.16,733.94,353251.68
1770220800000,733.95,736.59,707.06,718.28,405455.05
1770235200000,718.28,719.23,687.21,697.49,266260.76
1770249600000,697.48,703.25,691.1,694.27,232031.24
1770264000000,694.27,700.4,685.82,691.54,244865.2
1770278400000,691.55,700.49,674.51,683.61,250709.15
1770292800000,683.62,688.8,646.58,658.72,606828.21
1770307200000,658.73,674.35,634.04,641.62,495975.64
1770321600000,641.63,645.55,602.3,608.55,807632.46
1770336000000,608.54,636.08,572.0,615.58,867561.53
1770350400000,615.58,642.72,613.52,623.14,323671.75
1770364800000,623.13,638.69,616.86,636.1,217414.65
1770379200000,636.1,654.79,632.38,651.32,295709.66
1770393600000,651.28,669.51,648.7,658.63,329317.34
1770408000000,658.62,668.49,654.85,657.0,149026.61
1770422400000,656.99,661.75,650.0,659.12,110659.39
1770436800000,659.12,663.91,632.15,638.58,215657.91
1770451200000,638.57,641.61,631.0,635.74,116484.88
1770465600000,635.74,647.11,633.82,642.29,155169.54
1770480000000,642.3,655.53,639.1,650.37,283305.63
1770494400000,650.38,654.1,644.0,647.07,51705.19
1770508800000,647.08,651.34,642.46,642.83,67636.36
1770523200000,642.83,644.91,639.0,643.04,66654.6
1770537600000,643.04,650.91,637.27,645.52,149974.51
1770552000000,645.52,648.23,640.82,643.59,119870.07
1770566400000,643.58,649.67,631.95,648.51,108239.81
1770580800000,648.52,653.13,636.17,639.86,96500.89
1770595200000,639.85,646.31,633.54,645.0,116334.96
1770609600000,644.99,645.39,630.85,631.85,96325.97
1770624000000,631.85,633.51,615.97,621.78,183581.19
1770638400000,621.78,632.57,621.56,630.96,164159.59
1770652800000,630.95,643.5,627.02,642.57,139970.91
1770667200000,642.56,644.13,633.3,636.42,76376.82
1770681600000,636.43,641.89,630.0,633.18,81589.72
1770696000000,633.18,639.63,628.03,631.64,107861.7
1770710400000,631.64,635.24,625.0,626.11,110557.53
1770724800000,626.11,628.65,613.35,619.0,188957.76
1770739200000,619.0,625.33,613.5,616.81,121795.64
1770753600000,616.81,620.25,614.0,619.48,52535.74
1770768000000,619.47,624.0,615.12,617.36,73752.99
1770782400000,617.35,618.49,597.21,600.42,222198.44
1770796800000,600.43,601.9,587.03,592.59,191365.01
1770811200000,592.58,611.68,588.35,593.48,350509.45
1770825600000,593.48,613.65,591.86,610.5,221566.26
1770840000000,610.49,618.12,604.37,608.19,112390.59
1770854400000,608.19,617.35,608.19,616.66,77969.88
1770868800000,616.67,618.32,611.38,615.29,79532.02
1770883200000,615.3,620.79,610.53,617.59,103403.5
1770897600000,617.6,618.2,607.46,608.93,151169.59
1770912000000,608.94,612.32,600.42,608.04,161558.42
1770926400000,608.04,615.71,603.72,614.36,74691.37
1770940800000,614.36,616.67,607.64,609.01,105712.11
1770955200000,609.01,609.67,592.3,598.09,148961.88
1770969600000,598.09,604.3,597.6,601.48,102722.63
1770984000000,601.48,615.49,595.23,610.16,306020.72
1770998400000,610.15,621.31,608.95,618.08,168414.52
1771012800000,618.08,622.99,615.56,618.99,89643.38
1771027200000,619.0,625.66,616.91,617.8,90180.13
1771041600000,617.8,622.57,615.76,622.37,60394.51
1771056000000,622.38,633.82,622.15,633.45,117906.59
1771070400000,633.45,637.56,626.75,634.84,141010.58
1771084800000,634.83,634.84,629.33,633.04,75598.41
1771099200000,633.03,634.83,628.5,632.88,76512.75
1771113600000,632.88,634.14,627.14,633.73,104692.17
1771128000000,633.72,642.7,633.72,639.95,100538.18
1771142400000,639.96,641.34,626.07,629.28,131484.92
1771156800000,629.29,630.05,615.51,621.57,185305.85
1771171200000,621.57,621.57,608.77,611.76,139915.5
1771185600000,611.75,617.41,609.85,615.16,64867.12
1771200000000,615.17,618.31,611.18,613.29,58569.38
1771214400000,613.29,618.75,610.05,613.16,63351.41
1771228800000,613.17,619.87,612.49,618.52,79890.12
1771243200000,618.51,631.29,604.2,607.31,295301.08
1771257600000,607.31,618.27,607.0,616.6,88910.04
1771272000000,616.6,628.38,615.81,627.15,90354.99
1771286400000,627.16,632.0,621.31,627.13,104985.31
1771300800000,627.13,628.44,620.38,622.99,73377.75
1771315200000,622.99,624.1,615.23,618.41,69945.29
1771329600000,618.41,626.31,609.21,615.27,168734.85
1771344000000,615.26,624.37,612.16,620.2,124382.7
1771358400000,620.19,620.96,615.88,617.73,41713.5
1771372800000,617.74,619.64,613.18,618.84,55720.28
1771387200000,618.84,621.38,614.72,620.9,59683.08
1771401600000,620.9,626.88,613.5,614.17,115047.75
1771416000000,614.17,623.2,607.53,618.16,169196.38
1771430400000,618.17,620.58,600.88,602.84,177171.52
1771444800000,602.85,606.18,601.54,604.43,73162.64
1771459200000,604.43,607.87,602.46,607.54,65634.32
1771473600000,607.55,614.62,606.3,610.59,74671.64
1771488000000,610.59,610.68,603.29,603.87,85706.74
1771502400000,603.86,606.12,595.26,600.0,178937.64
1771516800000,600.0,606.7,595.79,604.36,128959.18
1771531200000,604.37,609.18,602.8,607.56,59379.45
1771545600000,607.57,610.45,606.0,607.75,60047.23
1771560000000,607.75,613.85,605.05,611.95,70330.06
1771574400000,611.96,615.35,607.62,608.5,83343.96
1771588800000,608.51,618.37,601.0,616.93,200897.45
1771603200000,616.93,628.52,616.08,626.39,177423.57
1771617600000,626.39,629.95,625.07,626.09,70559.99
1771632000000,626.08,628.96,624.26,625.5,65741.93
1771646400000,625.49,628.29,625.0,626.12,47887.73
1771660800000,626.12,631.82,625.94,630.42,69136.39
1771675200000,630.42,635.12,627.63,627.95,101390.25
1771689600000,627.95,629.81,624.28,627.22,73026.74
1771704000000,627.21,627.89,624.38,625.82,44673.29
1771718400000,625.83,627.2,621.0,621.57,62755.53
1771732800000,621.57,623.87,618.85,622.6,61837.64
1771747200000,622.61,625.0,621.28,624.67,38528.71
1771761600000,624.68,624.74,613.66,616.06,110357.85
1771776000000,616.06,616.34,610.1,612.62,70239.15
1771790400000,612.62,616.36,611.03,614.97,45398.33
1771804800000,614.97,616.16,582.77,589.77,359949.82
1771819200000,589.77,599.56,585.76,598.91,138343.62
1771833600000,598.9,610.5,596.13,606.44,147431.88
1771848000000,606.45,612.45,604.37,604.7,152703.1
1771862400000,604.69,606.34,591.45,592.19,190287.97
1771876800000,592.18,598.61,590.09,596.22,97943.79
1771891200000,596.22,602.75,589.53,593.15,204595.16
1771905600000,593.15,594.0,585.86,589.47,138311.54
1771920000000,589.48,592.71,585.65,586.79,78400.55
1771934400000,586.79,588.18,576.61,585.8,229269.52
1771948800000,585.79,590.0,583.51,588.37,120897.74
1771963200000,588.38,590.21,582.18,583.4,70605.06
1771977600000,583.41,601.99,581.2,593.88,212944.04
1771992000000,593.89,596.44,589.55,595.9,108593.52
1772006400000,595.91,605.35,595.55,604.94,109536.68
1772020800000,604.93,623.48,604.51,621.54,229999.08
1772035200000,621.54,634.53,621.14,632.45,209105.71
1772049600000,632.45,641.12,624.57,629.81,187253.68
1772064000000,629.81,634.27,625.77,628.25,120992.01
1772078400000,628.25,632.86,625.63,625.98,72411.54
1772092800000,625.99,630.66,623.08,623.21,92726.57
1772107200000,623.21,628.82,618.91,623.57,153611.78
1772121600000,623.56,625.65,614.43,624.75,158383.72
1772136000000,624.74,627.19,621.05,626.03,49751.6
1772150400000,626.02,630.59,622.68,629.43,83087.11
1772164800000,629.44,634.0,625.11,627.35,105245.04
1772179200000,627.35,630.21,613.18,614.86,132528.43
1772193600000,614.86,617.06,609.45,614.39,139961.96
1772208000000,614.39,614.73,606.71,609.78,98511.17
1772222400000,609.78,614.4,605.34,614.03,62569.3
1772236800000,614.03,615.66,612.18,614.89,48569.6
1772251200000,614.89,615.35,590.51,597.29,233236.28
1772265600000,597.29,598.36,588.39,594.38,172673.25
1772280000000,594.39,605.67,593.84,603.86,200086.5
1772294400000,603.86,614.68,601.0,613.06,135433.79
1772308800000,613.06,621.6,611.85,617.14,116763.12
1772323200000,617.13,632.34,614.56,628.76,178494.79
1772337600000,628.77,631.61,623.28,625.68,109151.92
1772352000000,625.67,626.72,619.05,623.16,94818.58
1772366400000,623.15,630.2,620.08,626.96,120093.96
1772380800000,626.98,629.93,617.5,619.99,142641.61
1772395200000,619.98,621.18,611.13,618.2,182692.51
1772409600000,618.2,625.97,614.65,624.74,119002.82
1772424000000,624.74,625.95,613.18,616.75,76945.2
1772438400000,616.76,623.25,613.02,622.27,89955.95
1772452800000,622.27,650.09,619.0,646.65,318334.52
1772467200000,646.65,653.44,636.31,636.77,201643.22
1772481600000,636.77,640.86,632.61,637.81,120246.23
1772496000000,637.8,642.41,633.38,635.49,98910.44
1772510400000,635.49,638.32,628.6,633.39,116988.34
1772524800000,633.39,634.22,620.66,626.21,180801.59
1772539200000,626.21,631.65,620.6,630.2,147249.98
1772553600000,630.2,638.71,628.4,632.86,142089.86
1772568000000,632.86,636.85,628.2,633.45,71995.17
1772582400000,633.45,636.62,626.0,629.14,92817.12
1772596800000,629.14,641.0,627.08,640.02,89713.09
1772611200000,640.02,655.0,638.86,650.51,251810.58
1772625600000,650.5,662.42,646.12,661.38,234812.46
1772640000000,661.38,666.43,655.31,662.69,146139.27
1772654400000,662.7,663.2,656.75,658.08,84870.89
1772668800000,658.09,661.14,652.34,654.4,87755.43
1772683200000,654.41,657.63,648.69,650.45,87954.56
1772697600000,650.45,665.64,649.68,659.3,112585.96
1772712000000,659.31,661.04,648.26,653.08,163438.56
1772726400000,653.07,654.68,646.27,648.7,116705.95
1772740800000,648.7,652.44,646.49,648.01,53205.84
1772755200000,648.01,651.78,645.53,649.81,64369.65
1772769600000,649.81,650.0,641.12,646.78,84577.09
1772784000000,646.79,646.99,637.06,637.31,79013.56
1772798400000,637.3,640.69,624.51,627.7,197337.14
1772812800000,627.69,632.83,625.8,630.55,83837.56
1772827200000,630.56,631.4,626.85,627.24,63809.13
1772841600000,627.24,629.65,626.21,626.95,33042.79
1772856000000,626.94,628.46,624.55,627.6,38517.0
1772870400000,627.6,629.97,626.25,627.68,38447.64
1772884800000,627.68,628.1,623.43,625.02,74390.63
1772899200000,625.03,625.05,618.11,619.68,62681.25
1772913600000,619.68,622.41,617.6,620.24,38921.81
1772928000000,620.25,621.96,615.2,616.83,53842.33
1772942400000,616.84,622.23,614.04,619.77,47541.64
1772956800000,619.77,624.07,617.75,620.13,61352.12
1772971200000,620.13,621.05,612.81,615.9,87252.98
1772985600000,615.89,619.73,611.49,618.87,64325.68
1773000000000,618.87,619.93,607.56,611.7,103700.63
1773014400000,611.71,628.27,610.76,623.34,136837.94
1773028800000,623.35,630.07,618.2,621.78,129918.29
1773043200000,621.8,630.43,621.58,627.42,95671.91
1773057600000,627.42,640.4,627.42,639.3,160847.18
1773072000000,639.3,643.4,634.17,638.26,132486.11
1773086400000,638.26,640.83,633.6,634.52,58869.51
1773100800000,634.51,646.0,634.36,639.69,107763.09
1773115200000,639.7,646.94,639.35,644.41,71043.71
1773129600000,644.41,648.93,643.96,645.39,85244.24
1773144000000,645.39,652.24,638.11,649.27,163260.2
1773158400000,649.27,652.44,639.85,641.7,102866.78
1773172800000,641.69,645.21,639.41,641.89,59423.26
1773187200000,641.89,644.29,638.58,639.73,66722.38
1773201600000,639.74,644.84,637.56,640.43,81221.05
1773216000000,640.43,643.95,634.2,638.1,175345.7
1773230400000,638.1,652.29,636.71,645.93,176492.77
1773244800000,645.93,655.91,645.29,653.23,120305.94
1773259200000,653.23,656.66,650.45,651.73,52090.61
1773273600000,651.73,652.47,642.09,643.3,89844.42
1773288000000,643.31,646.92,641.69,645.7,56501.98
1773302400000,645.69,654.09,645.51,652.34,78149.16
1773316800000,652.33,657.93,645.56,650.3,165009.36
1773331200000,650.3,652.74,646.57,651.17,71157.27
1773345600000,651.17,655.22,649.16,651.97,50323.85
1773360000000,651.96,664.07,650.62,661.73,142393.22
1773374400000,661.73,664.56,658.81,661.38,78242.0
1773388800000,661.38,668.75,660.71,666.76,153655.51
1773403200000,666.77,679.59,661.44,662.39,278655.25
1773417600000,662.39,664.7,652.91,657.34,176959.21
1773432000000,657.35,658.85,653.63,655.75,63090.25
1773446400000,655.74,657.22,652.55,656.88,51201.93
1773460800000,656.88,658.39,650.89,652.22,49932.34
1773475200000,652.23,653.89,649.97,653.46,39067.62
1773489600000,653.46,654.9,651.75,653.3,39134.5
1773504000000,653.3,654.52,652.13,653.57,25071.48
1773518400000,653.58,657.95,652.98,657.61,31270.82
1773532800000,657.61,661.24,654.32,658.9,50117.61
1773547200000,658.91,660.98,657.63,659.94,40229.77
1773561600000,659.94,666.63,659.66,661.63,73352.84
1773576000000,661.64,662.57,656.64,659.68,79597.74
1773590400000,659.67,663.18,658.03,660.38,42456.48
1773604800000,660.37,679.55,659.62,674.12,172418.22
1773619200000,674.12,686.42,670.5,680.74,128713.6
1773633600000,680.75,687.86,677.33,678.48,133676.72
1773648000000,678.49,681.36,674.0,677.37,95062.99
1773662400000,677.37,683.7,670.17,671.72,193153.46
1773676800000,671.72,681.51,671.32,678.51,97172.39
1773691200000,678.5,684.78,673.71,679.7,105136.9
1773705600000,679.7,686.6,675.05,676.13,141034.51
1773720000000,676.13,677.46,671.9,674.19,86288.7
1773734400000,674.19,677.04,667.3,667.57,130361.24
1773748800000,667.58,673.17,663.2,668.35,140509.98
1773763200000,668.35,674.64,667.57,671.71,53508.41
1773777600000,671.71,674.29,667.81,668.51,39530.2
1773792000000,668.51,675.13,665.45,673.18,61577.48
1773806400000,673.18,674.87,669.77,673.73,66056.43
1773820800000,673.72,676.28,661.25,662.67,115300.79
1773835200000,662.66,662.66,644.46,648.21,212728.95
1773849600000,648.2,652.62,644.9,647.66,118658.84
1773864000000,647.67,652.61,643.78,651.87,65913.05
1773878400000,651.86,656.18,648.56,652.23,68591.5
1773892800000,652.22,652.43,640.39,644.91,99207.51
1773907200000,644.9,648.63,643.33,643.83,65165.25
1773921600000,643.82,643.82,634.17,637.6,133669.9
1773936000000,637.61,642.14,633.0,639.79,126101.01
1773950400000,639.79,643.67,637.91,638.82,54320.08
1773964800000,638.83,644.68,638.14,643.92,60657.03
1773979200000,643.91,645.59,639.31,643.69,62472.35
1773993600000,643.68,647.33,640.01,641.32,70544.82
1774008000000,641.33,643.02,636.31,640.17,137364.26
1774022400000,640.16,641.68,636.1,640.08,62280.12
1774036800000,640.08,644.41,637.46,642.0,45279.77
1774051200000,642.0,643.09,640.02,642.15,26519.49
1774065600000,642.15,644.21,641.66,642.98,26275.71
1774080000000,642.97,644.27,641.99,643.65,27256.61
1774094400000,643.65,646.35,641.23,642.79,46275.07
1774108800000,642.78,643.32,640.53,641.43,25941.64
1774123200000,641.43,642.61,627.32,630.29,80860.89
1774137600000,630.29,637.51,622.0,634.52,133058.64
1774152000000,634.52,636.31,631.55,631.77,96785.42
1774166400000,631.78,631.84,627.13,627.5,56204.83
1774180800000,627.5,631.41,627.49,629.4,47161.96
1774195200000,629.39,631.89,626.1,627.14,72713.78
1774209600000,627.14,631.01,621.56,626.08,81394.09
1774224000000,626.08,630.54,621.75,626.24,72995.06
1774238400000,626.25,631.79,620.0,623.95,91904.59
1774252800000,623.96,650.68,621.07,638.17,342816.6
1774267200000,638.16,649.43,635.52,637.35,219024.55
1774281600000,637.35,640.93,632.84,637.86,141953.58
1774296000000,637.85,641.42,636.4,639.3,45818.06
1774310400000,639.3,640.39,632.01,632.7,71751.4
1774324800000,632.7,638.57,627.13,637.92,83112.32
1774339200000,637.9,639.93,633.92,638.87,67672.4
1774353600000,638.86,639.35,627.1,630.86,137746.16
1774368000000,630.85,632.38,626.66,630.11,78295.07
1774382400000,630.1,639.87,629.63,638.31,69410.21
1774396800000,638.31,643.02,637.39,642.21,67195.46
1774411200000,642.2,647.2,641.5,643.7,67387.33
1774425600000,643.7,651.24,643.61,648.57,116978.36
1774440000000,648.57,653.18,642.0,645.79,120999.54
1774454400000,645.79,651.36,644.26,646.27,77211.81
1774468800000,646.28,650.44,644.28,647.85,39497.37
1774483200000,647.84,648.75,641.43,643.08,47457.94
1774497600000,643.1,643.43,633.37,635.39,97127.17
1774512000000,635.39,635.44,628.0,629.09,95056.07
1774526400000,629.09,632.58,625.0,626.79,87122.58
1774540800000,626.78,628.76,622.63,625.35,73682.51
1774555200000,625.35,631.34,625.0,628.75,65982.07
1774569600000,628.75,631.85,627.26,628.29,40487.2
1774584000000,628.28,629.88,624.73,628.32,53568.75
1774598400000,628.33,628.96,606.69,610.66,230427.36
1774612800000,610.66,613.78,605.48,610.33,131107.22
1774627200000,610.33,611.67,606.37,609.8,70697.79
1774641600000,609.8,614.16,608.42,613.72,42491.8
1774656000000,613.72,613.91,609.73,611.06,43321.91
1774670400000,611.06,614.28,610.33,613.81,34077.37
1774684800000,613.82,614.12,610.3,612.67,35780.6
1774699200000,612.66,618.8,611.39,617.04,86400.76
1774713600000,617.04,617.45,615.23,616.49,27819.95
1774728000000,616.49,617.99,610.27,610.9,56078.67
1774742400000,610.9,615.1,609.63,613.79,41516.63
1774756800000,613.8,614.49,611.68,613.35,28400.92
1774771200000,613.35,614.46,610.88,613.37,38312.14
1774785600000,613.37,613.51,607.28,609.4,60675.01
1774800000000,609.41,610.94,607.42,609.02,28482.77
1774814400000,609.01,612.11,596.01,605.86,130217.54
1774828800000,605.88,619.08,604.81,615.62,119293.43
1774843200000,615.63,619.16,615.25,618.24,66459.99
1774857600000,618.23,621.75,616.43,618.03,102342.02
1774872000000,618.03,621.21,613.62,618.72,102248.41
1774886400000,618.72,618.95,608.26,610.74,77170.84
1774900800000,610.74,613.9,607.22,609.42,71828.79
1774915200000,609.42,619.9,608.34,613.69,97991.42
1774929600000,613.69,614.67,609.31,611.14,55763.91
1774944000000,611.14,611.32,598.6,605.14,154403.36
1774958400000,605.15,616.04,604.11,608.02,176398.21
1774972800000,608.02,620.0,607.94,616.03,134394.77
1774987200000,616.03,620.03,615.28,617.64,64419.18
1775001600000,617.64,620.2,614.07,617.14,65043.44
1775016000000,617.15,622.66,615.3,616.71,121233.52
1775030400000,616.7,618.04,614.14,615.76,66653.71
1775044800000,615.76,618.48,610.21,615.25,100363.46
1775059200000,615.26,619.98,611.82,614.23,87926.14
1775073600000,614.22,616.4,609.62,611.18,64247.03
1775088000000,611.18,613.98,591.99,592.3,190501.84
1775102400000,592.3,592.88,587.56,592.06,132567.78
1775116800000,592.07,592.07,577.4,581.44,167878.36
1775131200000,581.44,581.67,570.71,574.35,275064.35
1775145600000,574.35,583.98,574.01,583.67,143202.63
1775160000000,583.67,585.25,581.54,583.8,68447.77
1775174400000,583.81,587.43,582.07,586.11,80093.09
1775188800000,586.12,589.27,585.08,586.64,63343.57
1775203200000,586.64,588.52,583.24,587.42,77818.63
1775217600000,587.42,590.47,584.1,587.16,88024.47
1775232000000,587.17,589.42,586.69,588.74,36500.77
1775246400000,588.74,589.41,587.05,588.4,32760.2
1775260800000,588.4,589.38,587.31,589.25,28984.63
1775275200000,589.25,592.39,588.37,590.27,44927.01
1775289600000,590.27,591.88,589.22,589.65,41200.61
1775304000000,589.65,592.17,588.1,591.37,56446.47
1775318400000,591.37,596.89,590.68,593.68,64219.98
1775332800000,593.67,595.41,592.87,593.62,28576.75
1775347200000,593.62,594.27,591.46,593.75,40557.87
1775361600000,593.75,594.29,587.83,590.61,73821.62
1775376000000,590.61,595.54,590.28,594.24,53191.31
1775390400000,594.24,596.69,587.27,593.38,105713.99
1775404800000,593.38,593.93,591.8,592.65,38213.54
1775419200000,592.64,604.29,590.7,601.81,125184.02
1775433600000,601.82,608.14,600.39,600.9,121747.66
1775448000000,600.91,604.69,598.86,604.04,92597.83
1775462400000,604.04,610.8,604.03,605.81,84253.31
1775476800000,605.82,609.13,604.54,608.8,71153.66
1775491200000,608.8,609.37,603.27,607.13,60956.12
1775505600000,607.14,608.39,596.33,600.45,79191.69
1775520000000,600.45,601.69,596.69,599.27,58767.19
1775534400000,599.28,602.11,596.93,599.38,41319.26
1775548800000,599.37,606.69,596.53,597.23,136637.76
1775563200000,597.24,600.27,592.22,598.74,126319.31
1775577600000,598.74,609.34,598.72,608.77,91993.74
1775592000000,608.78,625.38,607.59,620.61,220956.19
1775606400000,620.61,622.0,613.24,613.77,101345.2
1775620800000,613.77,617.78,612.43,613.72,76474.53
1775635200000,613.71,614.89,611.21,613.19,63381.02
1775649600000,613.19,616.26,601.46,605.63,182352.64
1775664000000,605.64,608.09,603.12,604.63,56476.17
1775678400000,604.63,607.76,600.02,601.41,59450.87
1775692800000,601.45,603.37,597.14,600.47,85305.03
1775707200000,600.47,601.54,599.0,600.34,39941.64
1775721600000,600.35,603.49,599.59,602.84,59922.82
1775736000000,602.84,607.8,598.6,606.49,109692.86
1775750400000,606.49,609.83,603.97,609.0,93463.33
1775764800000,609.01,612.65,602.33,603.39,77153.56
1775779200000,603.39,605.77,600.1,601.51,56290.11
1775793600000,601.51,603.0,599.35,599.61,45683.83
1775808000000,599.62,603.7,597.78,602.77,56488.89
1775822400000,602.77,609.2,601.37,603.82,108329.75
1775836800000,603.83,610.42,603.75,609.98,51946.27
1775851200000,609.98,610.75,605.7,605.95,43497.98
1775865600000,605.95,608.17,603.72,607.15,50087.47
1775880000000,607.14,607.95,604.68,606.37,33832.01
1775894400000,606.38,607.63,604.74,605.76,41402.41
1775908800000,605.76,607.28,604.1,606.0,37625.45
1775923200000,606.01,614.57,605.96,613.36,84937.2
1775937600000,613.36,613.44,606.19,607.52,56858.34
1775952000000,607.52,607.89,590.23,595.76,160231.47
1775966400000,595.76,596.2,593.09,594.31,48194.27
1775980800000,594.31,595.73,593.0,595.49,43690.67
1775995200000,595.49,596.0,589.17,591.81,79033.92
1776009600000,591.8,593.6,591.08,592.57,36453.61
1776024000000,592.57,597.28,591.18,592.42,81599.79
1776038400000,592.41,598.28,591.75,594.99,54144.58
1776052800000,595.0,600.15,594.88,597.58,62659.27
1776067200000,597.57,598.99,595.42,597.34,48282.58
1776081600000,597.34,605.41,595.78,603.8,140216.26
1776096000000,603.8,609.63,602.48,608.96,121023.92
1776110400000,608.96,618.4,607.55,615.19,145313.06
1776124800000,615.19,616.5,610.81,616.44,87821.72
1776139200000,616.45,616.5,612.17,613.98,56696.54
1776153600000,613.99,619.8,613.81,616.85,88118.57
1776168000000,616.84,625.74,615.51,623.9,186107.21
1776182400000,623.9,625.67,612.13,614.37,130243.05
1776196800000,614.38,617.58,613.48,614.16,46111.32
1776211200000,614.17,620.36,614.16,616.5,71275.78
1776225600000,616.5,617.58,611.02,611.92,70364.84
1776240000000,611.93,621.21,610.84,620.15,82311.67
1776254400000,620.16,620.84,616.26,619.45,74176.61
1776268800000,619.44,628.19,618.95,625.85,85319.98
1776283200000,625.84,627.33,621.82,623.08,61809.34
1776297600000,623.08,626.68,621.02,624.61,51691.97
1776312000000,624.6,626.44,622.14,622.98,57648.31
1776326400000,622.98,624.17,619.09,621.23,81598.49
1776340800000,621.23,626.83,615.09,625.13,146405.12
1776355200000,625.14,638.02,623.86,636.92,191101.85
1776369600000,636.93,637.89,632.19,636.15,63939.77
1776384000000,636.15,636.94,628.61,629.64,72713.27
1776398400000,629.65,630.56,627.02,627.65,60014.16
1776412800000,627.65,635.36,627.18,632.79,97529.42
1776427200000,632.79,646.0,632.0,643.69,189831.58
1776441600000,643.7,645.98,639.03,641.83,74439.14
1776456000000,641.84,645.19,639.63,643.52,54536.48
1776470400000,643.52,647.4,640.5,640.63,83648.77
1776484800000,640.63,649.19,640.44,643.75,79319.23
1776499200000,643.76,643.99,631.69,633.63,114763.4
1776513600000,633.63,635.21,631.43,633.63,52740.4
1776528000000,633.62,634.64,628.46,630.7,71791.29
1776542400000,630.7,632.23,630.0,630.22,31892.73
1776556800000,630.23,630.72,621.34,623.52,91882.56
1776571200000,623.53,624.94,618.28,620.59,85436.67
1776585600000,620.59,623.53,618.19,622.6,70249.21
1776600000000,622.61,628.62,622.27,626.27,82680.87
1776614400000,626.28,626.92,619.54,623.19,61946.06
1776628800000,623.18,623.54,615.14,616.38,73735.54
1776643200000,616.39,623.16,616.24,622.1,47813.16
1776657600000,622.1,629.87,617.3,625.03,83087.12
1776672000000,625.04,628.58,622.96,625.84,60987.53
1776686400000,625.83,628.71,621.16,628.69,99412.12
1776700800000,628.7,632.2,627.04,630.91,59242.38
1776715200000,630.92,632.46,628.29,629.56,34941.05
1776729600000,629.57,632.99,628.32,630.29,43290.89
1776744000000,630.29,634.17,629.16,633.08,45822.87
1776758400000,633.07,640.78,632.48,634.53,141448.48
1776772800000,634.53,635.55,629.65,632.11,81638.56
1776787200000,632.12,634.0,625.12,626.98,76525.7
1776801600000,626.97,632.75,625.79,631.97,54695.18
1776816000000,631.97,641.85,631.45,640.01,96222.2
1776830400000,640.01,645.32,639.01,642.41,102463.9
1776844800000,642.41,644.24,641.41,643.12,40032.63
1776859200000,643.12,654.89,642.42,649.49,148189.1
1776873600000,649.49,651.51,643.26,644.4,68771.28
1776888000000,644.4,644.56,637.61,637.81,67951.75
1776902400000,637.81,639.81,633.54,635.81,84081.09
1776916800000,635.81,638.96,635.21,635.86,61379.56
1776931200000,635.86,636.45,631.22,633.71,65948.27
1776945600000,633.71,640.35,632.28,639.96,81726.17
1776960000000,639.94,640.7,631.3,636.22,99661.86
1776974400000,636.21,640.2,635.92,638.84,33774.86
1776988800000,638.84,640.68,633.82,634.88,47358.81
1777003200000,634.89,637.42,632.26,635.38,60040.71
1777017600000,635.38,639.14,633.66,638.46,55578.18
1777032000000,638.47,640.88,636.23,639.93,59011.32
1777046400000,639.93,640.35,635.6,638.68,38805.91
1777060800000,638.67,638.81,635.76,636.49,24381.78
1777075200000,636.49,638.03,635.76,637.84,23614.47
1777089600000,637.83,638.5,636.5,637.15,19865.28
1777104000000,637.15,638.79,634.51,635.07,32820.96
1777118400000,635.07,635.5,629.3,630.19,84370.42
1777132800000,630.19,630.81,627.32,629.01,48891.86
1777147200000,629.02,630.78,628.67,628.9,22468.73
1777161600000,628.9,630.75,627.15,628.95,40470.45
1777176000000,628.96,633.18,628.58,632.86,43161.18
1777190400000,632.85,633.09,630.35,632.8,27613.94
1777204800000,632.8,633.42,630.83,632.6,34818.55
1777219200000,632.59,637.17,630.82,636.19,48785.43
1777233600000,636.2,638.5,633.4,636.18,48874.55
1777248000000,636.18,640.38,634.22,638.74,74238.03
1777262400000,638.75,639.09,625.33,626.14,131675.73
1777276800000,626.12,629.19,625.62,627.66,48965.43
1777291200000,627.65,628.97,618.76,621.22,119380.77
1777305600000,621.22,624.34,620.62,623.79,45832.47
1777320000000,623.8,627.72,623.39,627.18,31206.33
1777334400000,627.17,627.98,623.62,624.87,37306.91
1777348800000,624.87,626.95,622.0,624.57,50813.39
1777363200000,624.56,625.72,621.52,622.2,27211.22
1777377600000,622.2,623.98,619.3,623.15,72534.85
1777392000000,623.15,624.7,622.13,624.56,30304.8
1777406400000,624.56,625.12,623.02,624.88,21178.03
1777420800000,624.88,627.2,622.84,626.37,52911.26
1777435200000,626.38,628.81,625.16,625.29,54298.79
1777449600000,625.29,629.9,624.65,626.34,58544.5
1777464000000,626.34,626.36,615.65,616.74,113164.83
1777478400000,616.75,620.55,610.29,613.57,122502.93
1777492800000,613.58,618.92,613.3,617.63,42271.66
1777507200000,617.64,620.9,616.23,618.19,53374.78
1777521600000,618.19,618.59,613.69,617.9,42928.42
1777536000000,617.89,619.17,614.79,616.02,35741.1
1777550400000,616.03,618.48,613.78,617.3,50211.53
1777564800000,617.3,619.29,616.06,618.86,30875.08
1777579200000,618.85,619.0,615.01,615.61,21705.5
1777593600000,615.61,621.74,615.52,618.79,50989.16
1777608000000,618.8,619.41,616.33,617.69,32473.74
1777622400000,617.7,619.87,616.27,619.18,42058.35
1777636800000,619.19,623.17,618.85,621.21,100498.32
1777651200000,621.2,622.17,619.26,619.57,30936.0
1777665600000,619.58,619.79,614.0,615.72,46545.09
1777680000000,615.71,617.56,615.13,616.46,32824.31
1777694400000,616.47,616.7,614.39,616.13,36556.79
1777708800000,616.13,616.5,615.0,615.97,22542.49
1777723200000,615.98,618.61,615.7,618.61,30251.82
1777737600000,618.61,619.77,618.02,619.25,32007.85
1777752000000,619.25,622.21,618.01,618.33,37498.48
1777766400000,618.33,618.88,615.32,616.48,40460.25
1777780800000,616.48,618.65,615.7,617.36,33976.1
1777795200000,617.37,620.0,617.11,619.29,42753.65
1777809600000,619.29,620.98,618.49,620.3,31921.61
1777824000000,620.29,621.17,619.2,619.76,21327.73
1777838400000,619.76,622.74,617.2,617.58,62917.72
1777852800000,617.59,627.1,615.81,627.0,142971.68
1777867200000,627.0,639.56,627.0,628.85,258023.02
1777881600000,628.84,631.44,620.28,623.25,123876.09
1777896000000,623.24,628.84,621.52,625.8,109193.59
1777910400000,625.81,629.27,623.91,625.32,54134.98
1777924800000,625.33,626.34,622.92,623.03,31126.97
1777939200000,623.04,628.67,622.88,628.06,64084.14
1777953600000,628.06,629.28,626.0,627.89,55908.32
1777968000000,627.89,629.68,626.34,629.1,43976.41
1777982400000,629.1,634.39,628.51,631.37,101409.26
1777996800000,631.38,632.84,628.12,632.11,45148.27
1778011200000,632.1,635.48,630.04,630.75,66957.79
1778025600000,630.75,636.19,629.02,635.57,77052.39
1778040000000,635.57,640.99,633.2,638.43,82451.05
1778054400000,638.42,653.07,638.38,652.84,184157.56
1778068800000,652.85,664.72,643.92,648.9,276247.5
1778083200000,648.9,651.42,646.68,650.93,53975.7
1778097600000,650.92,651.98,644.66,648.12,51104.62
1778112000000,648.12,650.3,641.9,642.91,91258.73
1778126400000,642.92,653.95,642.44,652.43,71319.27
1778140800000,652.43,653.62,646.53,648.33,61582.69
1778155200000,648.33,651.48,639.66,642.87,103216.81
1778169600000,642.86,645.19,639.5,644.08,67630.36
1778184000000,644.08,645.58,633.79,637.31,135196.14
1778198400000,637.32,640.88,635.7,639.79,56166.73
1778212800000,639.78,641.32,634.8,637.03,83470.39
1778227200000,637.04,641.7,636.09,641.3,55512.66
1778241600000,641.31,644.46,637.7,644.36,58340.57
1778256000000,644.35,650.04,642.8,648.48,84491.48
1778270400000,648.5,652.0,646.32,649.78,48890.38
1778284800000,649.77,656.35,649.44,654.03,68195.84
1778299200000,654.04,656.63,649.32,650.18,71994.2
1778313600000,650.19,651.46,648.81,650.37,38887.27
1778328000000,650.37,651.07,646.66,648.04,46144.8
1778342400000,648.05,652.3,647.4,651.42,42298.51
1778356800000,651.43,652.71,649.93,650.08,24946.35
1778371200000,650.07,650.88,645.2,648.02,46986.23
1778385600000,648.01,649.67,647.64,648.69,19502.21
1778400000000,648.7,652.21,647.88,649.95,44419.91
1778414400000,649.95,656.7,648.66,655.92,54204.74
1778428800000,655.93,662.94,654.63,661.62,82688.09
1778443200000,661.61,667.26,648.87,664.13,187127.02
1778457600000,664.13,665.34,650.32,651.98,122019.66
1778472000000,651.98,654.46,650.32,651.0,52039.44
1778486400000,651.0,656.16,649.69,656.14,56544.88
1778500800000,656.14,661.96,651.77,661.95,99672.85
1778515200000,661.94,664.0,659.75,663.7,71705.6
1778529600000,663.69,673.59,661.38,670.98,121702.11
1778544000000,670.96,671.89,659.25,662.37,128031.98
1778558400000,662.38,664.87,658.13,658.86,69572.78
1778572800000,658.87,663.91,657.68,663.87,109389.89
1778587200000,663.87,665.28,650.39,652.61,207265.04
1778601600000,652.62,663.8,650.99,663.48,114818.06
1778616000000,663.47,668.5,663.47,665.23,73423.79
1778630400000,665.24,683.45,664.74,681.65,218578.11
1778644800000,681.65,682.64,676.27,679.37,112454.38
1778659200000,679.37,686.14,677.67,678.77,126402.22
1778673600000,678.77,680.75,664.11,664.58,270489.14
1778688000000,664.58,674.97,664.54,671.58,87591.55
1778702400000,671.59,674.15,668.37,671.9,37002.95
1778716800000,671.89,677.76,665.62,666.18,98996.17
1778731200000,666.17,672.49,665.7,669.56,73451.51
1778745600000,669.57,674.43,668.89,671.16,63645.73
1778760000000,671.16,680.95,670.96,680.19,182763.9
1778774400000,680.2,688.4,678.69,680.71,182798.95
1778788800000,680.72,682.4,677.36,678.76,51260.87
1778803200000,678.76,686.4,677.54,682.24,113098.84
1778817600000,682.25,689.72,674.0,684.87,158288.51
1778832000000,684.88,690.55,682.07,686.78,130481.75
1778846400000,686.77,687.08,669.42,671.91,264499.32
1778860800000,671.91,677.08,671.38,674.31,56627.05
1778875200000,674.31,674.88,671.5,672.63,34707.1
1778889600000,672.62,675.2,665.25,665.5,83951.94
1778904000000,665.5,665.5,656.33,660.95,154442.74
1778918400000,660.96,662.38,651.01,654.59,176722.04
1778932800000,654.59,660.58,651.39,655.48,91557.98
1778947200000,655.48,658.84,655.19,656.48,45553.44
1778961600000,656.49,657.97,656.04,656.52,17662.61
1778976000000,656.52,657.62,650.28,653.0,100462.86
1778990400000,653.0,656.66,652.62,655.58,36181.12
1779004800000,655.59,655.85,650.66,655.37,56777.2
1779019200000,655.37,657.83,650.79,652.63,80117.59
1779033600000,652.63,656.65,650.4,656.35,43181.73
1779048000000,656.36,657.89,640.0,649.75,124103.18
1779062400000,649.76,649.98,642.46,643.83,105130.61
1779076800000,643.83,644.93,637.13,642.16,100875.98
1779091200000,642.17,644.0,637.59,642.03,63799.2
1779105600000,642.03,645.76,634.43,637.24,129351.89
1779120000000,637.24,645.23,635.97,645.14,80399.25
1779134400000,645.15,646.75,642.14,643.85,56392.94
1779148800000,643.85,647.47,641.26,643.24,69759.6
1779163200000,643.23,646.65,641.09,646.1,44255.5
1779177600000,646.11,646.23,638.26,640.14,65269.09
1779192000000,640.14,642.49,636.46,639.12,77798.8
1779206400000,639.12,642.3,638.26,640.35,29241.18
1779220800000,640.35,642.15,638.24,640.35,24905.28
1779235200000,640.34,641.25,637.85,640.49,44588.31
1779249600000,640.49,645.48,638.8,643.72,52507.21
1779264000000,643.72,645.74,642.67,643.7,34189.03
1779278400000,643.7,650.36,641.62,649.15,106455.68
1779292800000,649.16,651.69,646.29,650.95,47241.2
1779307200000,650.95,652.24,647.4,649.8,30376.1
1779321600000,649.8,655.9,649.52,655.11,63630.4
1779336000000,655.11,655.75,650.53,653.26,46421.81
1779350400000,653.26,656.47,647.31,648.05,70634.95
1779364800000,648.06,653.54,646.64,652.75,80885.15
1779379200000,652.76,660.0,650.65,658.34,98005.29
1779393600000,658.34,659.35,656.43,658.82,34187.77
1779408000000,658.82,661.81,656.27,659.98,70905.84
1779422400000,659.98,660.92,655.74,659.87,54865.63
1779436800000,659.86,661.45,655.18,658.34,65411.63
1779451200000,658.33,664.95,656.58,658.67,127885.58
1779465600000,658.68,661.96,648.71,652.8,122504.07
1779480000000,652.81,654.48,649.04,650.84,48244.84
1779494400000,650.84,653.45,648.5,652.74,50834.58
1779508800000,652.74,653.31,635.0,636.97,131423.94
1779523200000,636.99,641.59,635.85,640.46,80472.56
1779537600000,640.47,649.2,639.57,647.87,83075.98
1779552000000,647.87,653.48,646.7,652.75,55390.34
1779566400000,652.76,664.4,652.11,656.62,110183.87
1779580800000,656.63,659.41,655.79,657.6,44170.44
1779595200000,657.61,658.59,654.3,656.99,39789.02
1779609600000,657.0,663.26,656.53,661.77,64966.0
1779624000000,661.78,661.78,652.48,655.9,83813.18
1779638400000,655.91,658.2,655.09,656.45,39595.32
1779652800000,656.45,658.1,650.0,656.87,74722.04
1779667200000,656.88,660.3,656.06,657.38,42198.96
1779681600000,657.39,662.5,656.77,662.32,56549.57
1779696000000,662.33,663.84,660.95,662.69,50235.21
1779710400000,662.7,673.51,662.52,668.08,200364.85
1779724800000,668.09,668.67,661.26,662.78,100270.83
1779739200000,662.78,663.74,660.64,663.47,52941.83
1779753600000,663.47,664.22,656.34,658.3,87041.98
1779768000000,658.3,660.23,655.6,658.0,57986.55
1779782400000,658.0,664.98,656.59,662.82,74271.08
1779796800000,662.81,668.5,657.63,660.59,129907.88
1779811200000,660.59,661.42,653.76,657.55,83199.27
1779825600000,657.56,658.3,655.47,656.78,29723.59
1779840000000,656.79,659.68,654.01,654.76,44810.0
1779854400000,654.76,655.15,650.97,653.78,52787.36
1779868800000,653.78,656.13,652.67,654.29,43913.96
1779883200000,654.29,658.81,650.5,658.2,99797.75
1779897600000,658.2,660.44,650.61,653.85,69661.15
1779912000000,653.86,655.42,646.86,649.1,69815.59
1779926400000,649.09,649.87,637.01,638.01,135751.99
1779940800000,638.01,638.15,631.52,635.12,151039.3
1779955200000,635.13,635.51,631.69,633.05,76618.03
1779969600000,633.05,636.94,628.42,635.01,124649.05
1779984000000,635.01,642.96,633.67,640.08,71318.27
1779998400000,640.08,642.99,638.04,638.66,42435.26
1780012800000,638.65,640.0,634.15,635.9,55636.39
1780027200000,635.89,639.79,634.8,637.23,38813.27
1780041600000,637.23,641.5,635.35,637.41,55397.08
1780056000000,637.41,643.63,631.15,640.22,130129.18
1780070400000,640.22,645.34,637.71,641.78,96029.22
1780084800000,641.77,644.18,641.74,643.5,33112.13
1780099200000,643.51,661.5,643.02,658.61,192839.97
1780113600000,658.61,674.77,656.8,673.45,219859.48
1780128000000,673.45,677.68,669.76,674.19,175017.64
1780142400000,674.2,695.73,671.2,694.99,359708.32
1780156800000,694.99,726.0,694.82,721.56,867012.18
1780171200000,721.56,729.99,706.17,719.01,473179.67
1780185600000,719.01,746.59,719.01,740.2,596341.48
1780200000000,740.2,742.51,717.04,720.2,501923.77
1780214400000,720.2,725.94,717.53,723.35,258945.35
1780228800000,723.34,734.33,717.23,721.25,382231.66
1780243200000,721.26,722.52,702.1,709.01,414667.95
1780257600000,709.02,715.21,706.65,710.91,146136.87
1780272000000,710.91,717.41,693.2,704.11,400503.58
1780286400000,704.11,706.05,685.21,686.58,328359.49
1780300800000,686.58,731.4,685.72,697.5,1065633.5
1780315200000,697.5,698.94,674.61,677.91,525362.37
1780329600000,677.92,696.53,674.15,696.38,245612.18
1780344000000,696.38,702.0,688.67,693.45,167930.95
1780358400000,693.46,696.0,681.55,694.1,211034.32
1780372800000,694.1,694.69,680.72,682.34,167165.89
1780387200000,682.33,685.49,675.87,678.56,156569.56
1780401600000,678.55,680.64,658.53,663.67,442792.05
1780416000000,663.68,672.0,652.16,660.62,258867.33
1780430400000,660.61,663.73,642.49,651.07,240542.97
1780444800000,651.08,657.9,631.01,634.29,241166.52
1780459200000,634.29,647.15,633.21,644.33,229283.62
1780473600000,644.33,646.5,637.44,637.73,125207.98
1780488000000,637.74,639.67,630.3,633.4,209316.64
1780502400000,633.4,633.98,620.27,623.06,261460.09
1780516800000,623.06,630.42,616.33,620.98,177766.98
1780531200000,620.97,624.94,590.26,619.28,492554.88
1780545600000,619.29,621.73,599.44,600.48,286873.62
1780560000000,600.49,604.04,588.33,595.61,246833.55
1780574400000,595.6,609.97,594.19,606.68,200013.01
1780588800000,606.69,610.84,599.56,606.75,116494.05
1780603200000,606.75,607.98,598.09,604.85,107853.75
1780617600000,604.84,608.35,591.61,595.98,202825.44
1780632000000,595.99,603.25,570.32,593.4,492855.13
1780646400000,593.4,597.39,585.72,590.45,179684.27
1780660800000,590.45,596.75,575.04,579.15,381608.72
1780675200000,579.14,583.64,556.88,567.69,461478.45
1780689600000,567.68,579.93,563.55,572.44,185569.66
1780704000000,572.45,580.3,570.85,573.42,125336.27
1780718400000,573.42,582.33,560.0,579.37,263465.73
1780732800000,579.37,584.78,570.78,574.24,148554.34
1780747200000,574.25,577.73,571.24,576.04,94416.67
1780761600000,576.05,578.0,571.47,573.95,65988.27
1780776000000,573.96,577.15,571.12,574.72,47928.19
1780790400000,574.73,582.0,573.68,581.23,102728.42
1780804800000,581.23,590.37,578.19,589.98,143865.21
1780819200000,589.98,599.86,587.6,593.67,161006.9
1780833600000,593.67,594.29,585.81,591.84,128338.0
1780848000000,591.83,598.03,587.01,589.0,96938.3
1780862400000,588.99,611.19,588.01,604.81,135438.22
1780876800000,604.82,608.81,599.33,603.64,91964.18
1780891200000,603.64,604.04,591.8,596.6,108856.82
1780905600000,596.6,604.52,593.63,602.54,107954.89
1780920000000,602.55,606.43,597.93,604.55,110368.84
1780934400000,604.54,610.3,602.57,607.92,73912.1
1780948800000,607.92,610.79,601.36,602.13,66696.65
1780963200000,602.12,603.13,593.21,599.25,111299.5
1780977600000,599.25,605.81,596.62,604.33,74992.69
1780992000000,604.33,604.81,596.33,597.13,77156.44
1781006400000,597.12,600.65,583.99,587.23,168656.41
1781020800000,587.23,597.33,584.02,597.05,100301.68
1781035200000,597.05,599.07,591.2,593.83,51072.06
1781049600000,593.83,595.24,586.81,588.22,64341.82
1781064000000,588.22,589.85,583.73,588.92,81668.74
1781078400000,588.92,588.92,580.9,583.21,79672.02
1781092800000,583.21,598.87,582.64,597.2,144980.38
1781107200000,597.21,597.52,587.24,588.25,68149.7
1781121600000,588.25,589.46,582.32,586.75,68819.2
1781136000000,586.76,599.88,586.76,596.71,89791.79
1781150400000,596.71,598.59,594.02,598.59,49370.33
1781164800000,598.58,603.88,598.53,601.06,101819.29
1781179200000,601.07,603.49,597.3,598.97,88564.22
1781193600000,598.97,607.99,596.4,604.78,100974.2
1781208000000,604.78,606.68,601.06,606.08,53216.62
1781222400000,606.09,606.54,601.51,602.59,54310.79
1781236800000,602.59,605.31,596.78,600.17,59086.92
1781251200000,600.17,609.12,600.12,607.01,88643.43
1781265600000,607.0,613.9,603.75,605.66,132272.52
1781280000000,605.66,609.82,603.01,603.79,42402.15
1781294400000,603.79,604.99,602.3,604.08,28413.2
1781308800000,604.08,606.57,600.66,600.67,44321.95
1781323200000,600.66,604.33,599.7,603.5,50726.78
1781337600000,603.51,607.95,603.0,607.0,41923.17
1781352000000,607.0,611.5,606.51,610.77,65744.81
1781366400000,610.77,610.91,607.07,608.81,49260.52
1781380800000,608.81,612.71,608.0,609.9,39598.12
1781395200000,609.9,611.29,608.73,610.32,29813.25
1781409600000,610.32,612.43,608.1,610.53,38996.39
1781424000000,610.54,613.44,609.84,612.6,36849.69
1781438400000,612.6,612.86,605.48,608.32,73857.4
1781452800000,608.32,609.0,603.05,603.52,48078.3
1781467200000,603.52,617.63,603.0,617.17,127947.1
1781481600000,617.18,618.7,612.96,618.28,72288.95
1781496000000,618.29,619.4,615.75,615.83,62995.27
1781510400000,615.84,623.4,612.85,621.09,111211.77
1781524800000,621.09,633.16,619.85,629.35,222993.41
1781539200000,629.36,630.0,618.68,621.14,92482.64
1781553600000,621.13,622.0,615.44,618.15,52680.47
1781568000000,618.15,619.44,611.21,615.39,73244.91
1781582400000,615.39,619.58,611.87,616.16,68399.59
1781596800000,616.16,619.98,613.55,614.68,61669.48
1781611200000,614.68,618.36,600.77,606.64,261574.19
1781625600000,606.64,611.2,604.26,607.48,62352.87
1781640000000,607.47,609.36,604.93,605.38,35802.45
1781654400000,605.38,608.8,603.56,605.18,48510.1
1781668800000,605.18,610.18,604.65,606.98,57889.93
1781683200000,606.99,607.07,601.15,604.32,79238.14
1781697600000,604.33,612.9,601.31,605.96,171870.54
1781712000000,605.97,610.17,597.37,599.02,185615.1
1781726400000,599.03,602.65,595.33,601.93,61701.9
1781740800000,601.93,604.54,596.57,596.88,54993.88
1781755200000,596.87,597.36,587.57,589.76,207025.51
1781769600000,589.77,593.0,588.66,589.82,83758.03
1781784000000,589.82,592.8,573.16,573.81,197093.6
1781798400000,573.8,579.87,573.58,578.96,108962.15
1781812800000,578.97,581.32,577.03,578.56,48599.9
1781827200000,578.55,583.43,575.11,578.29,79315.64
1781841600000,578.29,579.04,570.69,574.97,73451.83
1781856000000,574.97,575.28,571.02,573.36,47818.59
1781870400000,573.36,579.84,572.21,578.81,77253.65
1781884800000,578.81,582.08,577.16,579.96,48326.51
1781899200000,579.97,582.65,579.0,581.59,31649.7
1781913600000,581.59,582.99,580.33,580.94,35994.86
1781928000000,580.93,589.92,580.42,588.12,92979.4
1781942400000,588.11,588.46,585.66,586.68,50871.28
1781956800000,586.69,589.31,582.35,587.55,84656.3
1781971200000,587.56,587.73,584.35,586.22,33435.02
1781985600000,586.23,588.85,585.24,588.35,30582.48
1782000000000,588.35,591.4,587.23,590.74,39504.16
1782014400000,590.73,592.27,589.1,591.31,44979.45
1782028800000,591.31,592.16,587.74,588.82,59354.64
1782043200000,588.82,590.95,585.58,590.32,81023.21
1782057600000,590.31,592.86,588.87,592.25,45625.35
1782072000000,592.26,592.29,583.85,584.55,77211.92
1782086400000,584.54,595.94,584.28,590.36,117932.08
1782100800000,590.36,595.46,589.6,594.25,52760.77
1782115200000,594.25,598.47,591.53,597.58,57550.74
1782129600000,597.58,602.79,595.7,596.5,127135.7
1782144000000,596.5,597.24,590.42,592.46,84877.07
1782158400000,592.47,593.38,588.0,590.43,44249.01
1782172800000,590.42,593.17,588.24,592.23,42973.19
1782187200000,592.23,592.57,577.29,581.08,115597.41
1782201600000,581.08,581.66,570.65,574.02,151998.29
1782216000000,574.03,577.17,571.21,574.65,90571.28
1782230400000,574.66,577.42,572.66,576.17,50467.97
1782244800000,576.18,579.33,575.51,578.19,29999.69
1782259200000,578.18,581.75,575.41,577.95,53483.67
1782273600000,577.95,581.54,574.27,577.09,49322.96
1782288000000,577.09,582.34,573.96,579.97,61747.67
1782302400000,579.98,580.45,561.04,561.51,193990.73
1782316800000,561.5,563.78,546.32,555.26,247916.81
1782331200000,555.27,566.18,554.38,564.54,101119.97
1782345600000,564.55,567.13,563.11,565.87,50551.68
1782360000000,565.87,572.71,563.81,570.48,80688.35
1782374400000,570.48,570.65,560.98,562.87,68763.75
1782388800000,562.87,568.82,540.5,554.1,350442.97
1782403200000,554.11,560.44,552.43,554.44,93457.59
1782417600000,554.44,563.24,554.44,560.9,49646.86
1782432000000,560.91,564.66,550.53,563.24,138518.68
1782446400000,563.24,570.74,559.35,569.8,92833.99
1782460800000,569.8,570.31,558.71,559.05,115636.0
1782475200000,559.04,567.64,552.21,565.72,182596.1
1782489600000,565.72,569.36,563.28,566.22,83827.43
1782504000000,566.22,569.06,564.8,567.98,37766.2
1782518400000,567.99,568.99,565.62,567.21,40620.84
1782532800000,567.21,568.31,564.17,565.86,38518.5
1782547200000,565.87,566.09,562.69,563.46,34406.92
1782561600000,563.46,567.51,562.71,565.86,49859.81
1782576000000,565.86,567.17,558.07,559.42,68853.03
1782590400000,559.42,565.03,554.6,557.44,78632.35
1782604800000,557.43,559.05,556.71,558.96,29231.5
1782619200000,558.97,558.98,554.27,556.69,42529.62
1782633600000,556.69,559.09,554.46,557.46,43630.63
1782648000000,557.47,558.26,553.87,554.82,50688.36
1782662400000,554.82,555.07,547.52,548.73,90154.06
1782676800000,548.72,555.57,545.78,551.43,102518.47
1782691200000,551.42,557.07,546.98,555.58,82006.73
1782705600000,555.58,555.83,548.58,553.88,56161.63
1782720000000,553.88,556.08,550.74,552.12,49037.53
1782734400000,552.12,558.91,546.45,552.23,161487.4
1782748800000,552.24,563.26,550.56,562.09,108129.86
1782763200000,562.1,562.6,559.43,559.82,31910.75
1782777600000,559.83,560.82,554.01,554.03,47126.21
1782792000000,554.04,555.04,551.73,552.61,47177.69
1782806400000,552.62,553.34,547.23,548.01,78061.96
1782820800000,548.01,551.91,543.93,545.22,149286.65
1782835200000,545.22,549.15,545.13,547.81,69273.38
1782849600000,547.79,548.06,544.45,546.84,35470.48
1782864000000,546.84,553.36,540.05,551.89,127011.83
1782878400000,551.9,553.04,545.33,547.15,73003.61
1782892800000,547.15,548.15,537.31,542.82,134692.39
1782907200000,542.82,556.22,541.54,554.84,173689.39
1782921600000,554.83,555.33,550.55,551.61,81227.2
1782936000000,551.62,560.01,550.34,550.81,77836.36
1782950400000,550.81,559.7,546.52,557.22,87457.44
1782964800000,557.21,557.26,549.05,549.75,68863.54
1782979200000,549.75,562.28,549.6,560.29,135819.7
1782993600000,560.28,567.77,559.59,562.88,173833.58
1783008000000,562.89,564.59,558.3,558.46,64001.59
1783022400000,558.46,559.95,556.45,559.18,36689.98
1783036800000,559.18,562.5,557.42,561.33,50599.27
1783051200000,561.34,564.31,560.42,562.06,39938.4
1783065600000,562.07,567.98,561.8,567.19,69731.93
1783080000000,567.2,568.9,563.69,566.14,82497.29
1783094400000,566.14,571.85,565.0,570.1,58797.88
1783108800000,570.09,575.63,569.88,574.23,66452.07
1783123200000,574.23,576.16,571.37,572.66,42751.15
1783137600000,572.66,573.65,569.04,570.15,56212.48
1783152000000,570.14,576.7,569.61,572.25,67858.27
1783166400000,572.25,578.7,572.22,577.13,75703.56
1783180800000,577.12,579.24,574.81,575.81,57006.95
1783195200000,575.8,578.6,572.82,575.76,51696.02
1783209600000,575.76,575.86,568.58,570.76,67652.31
1783224000000,570.77,576.25,570.21,576.06,43634.49
1783238400000,576.05,579.5,573.08,577.38,102479.23
1783252800000,577.37,590.31,576.5,587.72,228414.77
1783267200000,587.71,592.43,583.83,589.84,93886.56
1783281600000,589.84,593.83,585.88,590.32,98565.23
1783296000000,590.31,593.58,583.3,585.79,105455.06
1783310400000,585.79,586.09,581.29,582.46,65067.14
1783324800000,582.46,583.22,576.35,578.12,85613.28
1783339200000,578.12,585.33,570.48,585.08,199375.19
1783353600000,585.08,586.94,583.17,585.59,76675.2
1783368000000,585.59,592.6,583.86,586.38,74906.04
1783382400000,586.38,588.19,578.5,579.5,79854.3
1783396800000,579.5,581.07,576.68,578.63,52977.66
1783411200000,578.63,580.86,576.91,580.66,56067.97
1783425600000,580.66,586.0,575.57,585.07,125981.32
1783440000000,585.07,587.47,580.44,583.73,65558.65
1783454400000,583.72,584.15,576.67,577.11,45324.3
1783468800000,577.11,579.33,567.5,569.38,111075.24
1783483200000,569.38,570.73,565.51,568.18,60638.64
1783497600000,568.18,569.1,560.58,566.4,113994.35
1783512000000,566.39,567.71,561.21,562.68,74286.9
1783526400000,562.68,568.33,561.95,567.32,55881.6
1783540800000,567.33,569.29,565.11,568.98,27613.07
1783555200000,568.97,573.2,565.71,568.63,53802.34
1783569600000,568.64,577.0,568.0,573.18,74761.82
1783584000000,573.18,573.89,569.3,570.12,53291.67
1783598400000,570.12,573.47,568.35,571.42,60016.37
1783612800000,571.42,574.07,569.61,570.62,41488.88
1783627200000,570.62,571.53,568.99,569.05,26748.84
1783641600000,569.05,577.03,568.4,575.92,63361.9
1783656000000,575.93,578.65,574.21,574.41,60638.9
1783670400000,574.42,578.04,574.28,575.99,56758.29
1783684800000,576.0,577.39,569.96,574.21,83684.5
1783699200000,574.2,578.81,574.16,576.31,43044.99
1783713600000,576.32,577.41,574.99,575.72,18870.47
1783728000000,575.73,576.42,573.38,575.29,30075.09
1783742400000,575.28,578.08,574.76,577.27,33525.63
1783756800000,577.26,580.3,576.97,579.74,46065.84
1783771200000,579.74,583.42,578.29,580.21,64146.27
1783785600000,580.22,581.86,579.58,580.95,27810.57
1783800000000,580.94,582.47,574.91,574.91,44841.81
1783814400000,574.91,576.18,570.52,575.64,71448.61
1783828800000,575.63,576.19,570.24,572.6,48390.78
1783843200000,572.6,580.87,572.48,580.47,56060.05
1783857600000,580.48,585.07,579.75,581.47,90263.21
1783872000000,581.46,582.5,579.06,580.19,44971.45
1783886400000,580.19,580.29,573.12,574.14,58432.58
1783900800000,574.13,580.2,566.87,569.31,123569.21
1783915200000,569.31,570.91,566.51,570.29,43520.82
1783929600000,570.3,571.41,568.68,570.04,32509.48
1783944000000,570.04,572.16,565.73,568.94,62382.81
1783958400000,568.94,569.17,562.52,566.47,63526.93
1783972800000,566.47,567.85,563.53,567.85,28442.72
1783987200000,567.85,570.86,567.01,570.39,54867.74
1784001600000,570.38,572.06,569.18,570.36,41836.21
1784016000000,570.36,572.0,569.42,571.2,40171.97
1784030400000,571.21,585.0,570.5,583.33,192455.14
1784044800000,583.33,583.87,579.5,581.0,60680.1
1784059200000,581.0,583.37,579.67,582.22,42160.02
1784073600000,582.23,583.56,579.57,581.14,40925.49
1784088000000,581.13,582.71,576.8,576.84,77189.7
1784102400000,576.85,579.41,576.19,579.3,54381.58
1784116800000,579.3,585.77,577.51,582.08,124063.48
1784131200000,582.09,582.35,576.9,579.94,62069.63
1784145600000,579.93,582.4,579.67,581.03,24606.14
1784160000000,581.03,582.87,578.2,581.8,55298.45
1784174400000,581.8,586.34,579.35,580.25,68532.29
1784188800000,580.25,580.5,574.86,578.45,85072.32
1784203200000,578.45,581.64,576.0,579.94,71651.56
1784217600000,579.93,579.95,574.49,576.09,47348.42
1784232000000,576.1,577.37,572.0,572.79,35506.5
1784246400000,572.79,575.18,570.61,572.75,49130.82
1784260800000,572.75,573.08,566.31,566.34,66354.47
1784275200000,566.35,566.35,563.14,565.19,77973.09
1784289600000,565.19,565.56,555.69,563.25,132220.36
1784304000000,563.25,568.39,562.49,568.36,71311.03
1784318400000,568.36,569.5,566.9,568.42,29216.56
1784332800000,568.42,569.52,566.69,568.77,25173.21
1784347200000,568.77,568.81,566.7,568.2,34599.82
1784361600000,568.19,570.89,567.95,570.12,41911.25
1784376000000,570.12,572.43,569.22,571.15,44607.91
1784390400000,571.14,573.1,570.34,570.98,31904.4
1784404800000,570.98,572.87,570.0,570.99,22539.32
1784419200000,570.99,572.95,569.07,569.47,24521.84
1784433600000,569.46,570.0,567.62,569.33,27658.87
1784448000000,569.33,570.44,567.51,568.41,28491.72
1784462400000,568.42,571.3,567.3,570.51,36938.47
1784476800000,570.51,570.79,566.58,568.41,32985.48
1784491200000,568.42,572.11,568.21,571.43,35189.76
1784505600000,571.43,574.41,568.5,570.46,65407.15
1784520000000,570.46,570.53,563.01,567.02,68819.51
1784534400000,567.02,571.84,564.65,571.5,62650.29
1784548800000,571.49,575.15,565.3,574.34,91690.43
1784563200000,574.33,575.68,571.41,571.68,57158.14
1784577600000,571.68,573.37,570.14,571.57,23638.19
1784592000000,571.58,575.73,571.07,575.59,40172.27
1784606400000,575.6,577.38,574.05,577.22,47264.22
1784620800000,577.23,580.2,576.6,577.1,65912.01
1784635200000,577.11,578.46,574.79,575.53,74167.18
1784649600000,575.52,576.05,572.63,573.17,44253.62
1784664000000,573.16,574.57,572.05,574.37,24781.26
1784678400000,574.36,576.02,571.28,571.43,49869.31
1784692800000,571.43,572.95,567.36,568.53,62557.05
1784707200000,568.53,572.16,568.45,571.34,38504.09
1784721600000,571.34,575.56,569.65,572.88,63824.34
1784736000000,572.88,575.83,569.2,570.45,61070.23
1784750400000,570.45,572.48,569.72,571.39,27295.78
1784764800000,571.39,572.55,570.0,570.64,29713.48
1784779200000,570.63,570.91,568.5,570.12,32960.41
1784793600000,570.12,571.86,569.54,570.4,33789.2
1784808000000,570.39,570.7,563.93,567.9,87426.54
1784822400000,567.9,568.05,565.37,566.95,29794.88
1784836800000,566.95,569.17,566.4,567.71,21545.42
1784851200000,567.7,570.77,566.16,569.49,42546.54
1784865600000,569.48,571.62,567.1,569.73,40260.44
1784880000000,569.74,569.87,565.39,567.18,36840.52
1784894400000,567.18,567.18,556.12,561.63,147150.34
1784908800000,561.63,566.77,560.08,565.48,64408.51
1784923200000,565.48,565.99,563.77,565.26,32108.71
1784937600000,565.25,566.84,564.58,565.7,32477.66
1784952000000,565.7,566.3,564.15,565.06,20645.1
1784966400000,565.06,566.45,564.63,566.05,23679.27
1784980800000,566.04,569.8,565.31,567.68,40621.18
1784995200000,567.67,569.5,566.95,569.04,21189.48
1785009600000,569.04,570.4,568.53,569.32,19408.28
1785024000000,569.33,571.24,569.32,570.77,30041.23
1785038400000,570.76,573.32,570.22,571.97,36952.6
1785052800000,571.97,572.84,570.8,571.06,19777.65
1785067200000,571.06,574.37,570.41,574.19,47252.66
1785081600000,574.2,575.2,572.48,573.99,27936.72
1785096000000,573.98,576.9,573.16,575.61,47711.59
1785110400000,575.62,576.03,571.71,573.9,34069.21
1785124800000,573.91,577.6,573.36,574.98,36993.73
1785139200000,574.99,575.48,572.04,573.26,37726.4
1785153600000,573.26,577.35,565.97,568.87,119707.34
1785168000000,568.87,576.4,568.28,575.9,64086.61
1785182400000,575.9,576.17,565.59,566.55,64835.06
1785196800000,566.56,567.55,562.49,566.84,64724.76
1785211200000,566.85,567.12,564.86,566.13,33453.25
1785225600000,566.13,567.74,565.2,567.13,33921.73
1785240000000,567.14,576.1,563.57,573.7,123905.77
1785254400000,573.71,574.41,567.38,571.26,55554.81
1785268800000,571.27,572.39,568.6,571.6,25685.61
1785283200000,571.6,573.86,567.34,567.75,45023.63
1785297600000,567.75,572.5,566.3,572.27,44762.9
1785312000000,572.27,573.63,570.4,571.06,36436.99
1785326400000,571.06,571.13,567.71,568.92,44958.29
1785340800000,568.93,574.0,567.67,568.85,86482.72
1785355200000,568.85,573.0,565.52,572.41,56793.78
1785369600000,572.41,577.95,571.38,573.84,78620.71
1785384000000,573.84,576.45,571.91,575.08,40867.16
1785398400000,575.08,591.85,574.79,589.44,191875.34
1785412800000,589.43,591.52,585.82,591.5,96509.22
1785427200000,591.5,596.6,591.44,595.02,90457.36
1785441600000,595.02,595.65,591.14,592.38,57468.06
1785456000000,592.38,594.76,586.01,589.74,88907.68
1785470400000,589.74,593.26,588.75,590.19,62298.72
1785484800000,590.2,594.32,588.5,592.39,64348.73
1785499200000,592.39,595.86,584.37,585.8,162185.03
1785513600000,585.79,590.43,585.63,588.53,45869.79
1785528000000,588.53,589.34,586.68,587.32,26266.48
1785542400000,587.32,591.85,587.32,589.69,40998.39
1785556800000,589.7,593.25,589.15,590.56,45869.65
1785571200000,590.56,590.97,580.0,580.65,108460.58
1785585600000,580.65,580.83,576.69,576.83,83900.74
1785600000000,576.84,579.07,573.7,576.11,77850.31
1785614400000,576.12,576.93,575.14,575.46,32538.09
1785628800000,575.47,583.44,574.28,582.64,94663.23
1785643200000,582.64,586.48,582.64,585.79,72419.42
1785657600000,585.79,585.97,581.83,582.44,39694.48
1785672000000,582.44,587.98,581.59,586.68,57483.27
1785686400000,586.69,591.59,586.24,589.81,55001.26
1785700800000,589.81,591.2,588.08,588.86,33591.67
1785715200000,588.86,588.9,583.27,583.49,48971.43
1785729600000,583.49,584.76,582.12,584.01,40046.83
1785744000000,584.01,588.19,581.43,586.18,65041.21
1785758400000,586.18,594.19,584.82,592.97,103216.09
1785772800000,592.97,594.77,591.56,591.82,51377.9
1785787200000,591.82,592.89,589.41,589.72,30269.91
1785801600000,589.72,593.0,589.2,591.23,41509.24
1785816000000,591.22,593.49,589.71,591.0,39719.02
1785830400000,591.0,592.41,588.24,592.11,43863.22
1785844800000,592.11,595.2,589.07,593.59,79292.45
1785859200000,593.59,595.4,592.51,594.13,45481.91
1785873600000,594.13,595.14,592.86,593.58,27271.82
1785888000000,593.57,606.08,592.59,599.18,217164.75
1785902400000,599.18,603.24,598.29,600.47,61119.49
1785916800000,600.48,601.34,595.49,597.0,65806.51
1785931200000,597.0,604.23,596.65,600.23,94443.06
1785945600000,600.24,602.87,597.36,600.06,62711.5
1785960000000,600.06,600.42,592.09,594.15,59792.86
1785974400000,594.15,597.24,592.21,594.87,56529.33
1785988800000,594.88,598.73,594.35,595.65,45334.58
1786003200000,595.65,596.58,592.71,594.36,46837.15
1786017600000,594.36,594.78,591.01,592.7,76495.35
1786032000000,592.71,594.0,590.11,590.7,47029.85
1786046400000,590.7,592.92,590.53,592.6,23331.54
1786060800000,592.6,594.93,592.24,593.15,44052.1
1786075200000,593.15,593.21,585.6,585.83,97770.2
1786089600000,585.82,592.37,585.64,591.78,59305.28
1786104000000,591.77,593.83,590.7,592.71,67573.52
1786118400000,592.71,594.85,591.45,593.73,35295.75
1786132800000,593.73,594.1,592.53,592.81,12524.0
1786147200000,592.82,594.15,591.08,593.78,29713.97
1786161600000,593.77,595.65,593.03,594.91,37129.32
1786176000000,594.92,596.88,594.1,596.81,30283.61
1786190400000,596.8,612.46,595.65,605.53,227906.09
1786204800000,605.54,607.92,603.0,603.66,52937.13
1786219200000,603.66,603.66,599.34,601.0,40951.44
1786233600000,601.0,604.77,600.49,600.76,44871.24
1786248000000,600.76,604.12,600.69,603.48,32010.08
1786262400000,603.49,605.05,601.45,604.34,33862.09
1786276800000,604.34,612.09,603.5,608.97,97150.99
1786291200000,608.97,609.81,607.87,608.12,26542.39
1786305600000,608.12,611.95,602.07,602.5,72085.78
1786320000000,602.51,607.2,601.6,602.87,68483.55
1786334400000,602.88,605.3,601.22,604.35,42125.25
1786348800000,604.35,607.09,603.91,605.58,28911.59
1786363200000,605.58,606.0,600.0,601.44,83540.27
1786377600000,601.45,602.9,597.61,601.04,52478.98
1786392000000,601.04,601.86,598.64,599.54,22060.37
1786406400000,599.55,601.33,599.39,600.68,23093.52
1786420800000,600.68,602.87,598.75,602.85,35599.47
1786435200000,602.85,608.92,602.73,608.75,85052.2
1786449600000,608.75,615.5,605.82,608.79,178655.13
1786464000000,608.78,612.2,608.13,612.05,45305.81
1786478400000,612.06,618.11,611.48,616.95,72472.78
1786492800000,616.96,620.88,613.42,613.62,102274.23
1786507200000,613.61,616.19,609.17,612.67,89437.85
1786521600000,612.67,615.17,610.37,615.09,62798.36
1786536000000,615.08,615.94,608.9,611.16,102435.16
1786550400000,611.15,612.0,609.25,609.97,29941.14
1786564800000,609.98,612.5,609.09,610.7,27761.42
1786579200000,610.7,612.74,610.13,612.52,32363.15
1786593600000,612.52,615.23,611.01,613.88,55407.52
1786608000000,613.87,614.64,608.02,609.17,61227.44
1786622400000,609.17,611.88,606.6,607.73,70243.36
1786636800000,607.72,610.53,605.03,609.99,66482.16
1786651200000,609.99,612.0,609.73,610.89,29965.03
1786665600000,610.89,613.26,610.13,611.95,36785.11
1786680000000,611.95,612.88,607.77,607.77,37275.89
1786694400000,607.77,609.24,603.65,605.15,71132.99
1786708800000,605.15,607.44,603.1,606.91,55387.98
1786723200000,606.92,607.71,605.26,606.79,37961.38
1786737600000,606.8,608.74,606.66,608.33,31107.53
1786752000000,608.33,611.2,607.17,610.73,40066.26
1786766400000,610.73,612.67,610.35,611.93,40654.18
1786780800000,611.92,612.57,610.23,612.11,36721.47
1786795200000,612.11,613.22,609.0,611.96,54113.08
1786809600000,611.96,612.39,610.31,611.7,29989.8
1786824000000,611.69,611.97,607.77,608.08,35552.17
1786838400000,608.08,608.37,606.61,606.8,31802.82
1786852800000,606.81,606.89,604.57,605.92,35760.24
1786867200000,605.92,608.55,605.17,607.16,34316.82
1786881600000,607.17,608.68,607.0,607.73,26412.27
1786896000000,607.73,608.44,605.59,606.41,46246.36
1786910400000,606.41,606.45,601.74,603.32,71760.51
1786924800000,603.31,606.1,601.27,605.49,57750.25
1786939200000,605.5,607.68,605.13,605.31,48763.03
1786953600000,605.32,605.97,603.8,605.28,48699.21
1786968000000,605.29,608.18,604.2,607.47,60969.99
1786982400000,607.47,608.33,605.25,605.62,44360.64
1786996800000,605.62,606.8,604.64,606.12,30700.04
1787011200000,606.13,606.35,602.41,603.94,49529.93
1787025600000,603.95,605.54,603.3,603.68,29802.96
1787040000000,603.68,603.69,601.32,602.49,52769.47
1787054400000,602.5,604.5,600.18,603.71,72478.36
1787068800000,603.72,604.79,602.88,603.36,31156.31
1787083200000,603.37,604.55,602.5,604.27,18490.15
1787097600000,604.28,605.19,601.8,602.38,42611.61
1787112000000,602.38,602.96,601.63,602.15,24726.07
1787126400000,602.15,603.8,602.0,603.08,24989.61
1787140800000,603.08,620.44,603.08,616.9,288320.32
1787155200000,616.9,620.65,614.6,617.05,158613.05
1787169600000,617.05,637.0,616.73,627.97,253551.05
1787184000000,627.96,630.74,622.8,626.79,128840.05
1787198400000,626.8,633.3,624.73,630.82,86971.04
1787212800000,630.83,649.49,630.78,646.23,276176.77
1787227200000,646.23,653.14,638.49,653.04,203340.62
1787241600000,653.03,655.0,647.3,650.9,127017.82
1787256000000,650.89,658.8,650.66,655.12,76944.69
1787270400000,655.12,667.19,653.59,661.31,178484.46
1787284800000,661.31,673.99,659.17,670.42,210461.98
1787299200000,670.43,686.95,668.53,674.99,344016.76
1787313600000,674.98,682.63,673.54,679.54,125263.25
1787328000000,679.54,682.6,673.23,673.47,103701.03
1787342400000,673.48,692.85,672.2,687.51,172202.26
1787356800000,687.5,723.78,682.12,718.87,381138.4
1787371200000,718.87,727.15,684.0,706.55,508723.9
1787385600000,706.55,710.95,684.47,694.91,261608.5
1787400000000,694.91,698.78,688.68,688.95,99242.5
1787414400000,688.95,700.31,688.77,699.07,66008.05
1787428800000,699.07,701.09,691.66,695.69,89418.66
1787443200000,695.69,702.45,688.78,689.68,117882.6
1787457600000,689.68,690.82,677.29,684.42,193508.62
1787472000000,684.41,695.93,684.06,695.39,94576.01
1787486400000,695.39,700.49,690.24,695.42,94473.53
1787500800000,695.44,700.85,695.44,699.29,62739.41
1787515200000,699.3,707.77,698.2,702.93,85261.15
1787529600000,702.93,705.57,693.68,696.25,106451.8
1787544000000,696.25,703.88,694.81,699.12,78341.28
1787558400000,699.13,707.6,693.23,704.21,102074.3
1787572800000,704.2,717.41,696.8,706.32,241428.0
1787587200000,706.33,712.82,698.9,702.41,139974.51
1787601600000,702.42,705.73,700.46,704.67,46388.45
1787616000000,704.66,719.8,703.92,715.89,149145.65
1787630400000,715.9,719.17,702.73,706.73,108497.31
1787644800000,706.73,709.2,697.08,697.24,105266.16
1787659200000,697.24,700.75,690.64,700.35,142449.86
1787673600000,700.36,701.88,697.01,698.48,41413.25
1787688000000,698.49,698.81,688.15,694.83,72649.15
1787702400000,694.83,698.59,691.75,696.44,45887.81
1787716800000,696.45,700.47,693.03,698.93,53562.34
1787731200000,698.93,708.71,694.57,702.64,107365.97
1787745600000,702.64,704.49,692.31,697.42,134455.02
1787760000000,697.42,702.49,695.08,699.87,52100.35
1787774400000,699.88,708.8,698.06,707.89,61367.36
1787788800000,707.9,708.13,702.4,703.68,50140.73
1787803200000,703.67,708.26,701.4,707.79,45138.17
1787817600000,707.79,716.15,705.27,707.14,142175.6
1787832000000,707.14,714.24,705.32,711.84,106888.53
1787846400000,711.83,714.69,706.99,710.4,61106.43
1787860800000,710.4,713.08,709.15,712.14,29754.37
1787875200000,712.14,719.14,706.47,709.88,126393.73
1787889600000,709.87,714.66,706.54,707.19,57582.89
1787904000000,707.19,709.76,703.2,706.47,66634.16
1787918400000,706.47,707.78,696.06,696.3,129125.8
1787932800000,696.3,696.79,685.81,689.28,150369.2
1787947200000,689.28,691.98,687.06,691.77,35918.69
1787961600000,691.76,692.78,688.82,688.96,26532.27
1787976000000,688.96,691.64,687.2,688.39,36350.51
1787990400000,688.39,690.14,687.44,689.67,27502.46
1788004800000,689.68,692.97,687.75,691.14,43987.31
1788019200000,691.14,694.62,690.65,693.74,41950.93
1788033600000,693.74,694.06,692.3,692.85,27662.27
1788048000000,692.84,696.0,691.0,695.06,36745.43
1788062400000,695.05,695.75,692.75,693.61,31310.76
1788076800000,693.6,695.33,691.74,693.28,40364.14
1788091200000,693.28,700.46,693.25,699.74,72035.27
1788105600000,699.74,704.4,698.37,699.95,63414.42
1788120000000,699.95,700.79,679.3,685.02,113064.32
1788134400000,685.02,688.74,682.53,685.67,64025.25
1788148800000,685.67,688.53,683.08,687.07,56771.9
1788163200000,687.07,689.94,685.09,687.42,48442.46
1788177600000,687.42,691.8,684.51,689.92,74565.46
1788192000000,689.93,695.07,688.4,691.96,54781.29
1788206400000,691.97,693.41,690.33,691.67,23473.2
1788220800000,691.67,695.23,690.42,693.85,41226.73
1788235200000,693.84,694.89,689.3,690.87,42303.16
1788249600000,690.88,691.1,685.82,687.69,57473.35
1788264000000,687.69,689.14,683.6,687.09,49778.29
1788278400000,687.09,687.24,675.0,680.21,81510.76
1788292800000,680.2,684.42,677.97,683.35,46136.13
1788307200000,683.35,690.0,679.97,687.83,82342.82
1788321600000,687.83,690.03,686.27,688.04,52717.54
1788336000000,688.03,688.44,680.63,684.21,65218.1
1788350400000,684.21,689.97,683.23,688.02,65032.34
1788364800000,688.02,689.48,685.05,686.99,53686.83
1788379200000,687.0,689.41,685.87,689.26,26215.84
1788393600000,689.26,695.4,686.6,693.02,60830.21
1788408000000,693.02,699.99,690.16,698.41,75904.28
1788422400000,698.41,716.24,698.41,711.91,174960.25
1788436800000,711.92,728.86,709.0,728.33,218050.99
1788451200000,728.34,728.92,719.28,725.05,100061.38
1788465600000,725.05,728.13,721.01,725.6,62657.34
1788480000000,725.61,730.65,719.33,724.01,96237.07
1788494400000,724.02,730.0,714.5,714.95,107049.64
1788508800000,714.96,725.59,714.13,724.74,97214.22
1788523200000,724.74,727.93,709.17,717.1,208401.56
1788537600000,717.09,720.85,716.49,720.78,13859.6
