timestamp,open,high,low,close,volume
1741204800000,89711.2,91000.0,89626.3,90566.1,22989.46
1741219200000,90566.1,91988.0,89955.0,91563.2,37147.404
1741233600000,91563.2,92780.3,91222.0,91311.3,32218.874
1741248000000,91311.4,91642.3,90572.4,91319.2,30673.037
1741262400000,91319.2,91420.0,89070.0,90777.9,79791.931
1741276800000,90777.9,91025.7,87790.5,88488.5,73825.248
1741291200000,88488.5,90748.0,88428.8,89887.8,49402.138
1741305600000,89887.9,91257.7,84600.0,86958.5,132530.28
1741320000000,86958.4,88569.9,86809.2,88308.8,26269.039
1741334400000,88308.8,89666.0,87932.0,88928.8,27344.006
1741348800000,88928.9,91107.9,87979.0,88424.9,106013.324
1741363200000,88425.0,88990.0,86530.0,87787.2,87066.667
1741377600000,87787.3,88494.3,85555.0,86753.8,73250.879
1741392000000,86753.8,86876.5,85108.0,85880.0,27166.455
1741406400000,85880.0,86622.9,85607.7,86159.2,14502.391
1741420800000,86159.2,86422.0,85720.0,85923.9,12411.924
1741435200000,85923.9,86587.0,85774.8,86360.0,14833.073
1741449600000,86360.0,86459.0,85605.5,86190.5,18610.891
1741464000000,86190.5,86458.8,85800.0,86184.7,8581.453
1741478400000,86184.7,86470.6,85902.0,86077.1,10664.199
1741492800000,86077.1,86128.3,85753.3,85968.9,8708.738
1741507200000,85968.8,86092.8,84601.3,84990.1,28696.135
1741521600000,84990.0,85028.1,82619.3,83030.5,56855.474
1741536000000,83030.4,83727.8,82176.9,82604.9,53961.081
1741550400000,82605.0,83515.0,79933.4,80688.8,62723.721
1741564800000,80690.7,82694.2,80001.0,82000.1,51441.0
1741579200000,82000.1,82761.0,81947.0,82277.6,18157.406
1741593600000,82277.7,84031.5,81110.0,83540.2,76138.678
1741608000000,83540.3,83728.2,79142.8,80009.7,124660.837
1741622400000,80009.7,80217.6,77410.1,79037.1,106456.31
1741636800000,79035.3,79844.4,78363.6,78567.8,39532.566
1741651200000,78567.8,79888.0,76560.0,79486.6,78235.731
1741665600000,79486.7,80585.5,79411.2,80386.0,33668.415
1741680000000,80386.0,82061.5,80291.0,81684.6,41608.884
1741694400000,81684.5,82240.0,79026.2,81190.7,139695.873
1741708800000,81190.7,83600.0,80600.0,83060.1,74604.747
1741723200000,83060.1,83261.7,82512.4,82896.0,22965.519
1741737600000,82896.0,83741.8,82066.5,82098.2,35999.113
1741752000000,82098.2,82500.0,81250.0,82402.9,37098.324
1741766400000,82402.8,83046.9,81980.0,82972.0,37875.934
1741780800000,82971.9,84487.0,80578.5,81688.1,122716.834
1741795200000,81688.0,83127.4,81575.6,82877.3,53129.002
1741809600000,82877.3,83849.0,82662.0,83640.7,19351.917
1741824000000,83640.7,84307.1,83267.1,83537.1,24001.951
1741838400000,83537.2,83663.0,82813.2,83118.5,24236.411
1741852800000,83118.6,83494.6,82350.0,82939.5,30560.697
1741867200000,82939.3,84030.0,80914.4,81016.0,88799.609
1741881600000,81016.0,81243.8,79903.4,80177.9,58197.608
1741896000000,80177.5,81450.5,80162.9,81085.4,22163.776
1741910400000,81085.5,82249.0,80772.0,81861.5,27108.918
1741924800000,81861.5,82425.0,81730.9,82124.5,17419.406
1741939200000,82124.6,83330.0,82121.2,83202.8,30208.907
1741953600000,83202.9,85270.2,82594.3,84692.2,97510.76
1741968000000,84692.1,84908.8,83908.3,84508.1,40100.559
1741982400000,84504.8,84507.8,83654.7,83939.8,21196.158
1741996800000,83939.9,84625.0,83915.4,84439.9,13976.156
1742011200000,84440.0,84520.0,83752.9,83797.0,12901.624
1742025600000,83797.1,84143.9,83564.5,84054.8,18511.016
1742040000000,84054.7,84442.0,83961.6,84295.8,16141.216
1742054400000,84295.7,84453.4,84060.0,84261.2,9720.647
1742068800000,84261.2,84433.1,84191.2,84302.9,5424.311
1742083200000,84303.0,84357.1,83691.3,84295.9,13994.399
1742097600000,84296.0,84382.2,83924.4,84242.0,10835.962
1742112000000,84242.1,84300.0,82333.4,82367.9,37793.928
1742126400000,82367.9,83454.0,82354.8,83280.0,36041.854
1742140800000,83280.0,85136.0,82500.0,83064.3,51260.232
1742155200000,83064.3,83424.4,81925.6,82541.6,24704.325
1742169600000,82541.6,83696.6,82483.9,83641.0,21622.978
1742184000000,83641.1,83842.8,82630.8,83525.2,23981.245
1742198400000,83525.3,83749.9,83171.7,83475.0,18023.286
1742212800000,83475.0,84000.0,82384.0,83499.0,64260.353
1742227200000,83499.1,84727.1,83054.9,84436.2,39230.746
1742241600000,84436.2,84464.1,83700.0,83962.9,15543.474
1742256000000,83963.0,83979.8,82913.6,83107.6,23013.546
1742270400000,83107.6,83241.1,82207.7,83124.8,33722.964
1742284800000,83124.7,83422.8,82457.6,82550.0,21256.271
1742299200000,82550.1,82791.3,81113.5,81567.8,61034.89
1742313600000,81567.5,82446.8,81203.1,82273.4,33916.237
1742328000000,82273.5,82772.7,81823.5,82666.1,15953.841
1742342400000,82666.2,83200.0,82501.8,83008.4,20173.238
1742356800000,83008.4,83329.9,82752.1,83152.5,16262.798
1742371200000,83152.5,84088.2,83137.8,83848.4,29259.361
1742385600000,83848.5,84855.0,83455.6,84693.3,47755.976
1742400000000,84693.3,85908.0,83500.0,85382.5,102445.196
1742414400000,85382.6,86990.0,85163.9,86809.8,36065.172
1742428800000,86809.8,87500.0,85580.6,85849.5,46168.248
1742443200000,85849.6,85972.3,85383.0,85764.7,17109.791
1742457600000,85764.7,86285.8,84685.5,85462.2,39885.293
1742472000000,85462.9,86490.0,84520.0,84642.1,65648.016
1742486400000,84642.0,84846.1,83613.6,84129.3,55952.889
1742500800000,84129.3,84582.8,83877.4,84183.6,18179.255
1742515200000,84183.6,84813.6,84140.0,84409.9,15520.668
1742529600000,84410.0,84773.6,83650.3,83889.6,20591.929
1742544000000,83889.5,84319.5,83679.8,84006.0,19775.675
1742558400000,84005.9,84344.4,83122.0,83525.9,52089.133
1742572800000,83525.9,84405.9,83333.0,83925.0,25233.681
1742587200000,83925.0,84550.0,83778.0,84050.3,11211.185
1742601600000,84050.3,84286.0,83940.2,84214.1,7551.459
1742616000000,84214.1,84389.0,84110.6,84235.4,6393.596
1742630400000,84235.4,84509.0,84073.7,84190.8,9147.168
1742644800000,84190.8,84257.2,83932.0,84073.5,8977.145
1742659200000,84073.4,84292.0,84021.1,84134.6,6453.155
1742673600000,84134.5,84171.6,83589.5,83804.9,13696.129
1742688000000,83804.9,84241.5,83761.2,84195.1,7066.186
1742702400000,84195.1,84282.4,84025.2,84229.9,5066.142
1742716800000,84229.9,85024.8,84216.8,84651.5,20060.748
1742731200000,84651.4,85231.7,84529.0,85148.0,18572.248
1742745600000,85148.0,85376.4,84756.0,84966.7,19055.791
1742760000000,84966.7,86110.9,84868.9,86044.2,21078.758
1742774400000,86044.1,86619.9,85478.3,86502.6,34610.78
1742788800000,86502.6,87277.5,86502.5,86827.6,31398.367
1742803200000,86827.5,87898.9,86808.0,87643.5,26543.017
1742817600000,87643.6,88752.0,87100.0,88283.6,58494.267
1742832000000,88283.7,88492.1,87630.0,88162.3,34573.071
1742846400000,88162.3,88438.5,87010.0,87463.4,25287.982
1742860800000,87463.4,87644.0,86278.5,86477.4,28269.465
1742875200000,86477.3,86847.3,86260.0,86404.4,22193.451
1742889600000,86404.5,87448.0,86358.2,87323.3,22125.787
1742904000000,87323.4,88221.0,86839.2,87723.0,47579.277
1742918400000,87723.0,88284.0,87532.3,88051.4,23475.471
1742932800000,88054.0,88500.0,87079.0,87369.8,29861.838
1742947200000,87369.9,87864.4,86980.0,87120.6,16890.189
1742961600000,87120.6,88270.2,87000.3,88106.7,22666.057
1742976000000,88106.7,88235.0,87781.8,87914.9,15319.543
1742990400000,87914.9,87975.0,86387.7,86696.9,63270.743
1743004800000,86696.8,87032.6,85816.3,86525.3,40992.066
1743019200000,86525.2,87360.0,86473.8,86873.8,28818.097
1743033600000,86873.9,87722.4,86752.3,87631.1,18655.879
1743048000000,87631.2,87654.2,87210.0,87363.2,10658.862
1743062400000,87363.1,87562.4,86741.5,86900.7,20115.926
1743076800000,86900.7,87528.0,85724.5,86931.2,77093.821
1743091200000,86931.2,87380.6,86738.0,87025.8,23043.518
1743105600000,87025.9,87695.9,86892.0,87191.2,13883.683
1743120000000,87191.2,87470.0,86694.5,86746.8,19440.395
1743134400000,86746.8,86792.8,85121.1,85175.1,50638.309
1743148800000,85175.1,85409.5,84767.0,85214.0,36315.505
1743163200000,85214.0,85575.0,83915.6,84011.1,66581.578
1743177600000,84011.0,84190.0,83531.7,83760.7,32959.417
1743192000000,83760.7,84499.5,83659.6,84380.8,16349.356
1743206400000,84380.8,84589.7,83668.1,84125.7,18318.477
1743220800000,84125.8,84222.0,83618.0,83696.0,11481.064
1743235200000,83696.1,83917.5,81963.0,82255.1,43603.689
1743249600000,82255.1,82839.9,82104.0,82377.3,22396.817
1743264000000,82377.3,82737.6,81601.0,82722.9,29476.229
1743278400000,82722.9,82759.4,82214.0,82604.7,10237.429
1743292800000,82604.8,83456.0,82450.9,83042.8,19850.117
1743307200000,83042.8,83283.3,82818.5,83037.4,13129.496
1743321600000,83037.5,83490.0,82924.1,83080.0,14250.728
1743336000000,83080.0,83229.6,82531.4,82699.9,18904.413
1743350400000,82699.9,82878.2,82000.0,82510.6,19922.238
1743364800000,82510.5,82732.5,81501.4,82352.8,23508.933
1743379200000,82353.1,82416.0,81222.0,81491.5,31536.956
1743393600000,81491.6,82275.5,81358.1,81895.2,19826.27
1743408000000,81895.1,82236.0,81250.0,82171.5,28834.653
1743422400000,82171.6,83895.8,81600.5,83373.4,80021.15
1743436800000,83373.3,83655.4,82350.0,82426.7,32906.251
1743451200000,82426.7,82898.6,82221.0,82517.5,18939.296
1743465600000,82517.5,83213.0,82383.3,82929.9,15244.22
1743480000000,82930.0,83565.0,82846.1,83415.2,15232.027
1743494400000,83415.2,84474.8,83401.0,83879.9,35987.638
1743508800000,83880.0,85475.0,82505.0,85245.4,81146.631
1743523200000,85245.5,85452.5,84666.3,84911.7,31993.203
1743537600000,84911.6,85595.5,84715.7,85120.9,17659.457
1743552000000,85121.0,85217.9,84479.2,84509.5,19256.193
1743566400000,84509.5,84695.0,83846.0,84389.8,24222.399
1743580800000,84389.7,85425.0,84220.0,84528.4,30044.064
1743595200000,84528.3,87288.0,84424.1,86709.5,101403.902
1743609600000,86709.5,87255.0,86142.0,86854.2,42796.162
1743624000000,86854.2,88500.0,82300.0,82485.1,131241.658
1743638400000,82485.1,83889.2,82137.3,83449.0,43538.786
1743652800000,83449.2,83707.9,82962.1,83423.7,18012.198
1743667200000,83423.7,83774.1,83008.4,83058.1,25845.247
1743681600000,83058.0,83112.0,81172.2,82001.8,92135.552
1743696000000,82001.7,82463.7,81504.8,81977.4,35332.973
1743710400000,81977.4,83298.0,81754.9,83181.5,24298.763
1743724800000,83181.7,83376.0,82553.8,82787.9,23066.562
1743739200000,82787.9,83987.0,82569.9,83968.2,24342.362
1743753600000,83968.1,84686.2,81624.6,82633.7,90960.907
1743768000000,82633.7,83682.9,81796.6,82822.0,128058.822
1743782400000,82821.9,84580.0,82700.0,83971.9,67073.197
1743796800000,83969.3,84422.9,83449.7,83861.3,19607.356
1743811200000,83861.4,84244.5,83323.7,83585.7,17023.772
1743825600000,83585.6,83832.1,83300.5,83490.0,10620.814
1743840000000,83490.0,83866.3,83326.2,83428.4,11518.556
1743854400000,83428.3,83516.8,82333.8,82576.4,33111.923
1743868800000,82576.5,83108.8,82561.8,82818.7,12394.7
1743883200000,82818.7,83674.9,82781.5,83506.1,14904.439
1743897600000,83506.1,83790.5,83100.0,83301.7,13707.665
1743912000000,83301.7,83496.9,82980.0,82990.9,10928.376
1743926400000,82990.9,83143.9,82625.0,82810.1,16830.905
1743940800000,82810.1,82944.0,82155.4,82497.4,29601.982
1743955200000,82497.4,82524.9,78635.0,79572.6,108788.065
1743969600000,79572.6,79858.7,77111.0,78390.0,101334.76
1743984000000,78390.1,79311.5,77311.0,77669.6,69452.679
1743998400000,77669.5,77950.0,74457.0,75084.1,120677.337
1744012800000,75084.1,77550.6,75051.7,76655.9,91159.234
1744027200000,76656.0,81200.0,75761.5,78444.6,284460.151
1744041600000,78444.6,79347.1,77262.6,78086.3,91535.93
1744056000000,78093.7,80184.7,78060.0,79140.0,36558.172
1744070400000,79140.1,80832.1,78726.5,79869.2,44433.57
1744084800000,79869.3,80383.4,79177.0,79448.6,25868.771
1744099200000,79448.5,80049.8,78788.0,79949.7,33896.193
1744113600000,79949.7,80359.5,78136.0,78460.0,92487.008
1744128000000,78459.9,78500.0,76311.0,76830.0,100174.783
1744142400000,76832.0,77259.9,76200.1,76297.9,31549.209
1744156800000,76298.0,76834.6,74578.5,75040.0,79097.57
1744171200000,75039.9,77906.6,74952.0,77651.4,75116.64
1744185600000,77651.3,77833.8,75735.9,76204.1,72634.361
1744200000000,76204.1,78288.8,75988.0,77237.6,98020.43
1744214400000,77237.5,82967.4,77104.0,82291.4,183836.453
1744228800000,82291.4,83554.9,81980.1,82588.0,51944.408
1744243200000,82587.9,82706.9,81424.3,81731.8,34510.348
1744257600000,81731.9,82315.4,81241.1,81561.6,28212.148
1744272000000,81561.5,82083.3,81300.9,81839.2,27826.27
1744286400000,81839.1,82488.0,78559.0,78731.7,115295.495
1744300800000,78731.7,80011.8,78416.0,79611.1,67707.74
1744315200000,79611.1,79999.9,79335.2,79560.2,20110.099
1744329600000,79560.3,80855.0,78935.5,80796.9,41672.942
1744344000000,80796.9,81388.0,80460.0,81213.6,30258.33
1744358400000,81213.7,82944.3,80691.3,82096.6,68755.993
1744372800000,82096.5,83297.9,81305.0,82486.7,79925.014
1744387200000,82486.8,84178.7,81968.0,83809.5,54200.084
1744401600000,83809.5,84300.0,83115.1,83378.3,20965.508
1744416000000,83378.3,83537.6,82756.0,82940.3,18705.45
1744430400000,82940.3,83785.4,82824.2,83685.4,21558.323
1744444800000,83685.4,83998.9,83260.0,83484.0,16179.792
1744459200000,83484.0,85388.0,83432.6,84974.1,58881.989
1744473600000,84974.1,85225.0,84389.5,84891.8,21838.433
1744488000000,84891.7,85884.2,84830.8,85237.8,20838.85
1744502400000,85237.9,86100.0,84689.5,85388.8,34243.838
1744516800000,85388.8,85400.0,84355.1,84378.4,28885.799
1744531200000,84378.4,84918.0,84160.8,84490.6,21104.862
1744545600000,84490.6,84649.0,83450.7,83820.1,40410.003
1744560000000,83820.1,84999.9,82991.5,83949.9,42854.152
1744574400000,83950.0,84424.3,82999.9,83713.7,39539.726
1744588800000,83713.8,85534.8,83630.9,84536.4,53910.823
1744603200000,84536.4,85067.1,84170.2,84544.2,20195.283
1744617600000,84544.3,84936.9,84202.0,84891.5,21445.178
1744632000000,84891.6,85755.0,83668.9,84054.4,69300.966
1744646400000,84054.4,85171.9,83813.9,84872.6,32361.607
1744660800000,84872.5,84925.5,84376.0,84553.9,12135.499
1744675200000,84553.9,85392.2,84303.0,85351.9,22331.604
1744689600000,85351.9,85835.0,85109.9,85691.3,24303.263
1744704000000,85691.3,85974.9,85314.4,85549.3,27366.079
1744718400000,85549.3,86443.0,84567.0,84871.9,65580.031
1744732800000,84871.9,85115.1,83888.0,83954.6,26216.961
1744747200000,83954.5,84197.9,83560.0,83608.7,18724.244
1744761600000,83608.6,83915.7,83063.9,83654.0,25553.467
1744776000000,83653.9,83788.5,83165.8,83325.0,20539.39
1744790400000,83325.0,84091.7,83100.0,84008.5,28400.044
1744804800000,84008.4,85232.0,83453.4,84810.7,51343.8
1744819200000,84811.3,85493.5,83198.2,84286.0,69049.234
1744833600000,84286.0,84642.8,83986.7,83990.0,14555.483
1744848000000,83990.1,84468.8,83772.5,83953.3,16179.399
1744862400000,83953.3,85043.4,83856.9,84629.0,20775.92
1744876800000,84629.0,84730.0,84144.1,84531.8,15124.909
1744891200000,84531.8,84829.4,83700.0,84495.5,36468.828
1744905600000,84495.6,85441.5,84358.0,84797.5,42706.516
1744920000000,84797.0,85100.0,84681.4,84915.0,9777.623
1744934400000,84914.9,85100.0,84682.8,84790.3,8330.771
1744948800000,84790.4,84803.1,84349.3,84622.9,12408.591
1744963200000,84622.9,84734.5,84428.9,84629.4,8899.434
1744977600000,84629.5,84730.0,84300.5,84332.3,11609.942
1744992000000,84332.2,84616.1,84260.0,84529.1,8055.92
1745006400000,84529.0,84659.8,84291.4,84421.0,5914.184
1745020800000,84421.0,84947.8,84317.2,84845.3,10423.621
1745035200000,84845.3,85240.0,84840.1,85174.5,13824.92
1745049600000,85174.5,85400.0,85070.9,85179.3,12830.984
1745064000000,85179.3,85600.0,85006.2,85146.3,15225.821
1745078400000,85146.3,85277.8,84613.5,85054.3,16462.047
1745092800000,85054.2,85332.7,84966.0,85046.9,4613.173
1745107200000,85046.9,85283.6,85001.0,85116.6,5474.433
1745121600000,85116.7,85210.0,84650.0,84736.5,15243.765
1745136000000,84736.6,84751.0,83900.0,84084.6,23477.675
1745150400000,84084.6,84638.4,84050.5,84304.5,17096.184
1745164800000,84304.6,84624.5,84234.1,84608.8,7272.931
1745179200000,84608.9,85266.5,84572.0,85138.8,22086.83
1745193600000,85138.9,87621.8,85100.0,87166.6,72207.253
1745208000000,87166.6,87702.3,87007.0,87400.6,19796.228
1745222400000,87400.7,87777.0,86610.0,86936.4,29449.949
1745236800000,86936.5,88418.2,86750.0,87997.4,72486.723
1745251200000,87997.3,88216.3,86327.0,87369.1,57440.549
1745265600000,87369.2,87599.8,86852.0,87466.0,22689.169
1745280000000,87466.0,88850.0,87017.5,88111.0,52155.508
1745294400000,88111.0,88445.0,87911.1,88434.9,18699.693
1745308800000,88434.9,88649.9,88187.2,88572.7,19693.026
1745323200000,88572.8,91373.0,88432.9,90881.2,124199.257
1745337600000,90881.1,91686.6,90561.7,91356.4,50079.386
1745352000000,91356.3,94142.5,90999.3,93404.9,69178.211
1745366400000,93404.9,93864.9,92552.0,93126.0,33940.086
1745380800000,93126.0,94263.0,92964.1,94102.5,28985.949
1745395200000,94102.6,94453.0,93280.0,93425.2,35725.834
1745409600000,93425.2,94904.3,91898.0,93140.3,86830.394
1745424000000,93140.3,94178.0,92860.0,93436.3,33955.173
1745438400000,93436.4,93869.9,93181.8,93632.1,13310.992
1745452800000,93632.2,93735.1,92607.0,92632.9,19305.989
1745467200000,92632.8,92869.9,92055.1,92166.0,24136.437
1745481600000,92166.1,92620.0,91619.0,92575.1,30141.353
1745496000000,92575.2,93429.6,92380.4,93144.8,36090.385
1745510400000,93144.8,93595.7,92625.0,93497.5,26446.208
1745524800000,93497.6,93980.6,92969.0,93931.6,20972.356
1745539200000,93931.5,94409.5,92788.0,93262.9,29877.009
1745553600000,93262.9,93821.7,92959.2,93734.0,16763.171
1745568000000,93733.9,94642.6,93493.9,94602.3,24204.202
1745582400000,94602.2,95769.6,93876.0,94999.8,78266.827
1745596800000,94999.8,95498.3,94310.0,95229.2,31103.127
1745611200000,95229.3,95284.5,94402.0,94591.8,11616.141
1745625600000,94591.8,95157.1,94500.5,94685.0,13091.802
1745640000000,94685.0,94776.1,94274.0,94520.1,10766.592
1745654400000,94520.0,94680.0,93947.5,94095.6,17868.057
1745668800000,94095.7,94360.0,93833.0,94325.0,12882.691
1745683200000,94325.0,94332.6,94000.0,94261.0,6646.13
1745697600000,94261.0,94850.2,94043.1,94575.7,11282.937
1745712000000,94575.7,95280.5,94000.0,94121.7,25352.851
1745726400000,94121.6,94250.0,93586.7,94027.6,12220.315
1745740800000,94027.7,94295.4,93840.0,93871.1,9208.402
1745755200000,93871.1,94140.8,93547.3,93857.7,15121.759
1745769600000,93857.7,94394.3,93680.0,94388.9,9835.889
1745784000000,94388.9,94517.9,93600.0,93697.1,12076.967
1745798400000,93697.0,93943.8,92700.0,93799.9,34243.196
1745812800000,93800.0,94758.0,93799.9,94641.6,19207.845
1745827200000,94641.6,95490.0,94259.2,95276.1,36146.553
1745841600000,95276.1,95578.8,93520.2,93772.8,60496.166
1745856000000,93772.7,94874.2,93367.2,94740.9,27658.149
1745870400000,94741.0,95146.3,94244.5,94969.0,16668.807
1745884800000,94969.0,95415.7,94380.0,94599.9,32535.76
1745899200000,94599.9,94927.6,94154.1,94878.0,17947.813
1745913600000,94877.9,95264.9,94700.1,95086.9,17261.808
1745928000000,95087.0,95260.0,94466.5,94790.7,25266.996
1745942400000,94790.6,95426.4,94590.5,95250.5,25414.524
1745956800000,95250.5,95350.0,93678.7,94200.1,29404.893
1745971200000,94200.1,95078.5,94081.4,94989.3,18097.325
1745985600000,94989.3,95149.9,94442.3,94577.6,15073.172
1746000000000,94577.6,95186.5,94468.6,95126.5,14665.449
1746014400000,95126.4,95163.6,92848.1,93948.4,81587.654
1746028800000,93948.4,94488.0,93476.2,94118.2,22363.333
1746043200000,94118.2,94751.8,93950.0,94125.1,19142.377
1746057600000,94125.2,94978.1,94086.7,94737.5,19363.191
1746072000000,94737.6,95146.2,94660.2,94978.6,16342.808
1746086400000,94978.6,96351.8,94866.6,96129.9,41762.093
1746100800000,96130.0,97388.0,95742.1,96793.9,62733.29
1746115200000,96793.9,97300.0,96344.4,96459.1,28899.433
1746129600000,96459.5,96834.4,96122.4,96423.3,15425.94
1746144000000,96423.2,97193.7,96400.0,97054.9,17200.018
1746158400000,97055.0,97262.0,96283.1,96302.0,19341.642
1746172800000,96302.0,97072.2,96300.0,96875.7,14786.274
1746187200000,96875.7,97865.4,96585.1,97270.1,54228.73
1746201600000,97270.1,97740.0,96700.0,96856.8,23304.485
1746216000000,96856.8,97083.4,96507.6,96831.2,10336.377
1746230400000,96831.2,96868.4,96255.0,96292.1,12788.794
1746244800000,96292.1,96557.7,96064.1,96290.8,10809.148
1746259200000,96290.8,96377.8,95804.8,95895.6,15912.985
1746273600000,95895.7,96456.0,95834.4,96358.7,11574.759
1746288000000,96358.7,96370.0,95812.7,96312.0,10135.037
1746302400000,96312.0,96399.9,95700.0,95803.3,10199.906
1746316800000,95803.3,96266.6,95508.7,95680.0,14654.377
1746331200000,95680.0,96109.6,95634.0,95842.1,9794.382
1746345600000,95842.1,95886.5,95227.2,95376.0,17133.692
1746360000000,95376.0,95649.0,95172.4,95421.1,13352.424
1746374400000,95421.1,95590.0,95200.1,95533.9,9415.553
1746388800000,95534.0,95700.0,94116.4,94230.2,29910.449
1746403200000,94230.2,94750.1,93445.1,94001.1,35169.994
1746417600000,94001.2,94778.5,93980.0,94696.4,18884.983
1746432000000,94696.4,94726.8,93835.0,93986.0,18035.166
1746446400000,93986.1,94501.0,93559.6,93726.0,37424.134
1746460800000,93726.0,94871.8,93705.3,94295.5,24018.27
1746475200000,94295.2,95165.1,93814.2,94696.7,21369.828
1746489600000,94696.7,94893.3,93961.0,94418.3,16000.398
1746504000000,94418.4,94600.0,94267.0,94350.0,8862.333
1746518400000,94350.0,94354.6,93662.2,93770.3,23699.819
1746532800000,93770.3,94697.2,93327.0,94513.2,48631.997
1746547200000,94513.2,95119.9,94145.4,94910.8,27227.515
1746561600000,94910.8,96879.5,94400.0,96798.9,49261.004
1746576000000,96798.9,97700.0,96153.2,96453.8,49252.243
1746590400000,96453.8,96963.0,96268.0,96940.0,15114.534
1746604800000,96940.0,97077.6,96783.0,97000.0,14368.674
1746619200000,97000.0,97446.8,96655.2,96889.0,34956.983
1746633600000,96889.0,96916.5,95718.5,96124.6,48429.239
1746648000000,96124.5,97363.8,96015.1,96988.4,23145.469
1746662400000,96988.4,99199.9,96831.5,99097.9,60617.723
1746676800000,99098.0,99374.3,98680.1,99212.0,32945.558
1746691200000,99212.1,99863.3,99165.2,99369.8,31717.498
1746705600000,99369.9,101493.2,99050.1,100730.8,83079.999
1746720000000,100730.9,101686.7,100550.0,101254.2,44847.125
1746734400000,101254.3,104305.3,101231.7,103228.1,64214.566
1746748800000,103228.0,103228.1,102327.9,102419.5,24344.001
1746763200000,102419.5,104373.0,102345.7,103597.4,31095.632
1746777600000,103597.4,103920.0,102376.5,102914.5,46422.104
1746792000000,102914.5,103746.8,102358.0,102852.9,38682.86
1746806400000,102853.0,103336.1,102240.0,103145.5,23424.037
1746820800000,103145.5,103366.0,102700.0,102941.9,8915.288
1746835200000,102941.9,103232.0,102784.0,103179.4,9036.731
1746849600000,103179.3,104085.0,102997.3,103721.7,18134.111
1746864000000,103721.7,104066.2,103311.0,103374.6,18529.911
1746878400000,103374.7,103781.1,103038.7,103102.6,13607.261
1746892800000,103102.6,103589.0,102940.0,103148.6,14747.802
1746907200000,103148.7,105000.1,103016.2,104788.8,30328.721
1746921600000,104788.8,104950.0,103406.3,103947.8,27276.827
1746936000000,103947.8,104363.9,103283.3,103327.9,18978.685
1746950400000,103327.8,104750.0,103321.0,104613.7,24045.282
1746964800000,104613.7,104873.5,103726.6,104083.0,30912.963
1746979200000,104082.9,104800.0,103691.9,104373.8,20721.626
1746993600000,104373.8,104526.3,103502.4,104072.7,17201.038
1747008000000,104072.7,105190.4,103664.8,104064.0,30422.81
1747022400000,104064.0,105863.1,103696.3,104426.2,52152.229
1747036800000,104426.3,104684.0,103550.0,103705.1,27636.31
1747051200000,103705.0,104620.1,102345.0,102481.7,70155.841
1747065600000,102481.8,103040.8,100678.0,101812.8,55847.607
1747080000000,101812.9,103080.9,101728.3,102739.3,20327.902
1747094400000,102739.3,102743.9,101400.0,101681.3,25611.921
1747108800000,101681.3,102900.0,101580.4,102624.0,18458.159
1747123200000,102624.0,103778.9,102507.6,103685.5,22686.973
1747137600000,103685.5,103930.1,102762.9,103633.1,44843.029
1747152000000,103633.0,104949.2,103488.2,104744.7,35688.452
1747166400000,104744.7,104889.2,103795.5,104082.0,15079.794
1747180800000,104082.0,104086.5,103409.0,103549.2,16919.418
1747195200000,103549.1,103949.6,103314.0,103662.2,13321.09
1747209600000,103662.2,104109.6,102815.0,103903.4,29067.801
1747224000000,103903.3,104319.0,102773.4,103461.4,39994.122
1747238400000,103461.3,103675.0,102536.0,103278.7,20724.08
1747252800000,103278.8,103626.5,103248.9,103458.1,6237.586
1747267200000,103458.1,103820.0,102663.5,102706.1,16572.907
1747281600000,102706.0,102926.2,101677.0,101733.9,23248.87
1747296000000,101734.0,102398.7,101433.0,102335.3,26222.22
1747310400000,102335.3,103242.0,101270.8,103211.2,48382.314
1747324800000,103211.2,104162.8,102500.0,103107.0,40544.155
1747339200000,103107.1,103939.8,102662.0,103714.5,21373.64
1747353600000,103714.2,104440.1,103414.8,103979.0,22492.546
1747368000000,103979.1,104150.0,103640.0,103646.6,14442.576
1747382400000,103646.5,103872.9,103062.3,103614.5,21526.35
1747396800000,103614.6,104258.7,103300.0,104144.0,26264.535
1747411200000,104144.0,104524.2,103533.2,103974.3,20926.27
1747425600000,103974.3,103991.7,103361.6,103412.2,9860.772
1747440000000,103412.2,103564.7,102541.6,103464.7,26575.089
1747454400000,103464.6,103658.0,103239.6,103399.4,10427.045
1747468800000,103399.5,103524.7,102705.0,102944.2,22486.468
1747483200000,102944.1,103132.3,102591.0,102900.0,11160.074
1747497600000,102900.1,103305.8,102706.6,103100.1,10946.644
1747512000000,103100.1,103458.6,102851.5,103079.6,8777.349
1747526400000,103079.5,103380.8,103052.2,103244.2,6439.874
1747540800000,103244.3,103949.6,103244.3,103893.0,13111.12
1747555200000,103893.0,104066.1,103754.4,103769.0,12871.838
1747569600000,103769.0,105665.3,103660.7,105484.2,41829.124
1747584000000,105484.2,105999.7,103800.0,103834.0,49587.471
1747598400000,103834.1,106629.8,103217.2,106407.6,49384.857
1747612800000,106407.5,107114.3,103502.4,103569.4,51326.874
1747627200000,103569.5,103739.2,102038.8,103167.0,57011.12
1747641600000,103167.1,103359.5,102732.8,102912.0,20571.05
1747656000000,102912.1,104920.2,102088.9,104740.4,60679.364
1747670400000,104740.5,105519.8,104426.8,105457.8,47160.881
1747684800000,105457.9,105798.5,104982.0,105531.6,21076.315
1747699200000,105531.5,106800.0,105480.1,105720.0,42632.84
1747713600000,105720.0,106371.3,104868.5,104980.1,27220.608
1747728000000,104980.1,105371.7,104808.6,105159.2,20790.139
1747742400000,105159.3,105357.6,104115.2,105294.5,41453.456
1747756800000,105294.5,107252.9,105028.4,106972.2,54588.39
1747771200000,106972.3,107292.5,105875.8,106800.1,39501.813
1747785600000,106800.0,107168.7,106146.9,106791.0,22911.733
1747800000000,106791.0,107950.0,106400.0,106463.6,49534.063
1747814400000,106463.7,106748.7,106037.9,106490.9,30178.731
1747828800000,106490.9,109430.0,106277.8,108936.6,94965.494
1747843200000,108936.6,109804.2,106085.3,108547.3,157112.935
1747857600000,108547.2,110830.0,107671.7,109609.5,58886.898
1747872000000,109609.6,111866.4,109153.4,111755.9,64755.016
1747886400000,111755.9,111776.3,110433.0,111005.8,47573.709
1747900800000,111005.8,111303.8,110238.5,110944.1,32748.467
1747915200000,110944.0,111582.5,110492.8,111250.6,49945.987
1747929600000,111251.0,111959.5,110860.5,111136.1,34534.378
1747944000000,111136.2,111692.9,110704.1,111662.7,16509.476
1747958400000,111662.6,111770.4,110958.5,111044.0,22959.44
1747972800000,111044.0,111143.3,110351.5,110685.2,23761.569
1747987200000,110685.3,111348.0,108816.0,109033.2,45137.26
1748001600000,109033.2,109969.6,107250.0,108892.4,108855.124
1748016000000,108892.5,109760.0,107950.0,108659.4,46212.629
1748030400000,108659.5,108677.2,106721.9,107271.5,32554.325
1748044800000,107271.6,108330.6,106836.0,108306.8,24382.839
1748059200000,108306.7,108520.0,107520.0,107550.6,21546.444
1748073600000,107550.7,109440.2,107546.1,109152.2,34423.684
1748088000000,109152.2,109227.1,108495.8,108889.2,29417.399
1748102400000,108889.1,109165.8,108647.1,108912.7,18957.367
1748116800000,108912.7,109084.8,107394.7,107698.9,36431.025
1748131200000,107699.0,108210.0,107142.0,108045.4,24941.567
1748145600000,108045.4,108250.1,107387.8,107637.1,14442.712
1748160000000,107637.1,107650.5,106653.0,107214.0,32864.988
1748174400000,107214.0,107698.4,106497.0,106927.9,33112.095
1748188800000,106928.0,107888.0,106593.4,107656.3,14416.703
1748203200000,107656.3,109285.1,107118.8,108955.9,39687.738
1748217600000,108956.0,109856.0,108616.6,109587.0,31295.991
1748232000000,109587.1,110197.9,109327.4,110049.9,21821.547
1748246400000,110049.9,110138.8,109500.0,109736.7,14879.39
1748260800000,109736.6,110400.0,109412.9,109963.2,30300.067
1748275200000,109963.2,110394.7,108807.0,109074.3,34224.496
1748289600000,109074.4,109863.2,108894.0,109386.8,14470.729
1748304000000,109386.8,109633.8,107438.0,108844.9,51580.633
1748318400000,108845.0,109600.0,108483.0,109488.0,24898.577
1748332800000,109488.0,109861.5,109366.9,109541.8,22031.647
1748347200000,109541.9,110700.0,108609.4,110091.3,77612.286
1748361600000,110091.3,110459.7,109516.1,109822.8,27423.933
1748376000000,109824.8,109857.6,108533.5,108889.3,20052.829
1748390400000,108889.2,109252.6,108339.2,108807.6,20569.689
1748404800000,108807.3,109040.7,108568.7,108764.9,12077.087
1748419200000,108764.9,109076.2,108178.1,108821.4,25977.609
1748433600000,108821.3,109012.0,107000.0,107065.5,53509.222
1748448000000,107065.5,107793.0,106881.5,106894.1,25973.073
1748462400000,106894.0,107999.0,106723.9,107723.1,20311.079
1748476800000,107723.1,108450.0,107378.6,107996.4,22974.724
1748491200000,107996.5,108056.8,106877.4,107839.4,21142.095
1748505600000,107839.5,108860.0,107638.6,108740.0,27695.002
1748520000000,108740.0,108772.9,106400.0,106972.5,66342.689
1748534400000,106972.6,107121.1,105580.0,105699.2,52209.294
1748548800000,105699.1,106415.0,105054.2,105539.9,22737.451
1748563200000,105539.9,106175.9,104521.0,105978.8,41953.33
1748577600000,105978.8,106266.0,104680.4,104997.5,28438.438
1748592000000,104997.5,105940.1,104568.0,105827.4,35034.252
1748606400000,105827.4,105949.1,105000.1,105504.0,38288.794
1748620800000,105504.0,105531.5,103650.2,104597.6,52008.664
1748635200000,104597.6,104849.9,103555.0,103950.0,23977.824
1748649600000,103949.9,104259.4,103032.1,103640.1,32955.856
1748664000000,103640.2,103863.6,103433.1,103700.6,11063.629
1748678400000,103700.5,103770.2,103249.9,103460.9,10547.557
1748692800000,103460.9,104800.0,103444.4,104497.1,29627.761
1748707200000,104497.1,104743.8,104215.0,104653.9,11091.248
1748721600000,104653.9,104859.3,104423.0,104544.7,8321.789
1748736000000,104544.6,104599.6,103860.9,104336.4,14341.262
1748750400000,104336.4,104700.0,104138.0,104231.0,9469.678
1748764800000,104230.9,104410.5,103704.1,104038.0,15555.538
1748779200000,104038.0,104760.0,103708.6,104664.0,16896.822
1748793600000,104663.9,105285.0,104280.1,105075.2,24033.126
1748808000000,105075.2,105823.6,104833.1,105583.3,17123.814
1748822400000,105583.3,105700.0,104520.0,104781.8,17614.141
1748836800000,104781.8,105398.5,104549.8,105346.4,15376.453
1748851200000,105346.4,105900.0,103867.8,104000.0,39491.959
1748865600000,104000.1,104646.1,103600.6,104396.8,42551.179
1748880000000,104396.9,104699.4,103982.9,104366.4,15855.761
1748894400000,104366.5,105893.8,104366.5,105814.3,27363.425
1748908800000,105814.4,106470.8,105280.0,105448.8,29321.06
1748923200000,105448.8,105475.4,105062.5,105134.4,12956.522
1748937600000,105134.4,105305.2,104822.4,105240.1,12289.458
1748952000000,105240.1,106775.0,104969.4,106556.1,42236.633
1748966400000,106556.1,106619.6,105526.2,106171.8,25039.332
1748980800000,106179.7,106208.0,105200.4,105330.1,17373.002
1748995200000,105330.1,105800.0,105072.0,105474.9,15154.628
1749009600000,105474.8,105566.4,105200.0,105260.2,9967.039
1749024000000,105260.1,105967.2,105039.1,105044.1,22229.278
1749038400000,105044.2,105510.2,104111.7,105254.7,44030.271
1749052800000,105254.7,105437.8,104824.0,104870.4,14054.096
1749067200000,104870.4,105006.3,104350.0,104641.8,13098.813
1749081600000,104641.8,105225.6,104594.8,104991.4,11856.411
1749096000000,104991.5,105183.0,104321.2,104473.0,15487.56
1749110400000,104473.1,104880.0,104373.0,104772.7,10288.16
1749124800000,104772.7,105878.3,103825.0,104490.5,68596.82
1749139200000,104490.5,104547.9,101500.0,101872.9,76338.478
1749153600000,101873.0,102163.9,100305.1,101458.6,63671.245
1749168000000,101458.7,102464.7,101003.4,102444.9,24397.812
1749182400000,102445.0,103424.5,102321.1,103096.8,28923.945
1749196800000,103096.7,103953.9,103096.7,103866.0,24302.565
1749211200000,103865.9,105283.0,103471.4,105035.4,61774.111
1749225600000,105035.4,105240.0,104010.0,104176.9,25548.57
1749240000000,104177.0,104574.9,104109.2,104240.0,9353.903
1749254400000,104240.1,104856.0,103800.1,104822.4,15787.969
1749268800000,104822.4,105293.0,104591.9,104813.6,13412.441
1749283200000,104813.7,105222.0,104632.0,105094.5,10912.449
1749297600000,105094.5,105758.8,105094.4,105507.9,19660.879
1749312000000,105507.9,105850.0,105222.6,105694.2,13309.422
1749326400000,105694.1,105878.3,105482.7,105507.5,6750.013
1749340800000,105507.5,105760.5,105347.0,105436.4,8070.07
1749355200000,105436.5,105617.2,105358.2,105380.4,5648.935
1749369600000,105380.5,105666.6,104927.4,105619.2,15763.69
1749384000000,105619.2,106200.0,105450.0,105917.5,19486.972
1749398400000,105917.6,106300.0,105888.5,106242.6,13202.73
1749412800000,106242.6,106482.6,105511.0,105676.5,12932.707
1749427200000,105676.5,105929.8,105253.2,105617.0,12640.84
1749441600000,105617.0,105685.7,105265.0,105516.7,8731.33
1749456000000,105516.7,107774.8,105429.2,107707.9,49256.42
1749470400000,107707.8,107985.0,106800.3,107564.3,43730.983
1749484800000,107564.3,108791.8,107563.4,108515.1,31629.447
1749499200000,108515.1,110653.6,108383.0,110227.9,46967.389
1749513600000,110228.0,110280.0,109340.0,109525.8,20879.389
1749528000000,109525.9,109690.8,109041.1,109178.0,17640.424
1749542400000,109178.1,109800.0,109010.2,109498.1,22098.84
1749556800000,109498.0,109852.9,108282.0,108975.3,44120.927
1749571200000,108975.2,110367.2,108467.5,109460.0,29872.958
1749585600000,109460.1,110265.5,109189.0,110235.4,17604.436
1749600000000,110235.4,110247.0,109500.0,109664.1,12285.286
1749614400000,109664.1,109715.4,109322.0,109396.9,9255.542
1749628800000,109396.9,109629.3,109133.8,109200.1,11892.147
1749643200000,109200.1,110350.0,108950.1,109694.8,47346.71
1749657600000,109694.9,109776.5,108331.7,108684.5,33333.871
1749672000000,108684.5,109164.8,108001.2,108600.0,20308.765
1749686400000,108600.1,108782.1,107650.0,107820.5,24193.834
1749700800000,107820.5,107951.0,107300.0,107577.0,17432.701
1749715200000,107577.0,107798.0,106830.0,106862.9,20489.988
1749729600000,106862.9,107769.1,106539.1,106960.6,44438.417
1749744000000,106960.6,108398.4,106621.0,106749.6,36093.638
1749758400000,106749.5,106929.9,105602.0,105609.5,43141.612
1749772800000,105609.4,105661.0,102614.0,104233.9,98662.526
1749787200000,104233.9,104891.4,103733.7,104831.4,27313.357
1749801600000,104831.4,105459.7,104360.0,104989.9,28154.767
1749816000000,104990.0,105750.0,104069.5,105391.9,46774.893
1749830400000,105392.0,105912.0,104607.0,105050.0,31938.527
1749844800000,105050.1,106141.1,104963.1,106027.3,13091.343
1749859200000,106027.3,106173.6,105150.1,105189.4,16567.596
1749873600000,105189.3,105374.9,104738.7,105025.1,9863.73
1749888000000,105025.0,105088.0,104772.3,105030.6,7912.806
1749902400000,105030.5,105084.2,104570.0,104783.4,11378.285
1749916800000,104783.4,105011.0,104290.0,104582.3,18623.517
1749931200000,104584.2,105438.0,104225.4,105359.9,15565.636
1749945600000,105359.8,105631.6,105208.7,105425.6,7896.238
1749960000000,105425.6,106099.4,105137.0,105374.1,16601.294
1749974400000,105374.2,105444.9,104812.2,104924.5,10938.222
1749988800000,104924.6,105810.6,104900.0,105526.0,16414.581
1750003200000,105525.9,105744.0,104999.9,105252.0,10211.904
1750017600000,105251.9,105571.4,104399.9,105534.6,16757.16
1750032000000,105534.7,105927.0,104920.0,105865.6,17792.791
1750046400000,105865.6,107250.0,105817.3,107023.8,30100.727
1750060800000,107023.8,107199.9,106540.0,106842.5,16343.835
1750075200000,106842.6,107759.8,106446.6,107374.9,32297.364
1750089600000,107375.0,108882.0,107258.0,108594.2,31766.821
1750104000000,108594.2,108900.0,106640.1,106750.1,38511.681
1750118400000,106750.1,107727.4,106068.0,107553.3,37289.67
1750132800000,107553.3,107655.6,106413.4,106711.1,17587.099
1750147200000,106711.0,106785.2,105461.4,105592.9,28139.512
1750161600000,105592.9,105816.5,104068.0,104199.2,60675.19
1750176000000,104199.2,105288.0,103300.0,104630.6,58959.759
1750190400000,104630.5,104865.8,104143.4,104508.0,23400.633
1750204800000,104508.0,105192.2,104312.2,105132.2,14529.003
1750219200000,105132.1,105500.0,104660.0,104925.7,17150.86
1750233600000,104925.6,105276.8,104111.4,104791.2,24837.186
1750248000000,104791.1,105300.0,103750.0,104744.2,52718.894
1750262400000,104744.2,104795.0,103426.1,103773.3,44220.997
1750276800000,103773.3,105098.0,103601.5,104832.8,19249.459
1750291200000,104832.8,105185.7,104364.5,105054.4,15050.881
1750305600000,105054.4,105184.0,104560.6,104585.9,12630.633
1750320000000,104585.8,105032.1,104570.1,104717.7,9030.799
1750334400000,104717.8,104861.0,104021.3,104055.1,21664.367
1750348800000,104055.2,104795.2,103870.3,104202.6,19357.697
1750363200000,104202.6,104869.4,104094.6,104607.1,9976.228
1750377600000,104607.1,104770.0,104338.5,104555.1,8187.275
1750392000000,104555.0,105765.8,104185.3,105763.5,22781.587
1750406400000,105763.6,106486.2,105715.0,105928.6,35129.8
1750420800000,105928.7,106111.9,103805.9,104168.5,58185.489
1750435200000,104168.5,104221.0,102255.3,103263.9,58187.934
1750449600000,103263.8,103796.8,102903.6,103246.1,16630.05
1750464000000,103246.1,103641.0,103067.7,103434.5,8659.61
1750478400000,103434.6,103550.0,103268.6,103402.2,6144.184
1750492800000,103402.1,103940.6,103401.9,103827.5,12050.22
1750507200000,103827.5,103899.0,103222.7,103516.7,17939.107
1750521600000,103516.7,103600.0,102128.2,102207.5,22756.187
1750536000000,102207.5,102849.2,100789.9,102079.8,53222.042
1750550400000,102079.8,103362.6,101781.8,102340.0,46913.542
1750564800000,102340.0,102910.7,102220.9,102399.0,16170.421
1750579200000,102399.1,102770.6,102022.5,102693.7,14959.174
1750593600000,102693.7,102789.7,98786.9,98849.9,119443.671
1750608000000,98849.7,100348.7,98608.9,98829.7,44659.1
1750622400000,98829.7,100993.5,98115.4,100904.7,51416.728
1750636800000,100904.7,101580.6,100425.6,101104.4,27455.568
1750651200000,101104.3,102155.1,100899.3,101874.5,23144.867
1750665600000,101874.4,102028.9,101071.1,101248.5,18847.037
1750680000000,101248.4,102596.5,100749.8,101369.7,54410.602
1750694400000,101369.6,103273.7,99547.6,103114.2,96846.702
1750708800000,103114.2,106050.0,102818.4,105290.9,76517.265
1750723200000,105291.0,105454.1,104658.0,104870.0,22863.359
1750737600000,104870.0,105775.9,104651.4,104891.8,27514.69
1750752000000,104891.8,105525.0,104570.8,105134.6,23689.654
1750766400000,105134.5,105675.0,104750.0,105184.4,32530.67
1750780800000,105184.3,106239.0,105125.3,105582.1,27242.579
1750795200000,105582.1,106073.9,105382.4,106034.9,10608.935
1750809600000,106034.9,106750.9,105755.6,106177.0,25837.304
1750824000000,106176.9,106664.2,105949.2,106547.5,11857.788
1750838400000,106547.5,107187.6,106286.5,107136.3,25270.696
1750852800000,107136.3,108095.7,106700.0,106982.6,62655.746
1750867200000,106982.7,107863.1,106859.0,107698.2,20971.111
1750881600000,107698.1,107965.9,107022.6,107280.0,12685.178
1750896000000,107280.1,108249.9,107041.4,107809.3,21442.778
1750910400000,107809.4,108044.9,107467.6,107768.5,10862.684
1750924800000,107768.6,108135.0,107050.0,107272.8,17852.704
1750939200000,107272.8,107724.5,106500.0,107260.0,33276.67
1750953600000,107259.9,107630.8,106952.0,107476.1,13297.913
1750968000000,107476.0,107971.3,106789.9,106913.7,17700.637
1750982400000,106913.8,107462.5,106345.2,107428.0,15903.805
1750996800000,107428.1,107686.0,106801.0,106816.9,13995.556
1751011200000,106816.9,107125.9,106616.8,106943.7,18756.592
1751025600000,106943.7,107378.6,106313.1,107261.3,34011.743
1751040000000,107261.2,107659.9,106373.3,106748.1,27344.038
1751054400000,106748.2,107232.1,106736.7,107010.7,8625.716
1751068800000,107010.6,107313.4,106767.0,107248.0,8573.672
1751083200000,107248.0,107458.4,107127.2,107433.0,5266.941
1751097600000,107433.1,107450.0,107194.7,107320.3,5080.545
1751112000000,107320.2,107538.0,107039.8,107407.6,6987.81
1751126400000,107407.7,107494.0,107157.0,107162.5,6567.659
1751140800000,107162.5,107324.8,107096.7,107241.0,3193.792
1751155200000,107240.9,107464.0,107112.6,107156.5,6341.251
1751169600000,107156.5,107372.6,107156.4,107367.2,3360.312
1751184000000,107367.3,108460.0,107351.6,108448.3,25224.949
1751198400000,108448.3,108499.0,107580.6,107686.9,14699.842
1751212800000,107686.9,107735.7,107233.1,107346.5,13327.099
1751227200000,107346.5,108400.0,107203.8,108309.8,16494.872
1751241600000,108309.8,108783.9,108193.5,108466.7,16475.112
1751256000000,108466.8,108500.0,107427.5,107562.6,20237.325
1751270400000,107562.6,107916.6,107320.0,107608.1,14358.165
1751284800000,107608.1,107821.8,106686.4,107525.6,38964.361
1751299200000,107525.7,107775.0,107057.9,107689.6,15502.118
1751313600000,107689.6,107714.9,106863.8,107087.4,9144.305
1751328000000,107087.3,107499.9,106972.9,107149.4,9332.538
1751342400000,107149.4,107164.5,106557.4,107134.9,15896.58
1751356800000,107134.8,107139.1,106222.0,106556.8,16028.372
1751371200000,106556.8,107140.7,105578.0,105908.3,45292.146
1751385600000,105908.3,106248.6,105333.0,105340.1,21726.122
1751400000000,105340.1,106066.1,105182.6,105637.9,12158.643
1751414400000,105637.9,106165.1,105010.0,106140.0,15209.233
1751428800000,106140.0,107144.4,106074.2,107026.0,21402.727
1751443200000,107026.1,107799.9,107026.1,107439.6,30093.388
1751457600000,107439.7,108754.6,107132.3,108695.3,42934.441
1751472000000,108695.4,109690.4,108603.9,109621.9,52472.299
1751486400000,109621.8,109621.9,108682.5,108800.0,15455.173
1751500800000,108800.0,109075.1,108480.6,108594.8,12861.074
1751515200000,108594.8,109516.3,108509.1,109235.0,16803.208
1751529600000,109234.9,110265.1,109234.9,109551.0,26021.311
1751544000000,109551.1,110484.0,108706.0,109089.8,60448.794
1751558400000,109089.9,109865.9,108966.0,109743.9,17643.766
1751572800000,109743.8,109963.1,109488.8,109545.2,7709.844
1751587200000,109545.1,109732.3,109050.0,109195.6,10659.199
1751601600000,109195.7,109283.2,108661.0,108661.0,15465.862
1751616000000,108661.1,109071.1,108456.4,108842.3,16634.811
1751630400000,108842.2,108929.3,107436.0,107534.7,48983.286
1751644800000,107534.6,107868.6,107200.0,107429.6,28292.819
1751659200000,107429.6,108229.0,107385.9,107935.4,12269.87
1751673600000,107935.3,108218.0,107688.3,108093.5,7916.035
1751688000000,108093.4,108368.1,107946.1,108000.9,7573.066
1751702400000,108000.8,108175.0,107828.1,108059.1,5891.798
1751716800000,108059.2,108194.4,107908.8,108012.7,5090.317
1751731200000,108012.6,108130.7,107809.2,108092.1,6157.434
1751745600000,108092.2,108183.8,107930.1,108153.4,4032.298
1751760000000,108153.4,108211.0,107968.1,107996.3,4372.14
1751774400000,107996.2,108180.0,107901.0,107991.3,3924.309
1751788800000,107991.4,108087.2,107743.4,108017.3,7597.263
1751803200000,108017.3,109079.1,107984.7,108856.8,25569.419
1751817600000,108856.8,108917.0,108209.6,108493.8,10930.018
1751832000000,108493.8,109684.7,108477.9,109145.8,19995.454
1751846400000,109145.8,109667.3,108622.6,109348.9,15642.606
1751860800000,109349.0,109409.7,108611.0,109016.3,11504.51
1751875200000,109016.3,109041.2,108525.0,108599.9,12004.305
1751889600000,108599.8,108612.2,107903.2,108249.0,30362.595
1751904000000,108248.9,108460.8,107456.0,107999.9,28556.766
1751918400000,107999.9,108250.1,107728.5,108203.9,8326.796
1751932800000,108203.9,108475.0,107400.0,107852.6,17984.307
1751947200000,107852.5,108445.8,107696.5,108440.7,10189.634
1751961600000,108440.7,108964.1,108172.4,108713.1,15943.556
1751976000000,108713.2,109180.0,108151.0,108217.0,24144.169
1751990400000,108217.0,109115.4,108041.0,108723.6,20875.072
1752004800000,108723.6,108928.0,108570.1,108873.1,6019.289
1752019200000,108873.2,109107.4,108284.2,108311.9,11601.542
1752033600000,108311.9,108900.0,108273.5,108674.8,9998.912
1752048000000,108674.7,109074.0,108510.0,109008.3,9544.375
1752062400000,109008.3,109738.5,108429.0,109020.0,44231.698
1752076800000,109019.9,112036.8,108975.9,111718.8,55843.017
1752091200000,111718.8,111931.5,110508.0,111199.9,36615.187
1752105600000,111199.8,111548.3,110834.6,111028.2,13062.149
1752120000000,111028.3,111399.7,110894.2,111186.1,10503.767
1752134400000,111186.2,111370.3,110800.0,110972.2,12366.984
1752148800000,110972.1,111363.5,110432.2,111350.0,29486.905
1752163200000,111350.0,113760.0,111267.7,113246.1,78710.069
1752177600000,113246.1,117500.0,113208.4,115979.2,81440.339
1752192000000,115979.2,116945.8,115186.7,116839.5,29918.24
1752206400000,116839.5,118395.9,116429.2,117522.7,57156.787
1752220800000,117522.7,118882.8,117522.7,117790.1,30866.366
1752235200000,117790.0,118226.0,116725.1,116910.3,41834.893
1752249600000,116910.3,118128.0,116611.1,118072.7,25630.995
1752264000000,118072.7,118072.7,117130.0,117500.0,14412.076
1752278400000,117500.0,117818.6,117055.0,117730.0,8464.791
1752292800000,117730.0,118036.7,117454.9,117689.7,9786.843
1752307200000,117689.6,118176.9,117579.8,117773.6,10654.146
1752321600000,117773.5,117819.8,116862.4,117075.6,20538.261
1752336000000,117075.6,117609.4,117012.0,117525.7,8165.529
1752350400000,117525.7,117527.8,116960.0,117389.3,6112.902
1752364800000,117389.4,117794.7,117164.3,117711.5,7178.918
1752379200000,117711.6,118040.8,117639.7,117950.0,7310.041
1752393600000,117950.0,118058.3,117641.3,118036.1,6329.781
1752408000000,118036.0,119655.0,117933.4,118610.6,39022.92
1752422400000,118610.6,119454.9,118325.4,118923.0,14954.202
1752436800000,118922.9,119333.0,118197.7,119038.3,15256.519
1752451200000,119038.3,121800.0,118862.6,120733.2,43343.17
1752465600000,120733.2,123300.0,120515.9,122731.0,55896.715
1752480000000,122731.0,122772.7,121357.0,121474.5,26389.017
1752494400000,121474.5,122113.9,119590.9,119863.1,50636.426
1752508800000,119863.1,120510.9,119200.0,119920.0,31947.629
1752523200000,119920.3,120430.0,119505.0,119816.5,13343.163
1752537600000,119816.5,119919.4,116870.0,117209.2,58092.182
1752552000000,117209.2,117761.3,116227.0,116777.1,43592.968
1752566400000,116777.1,117229.9,116300.0,117110.4,23334.349
1752580800000,117110.4,118499.8,115678.1,116393.0,79630.187
1752595200000,116393.1,117727.4,116050.0,116428.9,45663.41
1752609600000,116428.8,117965.6,116189.0,117738.5,19664.35
1752624000000,117738.6,118208.6,117017.1,117477.6,17005.915
1752638400000,117477.7,118297.1,117252.2,118181.2,14568.033
1752652800000,118181.2,119299.9,118113.6,118755.1,24815.797
1752667200000,118755.1,119786.7,118156.0,119056.0,52951.251
1752681600000,119055.9,119888.0,118430.3,119186.7,27062.815
1752696000000,119186.7,120100.0,118359.4,118590.7,22762.137
1752710400000,118590.7,119151.3,117663.6,118090.9,24347.198
1752724800000,118090.8,118763.4,117810.4,118293.9,15838.307
1752739200000,118293.8,119216.4,117915.2,117968.9,19524.523
1752753600000,117968.8,119100.0,117412.8,118875.0,33485.56
1752768000000,118875.0,119879.1,118293.6,118948.8,24071.418
1752782400000,118948.8,120951.5,118343.2,119176.6,47007.395
1752796800000,119176.5,120799.0,119003.8,120212.8,22719.763
1752811200000,120212.8,120846.1,119300.0,119356.6,21765.573
1752825600000,119356.5,119483.2,118384.6,119175.5,27047.111
1752840000000,119175.5,119519.8,117230.7,117830.0,46533.252
1752854400000,117830.1,118053.5,117109.4,117361.6,20948.078
1752868800000,117361.7,118000.0,116788.9,117896.4,23233.129
1752883200000,117896.5,118340.7,117588.0,118295.2,9844.745
1752897600000,118295.3,118337.5,118013.2,118135.0,5699.452
1752912000000,118134.9,118456.0,117904.0,118300.0,7488.051
1752926400000,118300.0,118301.4,117615.3,118025.6,11576.241
1752940800000,118025.6,118149.8,117562.1,117978.3,8300.911
1752955200000,117978.4,118125.7,117245.9,117814.4,9621.793
1752969600000,117814.3,118158.7,117618.0,117934.1,7587.22
1752984000000,117934.2,118214.0,117736.3,117984.3,5749.199
1752998400000,117984.3,118261.6,117801.0,117869.2,9129.395
1753012800000,117869.2,118794.0,117701.1,118669.3,17153.006
1753027200000,118669.4,118856.6,117912.8,118131.2,13641.525
1753041600000,118131.2,118245.3,116370.1,117216.0,29120.237
1753056000000,117216.1,118585.0,116454.1,118374.8,21656.729
1753070400000,118374.8,119720.6,118144.0,119352.2,21794.769
1753084800000,119352.3,119496.2,118035.0,118045.0,19078.201
1753099200000,118044.9,119200.0,117726.7,118304.1,33398.891
1753113600000,118304.2,118381.0,116600.0,116724.7,33604.587
1753128000000,116724.7,117596.6,116566.9,117330.2,12352.671
1753142400000,117330.2,117947.1,115865.0,117177.0,31111.146
1753156800000,117176.9,118554.9,116484.2,117959.5,25633.459
1753171200000,117959.5,119199.9,117441.5,119142.2,26898.785
1753185600000,119142.2,119582.3,117522.0,118899.8,51696.429
1753200000000,118899.8,120300.1,118377.0,119286.5,36767.964
1753214400000,119286.6,120264.8,119207.5,119993.7,14724.667
1753228800000,119993.7,120146.5,118522.0,118620.8,18660.208
1753243200000,118620.7,118997.7,118236.1,118327.0,14724.267
1753257600000,118326.9,118586.3,117789.2,118484.8,20516.01
1753272000000,118484.7,118687.1,117259.7,118531.0,37596.998
1753286400000,118530.9,118530.9,117250.0,118344.4,22578.767
1753300800000,118344.4,118725.3,117319.0,118713.5,22910.647
1753315200000,118713.4,119265.4,118425.3,118451.5,19395.181
1753329600000,118451.6,118542.5,117050.2,118368.0,33247.023
1753344000000,118368.1,118789.3,117923.0,118558.0,21819.142
1753358400000,118558.0,119469.9,117773.1,119074.1,34069.135
1753372800000,119074.1,119376.9,118306.0,118902.0,19232.517
1753387200000,118902.0,118953.9,118112.0,118294.3,9614.615
1753401600000,118294.4,118410.8,115300.0,115384.6,67458.1
1753416000000,115384.7,116100.0,114667.3,115288.8,58534.653
1753430400000,115288.9,116759.6,115000.0,116504.6,44704.838
1753444800000,116504.6,116629.0,114846.1,115687.4,47785.037
1753459200000,115687.4,116989.9,115413.1,116649.6,22061.427
1753473600000,116649.6,117615.3,116530.0,117583.5,19842.699
1753488000000,117583.4,117740.6,117114.2,117455.8,11547.475
1753502400000,117455.8,117515.9,117288.0,117288.1,5970.02
1753516800000,117288.0,118229.7,117288.0,117758.0,16554.074
1753531200000,117758.1,118211.8,117755.0,118111.1,10334.632
1753545600000,118111.1,118300.0,117917.7,118209.0,6040.431
1753560000000,118209.1,118289.3,117846.1,117889.2,6771.972
1753574400000,117889.3,118356.0,117800.8,118162.0,6261.936
1753588800000,118161.9,118432.1,118041.6,118083.6,5969.934
1753603200000,118083.5,118273.8,117822.2,118053.4,8614.694
1753617600000,118053.3,118583.2,117850.0,118580.8,14083.048
1753632000000,118580.9,119550.0,118580.8,118953.3,27165.447
1753646400000,118953.3,119766.0,118709.2,119423.4,13883.9
1753660800000,119423.5,119812.0,118949.9,119269.7,14577.544
1753675200000,119269.6,119692.0,118742.0,118873.2,13369.059
1753689600000,118873.1,119091.2,118471.3,118813.3,12578.189
1753704000000,118813.4,119085.0,117900.0,118152.8,33484.739
1753718400000,118152.9,118363.0,117388.0,118050.0,22310.897
1753732800000,118050.0,118329.8,117466.1,118041.4,10391.901
1753747200000,118041.5,118777.0,117406.3,118745.6,16848.829
1753761600000,118745.6,119258.7,118377.1,118856.2,13443.52
1753776000000,118856.2,119019.6,118119.1,118560.0,12770.764
1753790400000,118560.0,119050.0,117218.7,117345.7,34225.744
1753804800000,117345.7,118019.3,116923.0,117484.9,24192.938
1753819200000,117485.5,117951.0,117044.1,117897.0,13781.668
1753833600000,117897.1,118210.0,117363.0,118106.5,9850.102
1753848000000,118106.5,118384.6,117616.1,118083.1,9746.446
1753862400000,118083.2,118451.3,117291.6,117526.7,15902.454
1753876800000,117526.6,118763.5,117300.6,117950.0,28851.628
1753891200000,117949.9,117995.4,115700.0,116865.2,46229.505
1753905600000,116865.2,117866.4,116829.8,117771.0,14337.722
1753920000000,117771.1,118590.0,117713.5,118429.0,17973.204
1753934400000,118429.0,118910.0,118238.7,118624.1,12172.541
1753948800000,118624.0,118728.0,118246.8,118330.9,8609.962
1753963200000,118330.9,118684.4,117783.3,118259.3,26860.019
1753977600000,118259.4,118850.0,116691.1,116718.9,34611.488
1753992000000,116718.9,116927.8,115373.9,115697.3,34810.253
1754006400000,115697.3,116000.0,114239.0,115595.7,42604.847
1754020800000,115595.6,115873.4,114579.5,115015.1,21214.534
1754035200000,115015.1,115291.1,114055.6,115246.6,26589.382
1754049600000,115246.5,115956.0,113871.1,115305.3,54800.767
1754064000000,115305.3,115656.8,113173.7,113278.5,46088.416
1754078400000,113278.4,114039.0,112660.0,113244.8,29984.153
1754092800000,113244.8,113873.7,113145.0,113859.9,11027.075
1754107200000,113860.0,114000.0,113415.8,113919.9,11938.326
1754121600000,113920.0,113988.0,113370.0,113732.5,10218.835
1754136000000,113732.6,113740.5,112769.2,112798.6,18494.393
1754150400000,112798.6,113388.9,111910.0,112175.5,36337.074
1754164800000,112175.5,113022.5,112007.9,112508.8,14443.745
1754179200000,112508.8,113694.0,111850.0,113550.9,17961.77
1754193600000,113550.9,113676.4,113285.7,113647.2,6301.771
1754208000000,113647.2,114200.0,113492.5,113810.1,11023.459
1754222400000,113810.0,114049.8,113529.6,113904.3,10900.396
1754236800000,113904.3,114730.0,113727.8,114259.0,10570.464
1754251200000,114259.1,114567.3,114011.3,114150.8,6426.009
1754265600000,114150.9,114963.4,114053.8,114520.2,12295.237
1754280000000,114520.3,114739.3,114089.0,114607.0,9279.797
1754294400000,114607.0,114715.0,114166.0,114450.0,7637.669
1754308800000,114450.1,115431.6,114070.0,114766.3,27575.335
1754323200000,114766.4,115686.0,114681.1,114724.0,17022.068
1754337600000,114724.0,115299.0,114580.4,115002.1,9518.485
1754352000000,115002.1,115073.3,114213.6,114215.0,10318.429
1754366400000,114214.9,114468.1,113650.0,113924.7,16889.881
1754380800000,113924.7,115057.0,113869.5,114782.0,15542.383
1754395200000,114782.1,114860.1,112582.4,112871.8,48789.021
1754409600000,112871.7,113731.7,112755.1,113573.1,16283.201
1754424000000,113573.8,114178.4,113240.1,114069.6,11493.513
1754438400000,114069.6,114091.3,113355.5,113470.1,9186.999
1754452800000,113470.2,114390.2,113304.5,114179.2,14343.657
1754467200000,114179.2,114372.7,113663.3,114188.0,11807.499
1754481600000,114187.9,115488.0,113520.0,115366.3,37775.792
1754496000000,115366.2,115674.2,114867.0,115215.1,18625.447
1754510400000,115215.0,115228.5,114732.8,114941.0,6859.276
1754524800000,114941.0,115144.0,114333.6,114500.8,10847.644
1754539200000,114500.9,114834.4,114211.4,114751.1,10679.936
1754553600000,114751.2,116782.6,114750.0,116469.1,40981.265
1754568000000,116469.1,116747.6,115950.1,116634.6,24976.017
1754582400000,116634.6,117487.2,115555.2,117407.6,31486.178
1754596800000,117407.5,117580.0,116942.2,117419.9,15438.015
1754611200000,117419.9,117591.8,116639.9,116692.2,17323.039
1754625600000,116692.2,116917.1,116342.0,116772.0,10920.557
1754640000000,116772.0,116880.0,116256.0,116840.5,10056.008
1754654400000,116840.6,117229.9,115850.0,116162.0,25731.574
1754668800000,116162.1,116863.9,115949.9,116384.4,18032.069
1754683200000,116384.4,116941.5,116250.0,116628.2,7765.364
1754697600000,116628.2,116703.6,116304.0,116331.5,5712.949
1754712000000,116331.6,116950.1,116309.0,116703.2,14934.749
1754726400000,116703.3,117906.7,116700.0,117064.9,25544.616
1754740800000,117065.0,117200.0,116600.0,116835.6,13944.013
1754755200000,116835.5,116900.9,116458.1,116499.9,7593.202
1754769600000,116499.9,117000.0,116350.0,116422.1,10195.005
1754784000000,116422.1,118500.0,116413.2,118480.1,34945.874
1754798400000,118480.0,118738.0,117342.0,117770.0,29066.653
1754812800000,117770.0,118489.9,117568.9,118295.9,16040.238
1754827200000,118295.9,119094.0,118192.6,118766.0,22868.048
1754841600000,118766.0,118917.4,118395.8,118624.5,7283.134
1754856000000,118624.6,119291.9,118010.0,119255.3,20127.832
1754870400000,119255.3,122165.4,118950.0,121700.1,59538.202
1754884800000,121700.1,122450.0,121432.3,121534.8,27806.843
1754899200000,121534.9,121820.7,120267.3,120545.0,28876.249
1754913600000,120545.0,120655.0,119345.0,120271.2,48113.091
1754928000000,120271.2,120799.0,118499.0,119035.3,32996.458
1754942400000,119035.2,119149.6,118050.0,118641.9,19757.411
1754956800000,118641.8,119246.4,118551.7,118813.1,13300.142
1754971200000,118813.2,119120.0,118377.2,118931.9,14300.013
1754985600000,118931.9,119011.9,118154.3,118464.1,13998.651
1755000000000,118464.2,119927.9,118234.8,119888.0,45134.657
1755014400000,119888.0,120163.6,119124.5,119600.3,22828.66
1755028800000,119600.3,120270.0,119430.0,120081.0,16146.432
1755043200000,120080.9,120146.6,119028.0,119436.0,16859.449
1755057600000,119436.0,119798.6,118829.0,119540.3,16032.891
1755072000000,119540.3,120710.4,119408.8,120538.5,23680.705
1755086400000,120538.4,122218.3,120066.1,120897.2,65444.155
1755100800000,120897.3,122831.1,120897.3,122719.9,32963.963
1755115200000,122720.0,123715.9,122314.1,123323.9,33092.71
1755129600000,123323.9,124545.6,123272.1,123405.2,29585.605
1755144000000,123405.1,123485.3,121318.5,121742.4,41732.33
1755158400000,121742.3,122050.0,120657.6,120947.9,25372.784
1755172800000,120947.8,121154.7,117410.0,118185.9,112404.602
1755187200000,118185.9,118500.0,117004.0,117889.5,32884.838
1755201600000,117889.4,118470.1,117255.0,118242.2,17821.411
1755216000000,118242.2,119039.9,117970.7,118918.1,14657.063
1755230400000,118918.1,119184.0,118569.7,118908.3,13276.33
1755244800000,118908.4,119114.9,118550.0,118950.0,8916.305
1755259200000,118950.1,119068.8,116750.0,117216.8,48081.547
1755273600000,117216.8,117859.4,116736.3,116900.0,24658.013
1755288000000,116900.0,117711.0,116820.5,117279.2,10953.099
1755302400000,117279.1,117853.5,117162.6,117385.0,10472.387
1755316800000,117385.0,117857.1,117226.8,117549.9,8878.588
1755331200000,117550.0,117664.9,117089.7,117340.4,8197.037
1755345600000,117340.5,117786.0,117268.5,117626.9,7789.925
1755360000000,117627.0,117774.5,117588.7,117622.3,4894.852
1755374400000,117622.3,117673.9,117137.4,117329.7,6441.631
1755388800000,117329.8,117722.5,117121.6,117627.4,5731.934
1755403200000,117627.3,118187.0,117627.3,117949.9,9439.515
1755417600000,117950.0,118435.0,117865.0,118253.9,9265.939
1755432000000,118254.0,118558.0,118010.0,118191.0,7883.199
1755446400000,118191.0,118267.9,117245.0,117527.0,15033.475
1755460800000,117527.0,117945.0,117322.2,117353.8,7032.742
1755475200000,117353.9,117499.4,114950.3,115264.9,46974.544
1755489600000,115264.8,115684.5,114815.2,115153.2,22828.276
1755504000000,115153.2,115342.5,114605.0,114900.0,17981.665
1755518400000,114900.1,116137.8,114769.2,116099.4,28586.539
1755532800000,116099.4,116761.0,115773.3,116273.4,19769.43
1755547200000,116273.4,116938.7,115929.9,116183.6,11079.325
1755561600000,116183.6,116687.7,114734.8,114756.6,21808.316
1755576000000,114756.7,115430.0,114303.8,114928.7,19906.291
1755590400000,114928.7,115608.5,114750.0,115461.0,11178.156
1755604800000,115461.0,115847.4,113506.0,113730.0,44225.425
1755619200000,113730.1,113844.0,112714.4,113078.3,29407.714
1755633600000,113078.2,113524.5,112666.6,112824.2,14498.385
1755648000000,112824.1,113599.4,112500.0,113465.4,21619.508
1755662400000,113465.4,113805.5,113360.9,113436.7,9143.536
1755676800000,113436.7,113978.0,113009.5,113627.5,15623.162
1755691200000,113627.4,114279.3,112301.8,113297.0,45124.338
1755705600000,113296.9,114411.0,113200.0,114216.3,27678.02
1755720000000,114216.3,114569.0,113941.9,114220.5,11333.806
1755734400000,114220.5,114777.0,113843.7,113912.1,13829.073
1755748800000,113912.0,113997.1,113520.0,113836.8,9921.262
1755763200000,113836.8,113947.4,112924.6,113100.2,12824.8
1755777600000,113100.0,113936.0,112545.4,112748.9,27324.857
1755792000000,112748.8,112940.6,111944.0,112152.8,21010.133
1755806400000,112152.8,112833.3,112010.0,112462.2,11496.231
1755820800000,112462.2,113485.9,112273.2,112889.9,15818.142
1755835200000,112890.0,113350.2,112655.5,113040.1,12847.566
1755849600000,113040.0,113273.9,112130.3,112272.8,13076.59
1755864000000,112272.9,117266.9,111625.9,116319.3,110185.22
1755878400000,116319.4,117397.4,116046.5,116625.5,35551.395
1755892800000,116625.4,117140.6,116510.0,116897.5,11969.064
1755907200000,116897.5,116988.0,115414.3,115522.5,21833.348
1755921600000,115522.6,116015.3,115504.6,115769.9,10604.533
1755936000000,115770.0,115840.4,115180.0,115266.7,9759.963
1755950400000,115266.8,115450.0,114510.0,114776.5,22697.545
1755964800000,114776.4,115166.5,114648.7,115104.9,7958.313
1755979200000,115104.9,115380.0,114957.7,115377.1,5565.713
1755993600000,115377.1,115640.0,114902.0,115006.5,11855.839
1756008000000,115006.5,115264.4,114814.2,114854.8,8290.719
1756022400000,114854.9,115033.4,114574.1,114702.0,10131.968
1756036800000,114701.9,114845.0,114324.9,114372.6,14203.317
1756051200000,114372.7,114914.8,110484.0,112556.4,58915.204
1756065600000,112556.4,113646.5,111555.0,113446.3,29990.955
1756080000000,113446.2,113621.3,112100.2,112867.7,22365.177
1756094400000,112867.8,113022.9,111245.9,111469.7,26547.559
1756108800000,111469.7,111789.9,110891.0,111183.7,27037.38
1756123200000,111183.7,112533.2,110532.2,112142.2,41669.829
1756137600000,112142.2,112897.7,110601.7,110650.4,30479.325
1756152000000,110650.4,111050.0,109219.8,110064.0,56740.515
1756166400000,110064.1,110064.1,108559.7,109825.0,32739.345
1756180800000,109825.1,110508.5,109711.0,110244.2,14571.872
1756195200000,110244.2,110405.6,109529.5,109842.2,13433.107
1756209600000,109842.2,110817.5,109350.0,109624.6,40914.503
1756224000000,109624.6,111106.5,109400.0,111053.5,21525.613
1756238400000,111053.5,112330.0,110855.0,111709.9,21856.998
1756252800000,111710.0,111765.6,110867.1,111373.7,15375.235
1756267200000,111373.8,111700.4,110586.5,110688.0,11788.597
1756281600000,110688.0,111328.9,110306.9,111270.8,12812.348
1756296000000,111270.7,112568.5,110958.2,111965.1,29562.927
1756310400000,111965.0,112550.0,111489.8,112032.8,18174.547
1756324800000,112032.9,112401.5,110854.4,111194.9,26491.468
1756339200000,111194.9,111993.0,110811.0,111954.1,11667.908
1756353600000,111954.0,113318.2,111892.4,113079.2,23087.347
1756368000000,113079.3,113301.6,112780.3,112876.5,10509.946
1756382400000,112876.5,113429.0,112344.4,112633.1,26239.509
1756396800000,112633.1,113153.1,111853.6,111864.7,17144.949
1756411200000,111864.8,112519.1,111829.4,112507.3,8980.618
1756425600000,112507.3,112585.7,111238.5,111648.6,17249.864
1756440000000,111648.6,111797.2,109850.0,109969.0,25126.998
1756454400000,109969.0,110254.9,109360.0,110047.8,23367.603
1756468800000,110047.8,111489.5,108034.1,108334.4,70997.82
1756483200000,108334.4,108777.0,107869.6,108155.5,21364.211
1756497600000,108155.5,108513.0,107411.4,108332.4,21618.676
1756512000000,108332.4,108378.0,107281.0,108367.9,16398.309
1756526400000,108368.0,108615.3,108067.5,108466.6,11466.765
1756540800000,108466.6,108742.9,108359.6,108638.6,9160.751
1756555200000,108638.6,108879.6,108155.0,108809.8,13394.47
1756569600000,108809.8,108851.0,108562.0,108769.4,5467.675
1756584000000,108769.5,108776.1,108412.2,108757.9,4768.913
1756598400000,108758.0,109439.9,108750.0,109175.4,13765.096
1756612800000,109175.5,109190.4,108455.0,108656.9,9506.115
1756627200000,108656.9,109067.2,108251.3,108350.0,12792.96
1756641600000,108350.0,108808.5,108153.8,108758.2,10880.915
1756656000000,108758.2,109196.5,108504.7,108877.2,10481.101
1756670400000,108877.3,109192.3,108021.0,108208.4,12723.359
1756684800000,108208.4,108447.6,107355.0,107619.1,25068.79
1756699200000,107619.1,109390.3,107211.5,109390.3,26104.798
1756713600000,109390.2,109874.8,108131.6,108721.9,33039.009
1756728000000,108721.8,109479.2,108515.8,108738.0,21788.115
1756742400000,108737.9,109298.6,108350.0,109178.7,12872.734
1756756800000,109178.7,109410.5,107400.0,109187.9,31407.18
1756771200000,109187.9,110597.9,108834.9,110286.0,28302.513
1756785600000,110286.0,110571.9,109932.4,110190.1,13927.36
1756800000000,110190.1,110700.0,109501.7,109698.6,18830.291
1756814400000,109698.6,111742.1,108333.0,110789.9,79576.083
1756828800000,110789.9,111076.8,110118.5,110742.9,20760.952
1756843200000,110742.9,111487.9,110650.8,111188.0,14564.157
1756857600000,111187.9,111732.9,110842.7,110991.7,14679.713
1756872000000,110991.8,111117.5,110486.9,111041.5,11117.044
1756886400000,111041.4,111670.0,110843.0,111391.6,11890.428
1756900800000,111391.6,112470.5,110966.8,112168.6,42967.906
1756915200000,112168.5,112541.2,111626.0,112139.9,17438.926
1756929600000,112140.0,112207.1,111550.9,111659.8,7410.404
1756944000000,111659.7,112136.8,111081.1,111107.1,14897.088
1756958400000,111107.1,111283.7,110237.2,110417.3,20718.869
1756972800000,110417.3,111111.0,110366.0,110763.9,14846.823
1756987200000,110763.8,111081.6,109269.1,109448.0,33312.199
1757001600000,109448.0,110150.0,109315.0,109753.9,17804.968
1757016000000,109753.9,111743.8,109702.8,110679.4,20720.422
1757030400000,110679.5,111444.1,110394.2,111266.9,14819.651
1757044800000,111267.0,112949.0,111086.2,112900.1,28206.507
1757059200000,112900.0,112947.6,112080.0,112299.6,22210.272
1757073600000,112299.6,113344.3,110240.0,110674.1,88696.603
1757088000000,110674.1,111598.2,110153.3,111550.1,19053.407
1757102400000,111550.0,111655.5,110307.6,110614.9,20388.964
1757116800000,110614.8,111256.2,110504.9,111034.0,7401.22
1757131200000,111034.0,111034.0,110653.1,110779.9,5151.787
1757145600000,110779.9,110928.5,110621.0,110732.9,5048.529
1757160000000,110732.8,110956.5,110285.2,110324.1,9309.436
1757174400000,110324.2,110359.1,109850.0,109986.7,14613.108
1757188800000,109986.8,110225.9,109981.2,110135.3,4758.436
1757203200000,110135.2,110700.0,110120.5,110579.8,8486.949
1757217600000,110579.8,110880.8,110414.4,110710.8,7174.867
1757232000000,110710.8,111348.0,110666.4,111249.5,14763.41
1757246400000,111249.5,111371.4,110998.8,111276.2,7509.152
1757260800000,111276.2,111327.2,110817.5,111217.0,7640.787
1757275200000,111216.9,111559.5,110947.6,111076.0,8265.419
1757289600000,111075.5,111345.0,110566.5,111004.9,14141.826
1757304000000,111004.8,111580.7,110852.1,111236.4,9409.023
1757318400000,111236.5,112144.0,111201.0,112022.0,24016.679
1757332800000,112022.0,112867.6,111800.0,112573.6,28275.809
1757347200000,112573.6,112635.0,111927.0,112051.0,14865.987
1757361600000,112050.0,112460.4,111847.0,112012.6,8408.535
1757376000000,112012.7,112055.7,111050.0,111657.6,19290.25
1757390400000,111657.7,113238.0,111576.7,112950.1,31921.636
1757404800000,112950.2,113134.3,112350.0,112397.4,12841.685
1757419200000,112397.5,112900.0,110714.9,110830.1,49386.303
1757433600000,110830.1,111342.0,110738.6,111242.3,14928.609
1757448000000,111242.4,111692.3,111041.1,111499.9,8906.65
1757462400000,111499.9,111545.0,110855.8,111498.9,17185.891
1757476800000,111498.9,112555.0,111316.8,112500.1,16775.302
1757491200000,112500.0,112832.0,112060.0,112266.4,19366.674
1757505600000,112266.5,114287.9,112266.4,113801.3,64026.7
1757520000000,113801.3,114046.8,113111.0,113525.2,21631.484
1757534400000,113525.3,114005.0,113468.4,113896.8,12915.488
1757548800000,113896.8,114433.2,113614.5,114354.4,11183.876
1757563200000,114354.4,114419.9,113900.0,114040.0,11621.63
1757577600000,114040.1,114161.0,113722.2,113960.9,11061.871
1757592000000,113961.0,114691.7,113340.7,114122.3,50084.085
1757606400000,114122.4,114564.0,114008.5,114370.5,11930.936
1757620800000,114370.4,115439.0,114195.0,115427.0,17183.68
1757635200000,115427.0,116280.0,114993.0,115138.3,31719.513
1757649600000,115138.3,115613.0,115024.3,115049.0,12398.784
1757664000000,115048.9,115243.5,114833.8,114863.0,13385.479
1757678400000,114863.0,115445.9,114681.5,115064.9,18827.404
1757692800000,115064.8,116605.7,114989.9,116561.1,27949.158
1757707200000,116561.0,116561.0,115701.4,115978.4,14733.38
1757721600000,115978.4,116245.4,115500.1,115913.6,10867.694
1757736000000,115913.6,115913.6,115594.9,115715.5,6578.872
1757750400000,115715.5,116126.0,115715.5,115912.9,6897.627
1757764800000,115913.0,116013.7,115546.1,115721.3,9103.39
1757779200000,115721.4,115780.3,115032.0,115751.4,15004.094
1757793600000,115751.4,115946.4,115745.6,115862.7,4077.913
1757808000000,115862.7,116075.8,115580.0,115626.0,7677.134
1757822400000,115626.0,115884.1,115406.1,115746.0,4741.452
1757836800000,115746.1,116118.6,115700.3,115750.0,7509.269
1757851200000,115750.0,115828.1,115100.5,115162.2,15997.51
1757865600000,115162.2,115605.5,115132.4,115597.4,5946.542
1757880000000,115597.3,116050.0,115057.0,115210.0,13216.083
1757894400000,115210.0,115536.0,114777.0,115387.6,13576.469
1757908800000,115387.7,116759.9,115341.8,115769.5,27463.691
1757923200000,115769.6,115769.6,114588.0,115009.0,30239.543
1757937600000,115009.0,115045.5,114338.5,114788.4,25881.909
1757952000000,114788.1,115528.8,114542.6,115246.7,14288.385
1757966400000,115246.7,115550.0,115141.4,115300.6,6461.282
1757980800000,115300.5,115490.8,114890.0,115250.9,8274.606
1757995200000,115250.8,115968.0,114867.0,115799.4,18532.273
1758009600000,115799.4,115945.0,115151.0,115222.2,9903.929
1758024000000,115222.1,115878.2,114600.0,115877.9,24558.996
1758038400000,115877.9,116830.0,115549.9,116758.0,28427.493
1758052800000,116757.1,116910.8,116543.7,116747.3,9748.887
1758067200000,116747.3,117081.9,116317.0,116320.1,11721.837
1758081600000,116320.2,117266.4,116107.2,117120.5,19903.725
1758096000000,117120.5,117156.6,116197.0,116200.1,14747.898
1758110400000,116200.1,116493.0,115340.0,115825.1,27934.073
1758124800000,115825.1,116316.0,114623.3,115587.6,61585.442
1758139200000,115587.5,116940.0,115257.1,116402.5,22232.095
1758153600000,116402.6,117865.9,116033.5,117531.2,30344.595
1758168000000,117531.3,117713.5,116834.5,117033.6,17350.923
1758182400000,117033.7,117381.9,116955.0,117015.0,10057.804
1758196800000,117015.0,117789.9,116913.9,117530.3,22097.569
1758211200000,117530.2,117875.2,117133.0,117403.0,12457.02
1758225600000,117402.9,117605.8,116489.7,117017.1,14907.806
1758240000000,117017.1,117406.8,116800.0,116914.2,10269.21
1758254400000,116914.1,117049.9,116567.3,116850.1,12862.505
1758268800000,116850.0,117050.6,116250.7,116343.1,13997.595
1758283200000,116343.3,116488.0,115408.4,115826.9,27296.129
1758297600000,115826.9,116093.0,115057.0,115082.4,16518.271
1758312000000,115082.4,115600.0,115049.9,115569.5,7207.939
1758326400000,115569.6,115670.0,115355.0,115394.2,4785.626
1758340800000,115394.3,115933.4,115343.0,115909.8,6258.545
1758355200000,115909.9,115914.4,115605.6,115834.9,6129.028
1758369600000,115834.9,116059.2,115750.6,115928.5,6527.83
1758384000000,115928.4,116017.9,115636.6,115636.6,5001.456
1758398400000,115636.6,115887.6,115549.9,115624.9,3653.193
1758412800000,115625.0,115671.2,115388.0,115613.8,4830.646
1758427200000,115613.8,115772.9,115430.2,115772.9,4856.719
1758441600000,115772.8,115778.0,115277.0,115559.3,6594.717
1758456000000,115559.3,115703.9,115413.0,115471.1,4436.358
1758470400000,115471.0,115620.0,115158.0,115441.0,6740.608
1758484800000,115441.0,115510.7,115137.6,115183.9,5334.383
1758499200000,115183.9,115344.6,114050.0,114602.9,34217.27
1758513600000,114602.9,114604.9,111469.2,112454.4,53970.686
1758528000000,112454.5,112927.0,112119.0,112814.1,16269.606
1758542400000,112814.0,113413.5,112333.0,112768.7,26147.892
1758556800000,112768.7,112839.0,111866.3,112072.9,17130.484
1758571200000,112072.8,112942.4,111924.6,112604.7,11725.63
1758585600000,112604.7,112808.4,111405.1,112294.0,21299.087
1758600000000,112294.0,113080.0,111804.9,113048.1,19008.272
1758614400000,113048.1,113236.0,112634.0,112938.6,12834.182
1758628800000,112938.6,113254.8,112390.6,112828.6,16574.487
1758643200000,112828.6,112927.8,111482.0,111611.8,22467.091
1758657600000,111611.7,112178.0,111413.5,111947.0,10075.145
1758672000000,111947.0,112466.6,111622.4,111639.7,16182.59
1758686400000,111639.8,112732.8,110935.0,112544.7,23001.272
1758700800000,112544.7,113121.8,112356.4,112982.0,14830.326
1758715200000,112982.0,113850.0,112760.0,113299.9,27960.187
1758729600000,113300.0,113895.8,113107.4,113371.7,14802.65
1758744000000,113371.7,113590.0,113143.3,113254.0,8537.071
1758758400000,113253.9,113462.1,112155.6,112485.8,27168.994
1758772800000,112485.7,112574.6,111389.0,111708.5,26475.19
1758787200000,111708.5,112220.3,111234.8,111316.1,15940.854
1758801600000,111316.0,111682.6,110555.0,111538.4,42099.5
1758816000000,111538.4,111636.6,108574.1,109320.5,50538.879
1758830400000,109320.5,109637.3,108694.8,108934.5,16440.324
1758844800000,108934.6,109766.0,108750.0,109537.6,17356.486
1758859200000,109537.5,109588.8,108841.0,109257.3,19163.4
1758873600000,109257.4,109653.6,108566.0,109082.9,18038.068
1758888000000,109082.9,109742.3,108656.8,108976.0,28268.466
1758902400000,108976.0,110250.0,108953.7,109115.9,22207.427
1758916800000,109115.8,109641.6,109028.7,109588.5,7243.812
1758931200000,109588.5,109700.0,109267.3,109503.8,7435.557
1758945600000,109503.8,109694.2,109284.3,109354.8,4334.991
1758960000000,109354.9,109449.2,109021.9,109265.8,7603.852
1758974400000,109265.8,109444.2,109145.0,109340.7,7048.089
1758988800000,109340.8,109397.6,109188.1,109369.3,5170.985
1759003200000,109369.4,109653.2,109305.5,109577.3,4278.45
1759017600000,109577.2,109749.9,109284.1,109397.3,8565.21
1759032000000,109397.3,109500.0,109203.9,109468.5,4028.334
1759046400000,109468.4,109544.8,109188.0,109319.9,7836.57
1759060800000,109319.9,109990.0,109136.5,109990.0,16361.203
1759075200000,109990.0,110350.0,109952.2,110281.6,12576.758
1759089600000,110281.7,112300.0,110236.6,112119.6,27879.888
1759104000000,112119.7,112269.3,111517.3,111817.9,18747.416
1759118400000,111817.9,111860.0,111501.0,111814.7,12523.86
1759132800000,111814.8,112381.3,111814.7,112052.0,15639.613
1759147200000,112052.0,114188.0,111844.3,113752.0,48549.611
1759161600000,113752.0,114349.7,113404.5,114204.8,17519.655
1759176000000,114204.9,114377.2,113960.6,114257.1,12425.554
1759190400000,114257.1,114800.0,113985.1,114321.5,18219.208
1759204800000,114321.5,114321.5,113531.7,113662.4,15263.367
1759219200000,113662.3,113700.0,112615.3,113003.7,22065.979
1759233600000,113003.7,113623.8,112800.1,113055.4,25466.936
1759248000000,113055.4,114528.2,112743.6,114309.1,21865.766
1759262400000,114309.1,114720.0,113710.0,113988.8,16438.759
1759276800000,113988.7,114498.0,113899.4,114135.9,15897.091
1759291200000,114135.8,114700.0,114095.2,114480.8,16277.671
1759305600000,114480.8,116750.0,114425.6,116736.8,51889.352
1759320000000,116736.8,117647.8,116311.5,117366.4,32115.557
1759334400000,117366.5,118190.0,116687.5,117374.1,35556.092
1759348800000,117374.0,118631.8,117104.1,118552.4,21253.666
1759363200000,118552.0,119457.0,118335.0,118697.0,30360.048
1759377600000,118697.0,118893.8,118226.4,118444.1,11848.115
1759392000000,118444.1,118885.8,118307.3,118716.0,9479.148
1759406400000,118716.1,119889.0,118458.4,119875.1,42758.205
1759420800000,119875.1,120999.0,119317.0,120787.9,36408.207
1759435200000,120787.8,120880.9,120018.0,120481.3,14603.215
1759449600000,120481.3,120505.5,119766.0,120185.4,14304.582
1759464000000,120185.4,120281.6,119579.6,119620.1,12310.71
1759478400000,119620.1,120484.1,119200.0,120307.2,17880.291
1759492800000,120307.2,122399.9,119820.4,122238.5,38616.185
1759507200000,122238.5,123900.0,121425.5,122609.3,74701.828
1759521600000,122609.3,122694.1,121944.7,122182.7,10066.666
1759536000000,122182.6,122301.9,121636.4,122197.2,16539.763
1759550400000,122197.3,122781.1,122168.4,122271.3,13166.182
1759564800000,122271.4,122497.4,121908.3,121924.6,8147.412
1759579200000,121924.6,122480.9,121638.5,121744.8,13471.868
1759593600000,121744.8,121920.0,121432.0,121919.0,12409.999
1759608000000,121918.9,122374.8,121813.4,122343.2,6743.986
1759622400000,122343.2,124374.0,122088.1,123735.7,34731.178
1759636800000,123735.7,125877.3,123678.0,124692.4,42796.463
1759651200000,124692.5,124843.0,122472.0,123413.2,41554.431
1759665600000,123413.3,123413.3,122600.0,122753.0,12408.739
1759680000000,122752.9,123422.0,122160.0,122550.4,20005.211
1759694400000,122550.5,123453.5,122425.7,123426.7,11074.978
1759708800000,123426.7,124336.3,123018.5,123792.9,24935.811
1759723200000,123792.8,124137.7,123217.9,123332.3,14538.648
1759737600000,123332.4,124500.0,123332.3,124161.2,14441.381
1759752000000,124161.3,125375.0,124123.3,124946.2,37455.595
1759766400000,124946.2,126208.5,124742.5,125357.3,33248.277
1759780800000,125357.3,125500.0,124463.0,124628.5,15581.617
1759795200000,124628.6,125047.0,124055.0,124277.7,13050.893
1759809600000,124277.8,124631.9,123503.9,123627.1,18156.34
1759824000000,123627.1,124471.4,123261.6,124397.2,18443.485
1759838400000,124397.1,125098.0,121102.0,121788.3,70971.787
1759852800000,121788.2,122049.7,120516.0,121593.6,48194.981
1759867200000,121593.5,122255.4,121218.0,121286.5,13081.861
1759881600000,121286.6,122196.9,121137.0,121333.1,19688.959
1759896000000,121333.1,121880.0,121005.3,121550.4,16141.831
1759910400000,121550.5,123150.0,121468.5,122825.7,22689.216
1759924800000,122825.8,123312.9,121607.8,122140.1,30420.126
1759939200000,122140.1,124170.6,122055.8,123381.8,29648.513
1759953600000,123381.8,123671.5,122739.7,123237.5,8511.141
1759968000000,123237.4,123279.7,121411.8,121988.4,17473.027
1759982400000,121988.4,122221.0,121657.3,121847.9,10691.44
1759996800000,121847.8,122777.0,121081.5,122672.9,21258.055
1760011200000,122673.0,123740.1,120595.5,121079.4,62517.268
1760025600000,121079.4,121426.7,119572.8,120897.6,42006.187
1760040000000,120897.6,121712.4,120787.9,121579.3,9650.403
1760054400000,121579.4,121835.5,120850.0,120960.8,16114.114
1760068800000,120960.8,121712.2,120814.0,120886.1,13636.34
1760083200000,120886.1,121728.3,120869.2,121493.2,10048.553
1760097600000,121493.2,122497.0,118424.4,118965.3,67102.354
1760112000000,118965.2,119403.4,115845.0,116605.3,67842.528
1760126400000,116605.2,117145.3,101516.5,112714.9,217219.743
1760140800000,112715.0,113300.1,110987.0,112261.9,45022.178
1760155200000,112261.6,112931.9,110022.0,110338.7,38020.264
1760169600000,110338.7,112307.6,110100.5,112224.6,23492.99
1760184000000,112224.6,112466.2,111740.8,111744.4,16698.898
1760198400000,111744.4,112142.0,110800.1,111126.7,17110.637
1760212800000,111126.6,111333.5,109501.0,110579.1,23326.623
1760227200000,110579.1,111424.0,109509.3,110643.3,32024.51
1760241600000,110643.3,112110.0,110561.8,111464.0,18747.611
1760256000000,111463.9,112084.3,111070.4,111783.8,19180.411
1760270400000,111783.8,113687.6,111111.0,113119.0,60564.451
1760284800000,113119.0,114654.5,113119.0,114288.7,44045.749
1760299200000,114288.8,115730.3,114200.0,114894.4,43365.305
1760313600000,114894.5,115912.0,114566.1,114773.6,33866.079
1760328000000,114773.5,115500.0,114357.2,115341.7,27016.549
1760342400000,115341.7,115376.3,113600.5,114129.3,29931.406
1760356800000,114129.2,115488.9,113721.2,114260.7,52250.214
1760371200000,114260.8,115827.6,114151.0,115726.6,38754.704
1760385600000,115726.6,115817.4,114930.1,115111.9,14177.831
1760400000000,115112.0,115360.2,113210.6,113441.0,31868.196
1760414400000,113440.9,113677.9,111302.0,111665.2,66212.874
1760428800000,111665.2,112100.1,109969.2,111241.4,44800.731
1760443200000,111241.4,112839.9,109802.0,112823.0,52781.51
1760457600000,112822.9,113480.0,111615.1,112543.9,51041.328
1760472000000,112543.9,113557.9,112164.6,112983.8,12539.857
1760486400000,112983.9,113576.1,111758.5,111978.7,20365.548
1760500800000,111978.7,112637.0,111692.8,112524.3,12933.986
1760515200000,112524.4,113477.9,111606.1,111841.0,25860.953
1760529600000,111840.9,112183.4,110320.4,110757.5,40187.854
1760544000000,110757.4,111500.0,110096.9,111202.7,18943.794
1760558400000,111202.7,111499.7,110429.8,110699.0,13484.955
1760572800000,110699.1,111827.5,110300.0,111277.4,15192.718
1760587200000,111277.5,111711.4,110488.0,110518.2,19927.291
1760601600000,110518.2,111677.1,109403.5,111363.9,35831.997
1760616000000,111364.0,111960.0,108250.0,108474.0,56236.512
1760630400000,108473.9,109212.6,107503.3,108151.3,50886.082
1760644800000,108151.2,108450.4,107350.0,108129.4,15470.185
1760659200000,108129.4,109199.8,107885.6,109121.8,14999.648
1760673600000,109121.9,109182.9,105457.4,105578.3,46920.111
1760688000000,105578.3,106666.6,103470.0,105610.5,85777.861
1760702400000,105610.5,106800.0,104489.5,106750.1,57751.674
1760716800000,106750.0,107505.0,106016.6,106416.4,25754.742
1760731200000,106416.5,107370.0,106296.3,106378.6,11585.656
1760745600000,106378.5,107250.0,106270.0,107025.0,15612.225
1760760000000,107024.9,107452.6,106374.2,106648.3,19538.235
1760774400000,106648.2,107187.9,106550.0,107151.0,10415.868
1760788800000,107151.0,107248.0,106669.0,106893.2,9353.647
1760803200000,106893.3,107047.5,106410.8,107023.0,7832.113
1760817600000,107023.0,107298.7,106788.4,107117.5,5757.815
1760832000000,107117.5,107333.0,106666.9,107221.9,9661.995
1760846400000,107221.9,107241.5,106503.3,106733.3,8079.786
1760860800000,106733.3,108214.8,106055.8,107730.6,45768.235
1760875200000,107730.6,108575.6,107312.2,108429.5,20332.538
1760889600000,108429.6,109399.9,108175.6,108850.0,19259.023
1760904000000,108850.1,109340.7,108366.4,108586.2,10372.143
1760918400000,108586.2,110404.3,107377.2,110100.4,30932.22
1760932800000,110100.3,111350.0,109875.0,111126.2,28821.916
1760947200000,111126.2,111650.0,110552.3,110969.5,19262.416
1760961600000,110969.5,111649.0,110522.9,111079.1,22003.588
1760976000000,111079.2,111255.0,109800.0,110735.0,29379.973
1760990400000,110735.1,111215.3,110355.0,110469.9,9246.836
1761004800000,110469.9,110486.3,109005.0,109005.0,17977.098
1761019200000,109005.1,109005.1,107400.0,108020.0,34541.006
1761033600000,108019.9,108772.4,107432.8,108519.4,20402.173
1761048000000,108519.4,113480.0,107677.0,113355.2,76932.616
1761062400000,113355.2,113940.0,111255.9,111720.7,51739.148
1761076800000,111720.7,111747.7,108000.0,108253.7,39535.385
1761091200000,108253.8,108649.4,107777.1,108174.1,22708.974
1761105600000,108174.0,108581.9,107558.1,108284.1,19772.922
1761120000000,108284.1,108313.8,106360.3,107501.7,28951.313
1761134400000,107501.7,109160.0,107389.4,108369.9,61071.108
1761148800000,108369.8,108780.0,107416.1,107829.0,24816.809
1761163200000,107829.1,108032.0,106588.0,107532.0,23572.857
1761177600000,107532.1,108660.0,107462.9,108322.2,17160.974
1761192000000,108322.2,110275.9,108290.3,109228.6,26449.996
1761206400000,109228.6,109867.7,109021.3,109218.5,14083.275
1761220800000,109218.5,110088.0,108639.4,109849.0,30294.704
1761235200000,109849.0,111240.0,109575.9,110137.8,26886.962
1761249600000,110137.9,110145.8,109260.0,110025.9,14764.806
1761264000000,110026.0,110839.9,109927.8,110399.9,13232.129
1761278400000,110399.9,111498.8,110274.4,111013.7,19519.691
1761292800000,111013.7,111438.3,110496.5,111006.7,15176.101
1761307200000,111006.7,112086.0,109650.0,110009.8,43877.194
1761321600000,110009.9,110907.1,109752.8,110571.3,10895.753
1761336000000,110571.4,111088.0,110431.0,110965.4,8058.664
1761350400000,110965.4,111187.5,110600.5,110962.3,5959.945
1761364800000,110962.3,111775.1,110962.3,111445.4,9261.504
1761379200000,111445.5,111789.4,111328.0,111522.7,8330.669
1761393600000,111522.6,111903.9,111255.2,111340.9,10350.647
1761408000000,111341.0,111686.0,111094.4,111574.9,7533.985
1761422400000,111574.9,111640.1,111291.0,111589.4,3832.733
1761436800000,111589.4,111866.7,111200.0,111210.1,6834.903
1761451200000,111210.1,111677.9,111200.2,111672.8,3509.598
1761465600000,111672.9,113442.5,111650.3,113235.2,25720.793
1761480000000,113235.1,114000.0,113221.5,113648.1,26931.538
1761494400000,113648.0,113774.5,113231.2,113546.3,8821.993
1761508800000,113546.2,115521.7,112800.0,114497.8,25516.562
1761523200000,114497.9,115407.7,114300.0,114927.7,18053.27
1761537600000,114927.8,116380.2,114925.6,115522.5,30815.659
1761552000000,115522.4,115575.1,114780.2,115302.3,17780.233
1761566400000,115302.3,115385.7,114433.0,114914.4,22572.882
1761580800000,114914.5,115744.8,114712.4,114894.9,14588.861
1761595200000,114894.8,114894.8,113792.4,114064.1,14800.707
1761609600000,114064.2,114500.1,113477.5,113863.9,15404.391
1761624000000,113864.0,114320.6,113422.0,114128.7,11948.36
1761638400000,114128.8,114619.2,114058.0,114290.7,9577.148
1761652800000,114290.6,116074.3,114080.8,114571.9,40806.62
1761667200000,114571.7,115554.5,113500.0,113629.0,24148.699
1761681600000,113629.0,113647.4,112121.4,112833.5,29203.622
1761696000000,112833.5,112927.5,112036.1,112459.6,16426.727
1761710400000,112459.6,113525.0,112443.5,113511.9,14258.365
1761724800000,113512.0,113581.7,112666.0,113084.5,13158.647
1761739200000,113084.6,113593.0,111326.5,111460.6,33870.214
1761753600000,111460.7,111963.0,109026.4,110605.6,66487.33
1761768000000,110605.9,111744.0,109686.4,109985.6,19719.583
1761782400000,109985.6,110957.9,109670.6,110694.5,17053.264
1761796800000,110694.4,111565.1,107817.3,111313.5,53901.189
1761811200000,111313.6,111400.0,109638.6,109666.0,21769.837
1761825600000,109665.9,109736.3,107254.1,107670.6,53828.523
1761840000000,107670.5,108184.0,106200.0,106495.1,36902.37
1761854400000,106494.3,108300.0,106257.0,108263.5,22298.461
1761868800000,108263.6,110014.4,108226.6,109186.2,32333.602
1761883200000,109186.3,110200.0,109062.7,109400.1,23926.082
1761897600000,109400.0,110500.0,109159.0,110375.7,19137.691
1761912000000,110375.7,111233.0,109308.1,110160.1,44500.399
1761926400000,110160.1,110273.2,108600.0,109802.8,25323.478
1761940800000,109802.7,109802.7,109277.7,109557.3,6842.524
1761955200000,109557.2,110300.0,109351.5,110194.6,8752.106
1761969600000,110194.6,110557.0,109885.5,110025.3,7330.524
1761984000000,110025.3,110237.6,109803.0,110096.2,5172.837
1761998400000,110096.3,110300.0,109654.5,110253.2,9755.49
1762012800000,110253.1,110486.4,110125.1,110249.0,6444.769
1762027200000,110249.0,110487.0,109803.5,110047.2,4158.495
1762041600000,110047.3,110234.4,109836.7,110008.5,4533.29
1762056000000,110008.4,110988.0,109974.1,110844.1,12154.892
1762070400000,110844.0,111193.5,110302.1,111145.4,12421.938
1762084800000,111145.4,111216.0,110030.0,110066.1,13972.771
1762099200000,110066.2,110286.2,109661.2,110125.2,9115.985
1762113600000,110125.3,110700.0,109368.9,110494.9,8910.297
1762128000000,110494.9,110711.0,107850.0,107886.0,27059.636
1762142400000,107886.0,108088.8,106946.7,107420.5,24838.664
1762156800000,107420.6,107881.4,106618.7,107737.4,20106.721
1762171200000,107737.4,108280.0,105500.0,105718.8,48388.035
1762185600000,105718.8,107797.2,105300.0,107034.7,38120.26
1762200000000,107034.7,107120.0,105750.1,106544.0,15744.731
1762214400000,106544.0,107271.9,105820.0,107097.2,21672.139
1762228800000,107097.1,107247.8,104125.3,104442.9,41302.896
1762243200000,104442.9,104656.0,103550.0,104530.7,30893.792
1762257600000,104530.7,104800.0,102870.0,103157.7,45886.912
1762272000000,103157.7,103474.1,99980.0,100507.0,81901.563
1762286400000,100507.0,101859.5,98888.8,101450.3,60084.858
1762300800000,101450.2,102222.0,98909.7,102094.8,55517.144
1762315200000,102094.8,102326.4,101433.3,101946.1,20988.348
1762329600000,101946.2,102174.9,101131.0,102019.4,20735.516
1762344000000,102019.3,103750.0,101867.8,103668.3,35318.597
1762358400000,103668.2,104496.6,102972.8,103950.0,22268.689
1762372800000,103950.0,104497.6,103240.5,103837.0,12941.8
1762387200000,103837.0,103919.7,102684.7,103598.3,17770.869
1762401600000,103598.3,104210.2,102850.1,103138.6,13713.371
1762416000000,103138.6,103406.0,102611.5,103182.6,12724.785
1762430400000,103182.6,103585.0,101570.5,101981.6,41011.914
1762444800000,101981.6,102367.9,100238.4,101335.9,44808.954
1762459200000,101335.9,101599.6,100500.0,101305.6,14999.928
1762473600000,101305.6,102311.0,100700.1,101863.5,20217.531
1762488000000,101863.4,102480.4,101530.0,101978.8,13280.182
1762502400000,101978.2,102024.7,99750.0,100369.1,30839.672
1762516800000,100369.2,101230.0,99200.0,100758.0,47608.527
1762531200000,100758.0,103350.7,100468.9,103350.0,34409.209
1762545600000,103350.0,104070.7,102889.6,103305.2,17612.337
1762560000000,103305.3,103373.8,102488.0,102545.8,15693.661
1762574400000,102545.8,102794.0,101853.8,102302.9,14868.115
1762588800000,102302.8,102654.1,101647.7,101805.6,11719.209
1762603200000,101805.6,102142.9,101400.1,101678.0,14407.901
1762617600000,101678.1,102182.7,101471.1,101934.3,8852.243
1762632000000,101934.4,102443.9,101906.6,102269.3,5150.82
1762646400000,102269.3,102294.9,101300.0,101622.9,8613.569
1762660800000,101623.0,102097.0,101602.1,101898.2,6756.373
1762675200000,101898.3,102274.9,101457.0,102198.2,9506.279
1762689600000,102198.2,104180.0,102001.0,103715.8,29922.195
1762704000000,103715.8,104780.0,103290.8,104764.1,19690.095
1762718400000,104764.1,105440.0,103999.5,104670.6,17879.159
1762732800000,104670.7,106666.0,104205.9,105990.6,32933.122
1762747200000,105990.6,106499.0,105800.0,106417.7,12528.833
1762761600000,106417.6,106570.0,105780.1,106136.6,13572.766
1762776000000,106136.5,106566.7,104615.7,105028.9,33078.144
1762790400000,105028.9,106081.1,104735.6,105767.2,16326.419
1762804800000,105767.1,106249.6,105202.7,105966.3,11964.254
1762819200000,105966.3,107473.7,105399.6,106407.3,30111.804
1762833600000,106407.4,106496.6,104685.3,104737.0,20998.664
1762848000000,104737.1,105464.2,104718.2,105256.2,11555.593
1762862400000,105256.2,105459.8,103135.2,103417.2,35003.229
1762876800000,103417.2,103694.8,102777.0,103073.6,19238.124
1762891200000,103073.6,103183.8,102400.0,103005.8,15696.36
1762905600000,103005.8,103399.4,102629.5,103267.2,13122.938
1762920000000,103267.2,103605.0,102941.6,103066.7,8824.55
1762934400000,103066.7,105162.6,103066.7,104979.9,27402.495
1762948800000,104979.9,105297.0,101900.0,102124.9,41940.216
1762963200000,102124.9,102249.2,100711.0,101245.4,37825.035
1762977600000,101245.3,101964.5,101087.8,101605.8,11761.042
1762992000000,101605.8,102581.7,100850.0,102088.1,22639.572
1763006400000,102088.0,104024.6,101602.2,103430.9,34325.354
1763020800000,103430.9,103765.4,102509.1,102900.0,18566.647
1763035200000,102900.1,103456.0,101135.0,101338.0,45078.899
1763049600000,101338.0,101495.7,98100.0,98643.1,75018.436
1763064000000,98643.1,100485.8,97959.0,99654.3,40417.891
1763078400000,99654.3,99862.8,98657.0,99103.3,28715.78
1763092800000,99103.3,99152.0,95840.9,97099.9,71313.808
1763107200000,97099.9,97520.0,95597.9,96134.6,31110.834
1763121600000,96134.5,97280.0,94500.0,96752.6,82600.541
1763136000000,96752.7,97377.6,94741.2,95737.3,42316.61
1763150400000,95737.4,95900.0,93955.0,94544.9,31015.21
1763164800000,94544.9,96800.0,94523.9,96388.5,27406.464
1763179200000,96388.5,96543.8,95900.1,96289.4,13884.426
1763193600000,96289.3,96310.4,95587.3,95657.3,12856.23
1763208000000,95657.3,96439.6,95534.1,96222.1,13204.02
1763222400000,96222.1,96362.5,95677.7,95967.7,11960.891
1763236800000,95967.7,95979.1,95072.1,95560.3,10908.288
1763251200000,95560.4,95946.4,94800.0,95782.0,12634.047
1763265600000,95782.0,96170.6,95602.0,96064.8,8616.379
1763280000000,96064.8,96600.0,95443.6,95588.0,16713.435
1763294400000,95588.0,95870.0,94300.0,94531.3,18869.751
1763308800000,94531.2,95544.8,93677.4,93994.5,44324.084
1763323200000,93994.5,94700.0,92922.8,94221.7,34591.813
1763337600000,94221.7,95539.3,93730.0,95472.1,24659.317
1763352000000,95472.0,95838.0,94850.0,95587.9,15760.621
1763366400000,95587.9,95980.1,95268.9,95530.1,14932.07
1763380800000,95530.0,96012.2,93511.8,93915.7,58887.551
1763395200000,93915.8,94388.0,91550.2,91656.2,60184.076
1763409600000,91656.2,92370.9,91250.0,92169.7,30737.65
1763424000000,92169.8,92335.4,89666.1,90811.9,54125.497
1763438400000,90811.8,90842.1,89012.0,90459.1,44370.545
1763452800000,90459.2,91567.0,90459.1,91473.6,28352.843
1763467200000,91474.1,92991.7,90888.0,92851.4,58085.185
1763481600000,92851.5,93799.1,92532.0,93143.1,33005.355
1763496000000,93143.1,93400.0,92420.3,92916.9,14751.731
1763510400000,92916.8,92944.8,91600.0,91842.2,24522.251
1763524800000,91842.1,91987.2,89966.0,91826.6,46058.357
1763539200000,91826.6,91920.0,91038.9,91372.4,19679.241
1763553600000,91372.3,92348.2,89822.0,89901.0,42278.255
1763568000000,89901.0,90202.5,88600.0,88857.7,54170.658
1763582400000,88857.8,91554.9,88564.4,91508.9,39729.688
1763596800000,91509.0,92760.0,91140.2,92404.6,26837.515
1763611200000,92404.7,93150.0,91640.2,92267.4,27995.866
1763625600000,92267.5,92363.1,91388.5,91892.6,17102.033
1763640000000,91892.7,92498.6,89804.1,89835.4,50957.631
1763654400000,89835.5,89885.7,86066.6,86880.3,114064.312
1763668800000,86880.2,88214.1,86291.7,86601.3,39555.67
1763683200000,86601.4,87465.4,85288.0,85782.5,45579.338
1763697600000,85782.4,86313.2,81111.0,84006.7,78365.775
1763712000000,84006.7,84667.1,81601.7,82279.1,84124.192
1763726400000,82279.2,85449.2,80600.0,82905.1,129537.87
1763740800000,82905.0,85548.4,82300.0,84167.2,80734.325
1763755200000,84167.1,85374.5,83418.4,85093.5,31462.824
1763769600000,85093.6,85599.9,84180.0,84414.1,19897.887
1763784000000,84414.0,84764.3,83792.0,84537.4,15965.292
1763798400000,84537.4,84546.4,83456.0,84066.2,20664.044
1763812800000,84066.2,84712.7,83578.5,84239.9,18582.456
1763827200000,84239.9,84888.0,84175.0,84566.7,9063.108
1763841600000,84566.8,85238.3,84193.8,84689.4,10024.268
1763856000000,84689.4,86300.0,84622.0,86261.0,24200.097
1763870400000,86261.0,86826.8,85348.7,85732.0,24602.446
1763884800000,85732.1,86438.5,85724.7,86290.3,16673.741
1763899200000,86290.3,87222.0,86222.0,87042.8,26845.253
1763913600000,87042.8,87653.9,86458.0,87276.7,24543.305
1763928000000,87276.7,88100.0,86700.0,86807.7,22065.231
1763942400000,86807.6,88049.5,85915.0,87408.8,36758.713
1763956800000,87408.7,87795.9,86400.0,87004.6,26095.166
1763971200000,87004.6,87004.6,85654.1,86232.5,25190.047
1763985600000,86232.5,86700.0,85226.4,86571.0,47419.81
1764000000000,86571.1,88788.0,86571.0,88277.0,51453.968
1764014400000,88277.1,89177.3,88205.3,88247.1,24195.628
1764028800000,88247.1,88247.1,87378.8,87775.1,19713.977
1764043200000,87775.0,88477.6,87240.0,87362.2,17064.891
1764057600000,87362.2,87585.7,86628.4,87311.9,23787.173
1764072000000,87312.0,87732.7,86061.1,86946.5,39724.105
1764086400000,86946.6,88115.0,86132.7,86835.0,30082.125
1764100800000,86835.1,87869.4,86542.0,87324.1,19265.384
1764115200000,87324.1,88200.0,87022.2,87088.5,17140.975
1764129600000,87088.4,87947.0,86851.1,87896.2,14105.593
1764144000000,87896.2,87909.2,86630.0,87049.2,17454.952
1764158400000,87049.1,87646.8,86260.9,86926.2,36287.132
1764172800000,86926.3,90362.7,86914.3,89923.3,54312.066
1764187200000,89923.3,90655.4,89458.7,90438.1,19845.815
1764201600000,90438.0,91850.0,90024.4,91049.3,32745.927
1764216000000,91049.3,91520.0,90843.8,91361.5,14177.4
1764230400000,91361.4,91931.9,91177.2,91334.9,18138.117
1764244800000,91334.9,91418.4,90410.6,90912.9,24029.717
1764259200000,90913.0,91800.0,90800.4,91489.0,17191.032
1764273600000,91489.0,91562.8,91058.4,91292.2,7403.039
1764288000000,91292.2,91386.6,90612.2,91168.0,13757.156
1764302400000,91168.0,91690.0,90824.1,90870.2,13510.903
1764316800000,90870.2,92000.0,90863.6,91382.9,21589.404
1764331200000,91383.0,93080.0,91314.4,92299.9,48122.799
1764345600000,92299.8,92323.6,90155.0,91106.1,41246.173
1764360000000,91106.0,91209.0,90657.6,90847.8,8693.912
1764374400000,90847.8,91078.4,90500.0,90638.0,7053.901
1764388800000,90638.1,90884.8,90265.2,90523.5,9280.403
1764403200000,90523.4,90691.5,90335.2,90633.7,6285.01
1764417600000,90633.8,91068.1,90484.3,91030.0,8755.57
1764432000000,91030.0,91130.0,90092.7,90602.9,14802.817
1764446400000,90602.9,91020.0,90363.0,90765.0,8018.978
1764460800000,90764.9,91016.0,90414.0,90873.0,6739.259
1764475200000,90872.9,90999.4,90626.2,90924.5,4260.813
1764489600000,90924.5,91580.0,90879.3,91000.9,14264.111
1764504000000,91000.9,91934.4,90960.0,91405.8,16461.441
1764518400000,91405.9,91818.8,91088.1,91423.2,8957.664
1764532800000,91423.1,91592.3,90300.0,90320.6,15456.43
1764547200000,90320.5,90396.9,86126.0,86319.2,80222.892
1764561600000,86319.1,86524.6,85563.7,86487.6,31809.427
1764576000000,86487.3,86886.0,86090.0,86100.1,19775.516
1764590400000,86100.0,86625.0,83786.0,84650.0,83435.905
1764604800000,84650.0,85528.7,84011.0,84985.0,46606.811
1764619200000,84985.0,86817.0,84966.8,86241.6,34996.615
1764633600000,86241.5,87384.0,86140.1,86936.0,23647.179
1764648000000,86935.9,87245.9,86772.0,86965.0,11979.706
1764662400000,86965.0,87640.0,86321.0,87326.9,24568.861
1764676800000,87327.0,91211.3,87005.0,90809.2,78565.044
1764691200000,90809.2,92273.2,90156.4,91849.9,54905.622
1764705600000,91849.9,91970.4,90643.5,91249.1,34434.753
1764720000000,91249.1,93068.9,90954.8,92589.2,30608.344
1764734400000,92589.2,93932.7,92578.0,92969.9,37966.712
1764748800000,92970.0,93338.4,92602.8,92957.7,21367.918
1764763200000,92957.6,93653.6,91637.4,92332.9,58413.578
1764777600000,92333.0,93471.1,91733.2,92995.8,30690.222
1764792000000,92995.8,94185.0,92784.3,93376.7,22251.543
1764806400000,93376.8,94040.0,92628.0,93499.9,24501.316
1764820800000,93500.0,93549.2,92737.0,93358.6,16001.449
1764835200000,93358.5,93600.0,92666.1,92894.9,16325.267
1764849600000,92894.9,93256.3,91762.0,92933.5,38745.228
1764864000000,92933.4,93143.4,90822.5,91941.5,38482.82
1764878400000,91941.5,92676.8,91649.8,92034.7,12716.347
1764892800000,92034.7,92665.5,91917.7,92104.9,10956.852
1764907200000,92104.8,92455.4,91750.6,92227.5,12306.339
1764921600000,92227.6,92227.6,90940.4,91307.9,21552.042
1764936000000,91308.0,91445.2,89863.0,90414.0,55291.144
1764950400000,90413.9,90460.0,87976.3,89590.5,66447.207
1764964800000,89590.5,89706.0,88856.7,89288.5,12571.473
1764979200000,89288.6,89758.0,88986.1,89636.5,10198.215
1764993600000,89636.5,89732.4,89410.8,89549.6,6055.827
1765008000000,89549.5,89679.0,89165.9,89585.4,8658.915
1765022400000,89585.4,90257.3,89424.2,89713.4,14787.6
1765036800000,89713.3,89940.3,89203.0,89369.4,8623.445
1765051200000,89369.5,89578.3,88870.1,89197.1,8502.865
1765065600000,89197.1,89704.5,89131.5,89675.6,5748.385
1765080000000,89675.7,89750.0,89155.0,89337.1,6553.596
1765094400000,89337.1,89494.4,89012.9,89109.4,7659.024
1765108800000,89109.3,89700.0,87688.0,89505.0,41325.561
1765123200000,89505.0,91722.0,89065.2,91379.7,36596.274
1765137600000,91379.8,91473.2,88890.0,90345.4,31709.165
1765152000000,90345.4,91650.0,89806.4,91039.4,20651.383
1765166400000,91039.3,91868.0,90979.2,91519.8,12977.758
1765180800000,91519.8,92262.6,91433.6,91923.5,16068.448
1765195200000,91923.6,92106.4,89553.8,89912.6,57039.196
1765209600000,89912.7,90471.6,89629.1,90073.6,29715.552
1765224000000,90073.7,91338.2,90073.7,90610.8,16022.402
1765238400000,90610.8,90810.8,89774.1,90364.0,15639.888
1765252800000,90364.1,90485.8,89368.9,90449.9,20910.849
1765267200000,90449.9,90584.8,89868.0,90341.9,10989.605
1765281600000,90342.0,92867.0,89953.0,92676.9,45314.765
1765296000000,92676.9,94555.0,92656.5,93761.9,62023.498
1765310400000,93761.9,93819.1,92199.0,92638.4,27051.658
1765324800000,92638.3,92748.2,91900.0,92366.0,16458.476
1765339200000,92366.0,92749.8,92339.8,92744.7,9066.291
1765353600000,92744.7,93278.9,91721.0,92085.5,22951.746
1765368000000,92085.4,92197.3,91520.0,92021.8,20761.517
1765382400000,92021.8,93223.6,91605.0,92913.8,47793.664
1765396800000,92913.9,94443.7,91825.0,91977.5,43457.086
1765411200000,91977.5,92046.3,89321.0,89833.1,41765.03
1765425600000,89833.1,90445.6,89640.4,90231.4,16187.084
1765440000000,90231.3,90494.7,89931.0,90195.3,11011.162
1765454400000,90195.3,90618.0,89200.0,89830.1,36667.082
1765468800000,89830.1,91499.0,89288.0,90793.5,36608.297
1765483200000,90793.5,93547.3,90749.6,92477.5,48909.413
1765497600000,92477.6,92719.0,91400.0,92234.3,22813.99
1765512000000,92234.3,92685.5,92028.4,92389.5,11201.46
1765526400000,92389.5,92600.0,92050.0,92381.5,9687.193
1765540800000,92381.4,92630.0,89688.0,89895.0,49205.788
1765555200000,89895.0,90617.7,89429.0,90147.3,41898.523
1765569600000,90147.4,90357.5,89843.0,90229.6,10037.156
1765584000000,90229.7,90432.0,90077.0,90304.0,5591.18
1765598400000,90304.1,90379.5,90226.8,90286.1,3796.6
1765612800000,90286.0,90599.0,90239.0,90298.4,7893.366
1765627200000,90298.5,90441.9,89888.0,90055.4,9021.404
1765641600000,90055.3,90236.6,89944.0,90150.9,4576.962
1765656000000,90150.8,90248.0,89711.9,90191.3,5358.221
1765670400000,90191.3,90440.0,90071.6,90222.3,7086.65
1765684800000,90222.4,90300.0,90005.8,90205.1,3999.939
1765699200000,90205.1,90250.0,88412.8,89308.2,24641.953
1765713600000,89308.3,89630.8,88831.7,88985.2,17265.699
1765728000000,88985.2,89372.8,88432.0,88598.7,17696.731
1765742400000,88598.7,88779.1,87504.3,88118.8,21395.682
1765756800000,88118.8,89972.4,88025.3,89239.9,27815.116
1765771200000,89240.0,89880.0,89229.5,89703.0,10941.101
1765785600000,89702.9,89940.0,89525.0,89606.0,11790.519
1765800000000,89606.0,89845.0,86563.6,86996.6,67384.379
1765814400000,86996.5,87189.9,85073.0,86104.2,56199.332
1765828800000,86104.2,86437.1,85489.7,86389.9,20085.598
1765843200000,86390.0,86478.6,85340.1,85837.7,16787.316
1765857600000,85837.6,86577.0,85226.0,85964.8,17300.472
1765872000000,85964.9,87299.7,85874.6,87216.6,18856.619
1765886400000,87216.6,88143.9,86055.9,87936.3,54188.458
1765900800000,87936.3,88012.5,87015.8,87538.7,26033.481
1765915200000,87538.7,87900.0,87297.9,87826.3,9058.702
1765929600000,87826.3,87925.8,87104.2,87178.1,11671.628
1765944000000,87178.2,87360.8,86158.4,87010.4,22749.284
1765958400000,87010.4,87100.0,86201.0,86939.3,15486.489
1765972800000,86939.2,90363.2,86768.8,87191.4,86140.012
1765987200000,87191.0,87737.3,85261.3,85982.7,55699.358
1766001600000,85982.7,86421.0,85630.0,86201.6,16899.977
1766016000000,86201.6,86836.2,85820.6,86575.1,16118.556
1766030400000,86575.1,86859.1,86323.7,86787.5,11560.136
1766044800000,86787.5,87417.6,86640.5,87268.1,14444.149
1766059200000,87257.0,89447.9,87068.0,88480.8,75762.851
1766073600000,88480.7,88500.0,84429.9,84447.0,83673.674
1766088000000,84447.0,85800.0,84408.6,85469.7,28014.313
1766102400000,85469.8,87550.0,85062.7,86863.1,30604.064
1766116800000,86863.2,88366.0,86651.9,87909.7,28039.593
1766131200000,87909.7,88345.1,87700.0,88169.9,16798.031
1766145600000,88170.0,89374.6,87488.0,87925.6,51776.28
1766160000000,87925.6,88888.0,86795.5,87812.8,36941.972
1766174400000,87812.9,88406.3,87569.1,88100.0,14124.554
1766188800000,88100.0,88294.8,87926.7,88165.3,5637.357
1766203200000,88165.3,88551.8,88065.9,88239.9,6898.331
1766217600000,88240.0,88397.8,88063.8,88243.6,4869.385
1766232000000,88243.6,88320.0,87698.5,88134.6,11529.379
1766246400000,88134.5,88407.7,88060.0,88196.3,3919.255
1766260800000,88196.4,88434.9,88111.1,88320.8,3120.141
1766275200000,88320.7,88400.0,87821.1,88043.2,7336.323
1766289600000,88043.3,88174.5,88010.0,88138.7,2659.008
1766304000000,88138.8,89050.0,88103.3,88570.6,15426.009
1766318400000,88570.7,88885.9,87548.5,88024.7,25733.455
1766332800000,88024.7,88588.0,87902.0,88448.2,10214.556
1766347200000,88448.3,88786.9,88047.4,88621.3,6255.037
1766361600000,88621.3,89600.0,87845.0,88727.5,31996.805
1766376000000,88727.4,89173.8,88665.3,89127.7,9144.909
1766390400000,89127.8,90085.0,89050.1,89905.2,25914.874
1766404800000,89905.2,90599.0,89109.1,89688.5,43053.447
1766419200000,89688.6,90088.0,87906.7,88011.1,26150.733
1766433600000,88011.0,88805.9,87872.6,88581.5,18432.701
1766448000000,88581.5,88904.9,87738.3,88128.2,16525.238
1766462400000,88128.2,88342.0,86976.6,87531.3,23180.432
1766476800000,87531.3,87852.0,87256.3,87813.9,12098.9
1766491200000,87813.8,87914.0,86536.0,87405.3,34384.868
1766505600000,87405.2,88247.8,87121.4,87724.2,32501.327
1766520000000,87724.2,88349.2,87145.0,87463.0,14967.183
1766534400000,87463.1,87849.9,86817.9,87311.4,15341.836
1766548800000,87311.4,87430.0,86738.8,86868.1,11302.398
1766563200000,86868.1,87316.7,86671.7,87162.6,10537.249
1766577600000,87162.6,87450.0,86355.0,87012.0,23298.985
1766592000000,87012.0,87660.0,86878.3,87521.4,13327.506
1766606400000,87521.4,88033.3,87484.6,87627.3,7735.534
1766620800000,87627.4,87933.5,87466.9,87811.6,5633.524
1766635200000,87811.6,87830.0,87617.1,87795.9,3874.387
1766649600000,87795.9,87858.8,87219.0,87485.2,8305.291
1766664000000,87485.2,88594.0,87360.7,88338.9,15360.367
1766678400000,88339.0,88451.6,87947.8,88112.3,9470.156
1766692800000,88112.3,88139.2,86902.1,87182.8,15152.527
1766707200000,87182.8,89432.0,86824.8,88796.2,38115.137
1766721600000,88796.2,89557.6,88300.5,88433.0,21937.337
1766736000000,88433.0,88888.0,88380.0,88507.5,11419.104
1766750400000,88507.6,89037.0,86619.9,87100.0,51437.502
1766764800000,87100.0,87555.0,86760.4,87453.7,19187.707
1766779200000,87453.7,87750.0,87266.6,87318.2,7874.95
1766793600000,87318.3,87493.4,87203.0,87473.4,4564.436
1766808000000,87473.4,87669.7,87374.5,87490.9,3525.475
1766822400000,87490.9,87634.9,87324.6,87433.6,5166.212
1766836800000,87433.6,87555.0,87264.8,87516.2,4515.048
1766851200000,87516.3,87545.6,87397.5,87522.4,2442.758
1766865600000,87522.3,87956.9,87455.5,87829.4,7080.18
1766880000000,87829.5,87921.7,87674.4,87693.0,4818.273
1766894400000,87693.1,87802.5,87566.0,87697.7,3595.942
1766908800000,87697.7,87980.9,87676.4,87850.8,5882.811
1766923200000,87850.9,88078.3,87762.2,87797.7,6369.212
1766937600000,87797.6,87902.7,87448.4,87488.6,9230.702
1766952000000,87488.7,88023.4,87402.6,87920.5,7463.024
1766966400000,87920.4,90156.5,87778.5,90091.6,45213.489
1766980800000,90091.5,90373.4,89448.1,89583.0,25464.187
1766995200000,89583.0,89791.5,87520.1,87529.0,45300.356
1767009600000,87529.1,88150.0,86760.0,87636.6,49719.631
1767024000000,87636.4,87968.1,87259.6,87328.9,15239.929
1767038400000,87328.9,87569.2,87043.4,87203.3,9066.617
1767052800000,87203.2,87393.1,86789.0,87334.7,13438.983
1767067200000,87334.7,87581.4,87105.6,87457.5,8171.089
1767081600000,87457.5,88190.6,87455.5,87875.2,23327.302
1767096000000,87875.3,89126.0,87788.2,88966.8,38901.923
1767110400000,88966.8,89355.0,87910.4,88189.7,32511.331
1767124800000,88189.8,88533.0,87833.2,88455.3,10394.632
1767139200000,88455.2,88780.0,88134.9,88411.5,11679.228
1767153600000,88411.6,88596.0,88280.1,88569.0,6284.482
1767168000000,88568.9,89000.0,88339.9,88967.6,12440.16
1767182400000,88967.6,89192.8,87729.2,87909.0,31536.84
1767196800000,87909.0,88024.3,87350.5,87515.0,24053.975
1767211200000,87515.0,87849.7,87189.2,87608.2,10773.672
1767225600000,87608.3,88065.0,87600.0,87824.6,7102.55
1767240000000,87824.6,87831.6,87508.4,87603.7,5685.305
1767254400000,87603.7,87985.6,87590.0,87980.1,6046.668
1767268800000,87980.1,88079.3,87758.4,87986.8,8130.085
1767283200000,87986.8,88475.8,87833.1,88354.8,11314.033
1767297600000,88354.8,88881.4,88193.2,88800.0,9662.662
1767312000000,88800.0,89088.0,88324.4,88899.3,19809.197
1767326400000,88899.3,89055.0,88533.6,88829.3,12241.301
1767340800000,88829.3,89900.0,88780.0,89458.3,27887.349
1767355200000,89458.3,90126.5,88401.2,89373.1,50647.142
1767369600000,89373.0,90945.1,89145.2,89865.0,53631.695
1767384000000,89865.0,90368.7,89588.0,89951.4,12445.764
1767398400000,89951.5,90365.9,89914.5,90279.9,6484.185
1767412800000,90280.0,90456.0,89261.2,89535.9,14358.15
1767427200000,89535.9,89943.9,89380.2,89706.4,9668.717
1767441600000,89706.4,90200.0,89620.0,89931.8,10078.954
1767456000000,89931.7,90189.0,89866.5,90091.8,4811.57
1767470400000,90091.8,90716.9,89972.9,90595.8,11489.693
1767484800000,90595.8,91597.6,90595.7,91192.7,21036.474
1767499200000,91192.7,91779.7,91142.3,91477.5,13544.574
1767513600000,91477.5,91581.7,91111.9,91262.7,11954.424
1767528000000,91262.8,91377.2,90968.0,91292.8,10317.597
1767542400000,91292.8,91429.4,90790.1,91102.9,9385.331
1767556800000,91102.9,91567.0,91085.1,91497.1,7534.629
1767571200000,91497.2,93382.5,91476.5,92835.2,51047.503
1767585600000,92835.3,92920.0,92102.0,92492.1,20234.161
1767600000000,92492.1,93131.8,92292.0,93093.3,20213.743
1767614400000,93093.3,93998.9,92370.9,93899.9,43133.117
1767628800000,93900.0,94475.7,93201.0,94248.6,35514.604
1767643200000,94248.6,94760.3,93757.9,93822.4,19273.184
1767657600000,93822.3,94125.1,93467.1,93725.8,13154.652
1767672000000,93725.7,93966.4,93088.0,93207.4,16653.016
1767686400000,93207.4,93865.5,93130.4,93799.9,13061.435
1767700800000,93800.0,94415.4,93292.0,93608.2,42110.368
1767715200000,93608.2,93728.9,91209.0,92062.2,69722.545
1767729600000,92062.2,93825.0,92062.2,93708.0,32741.034
1767744000000,93708.1,93708.1,92202.9,92778.2,23633.179
1767758400000,92778.1,92893.0,92457.9,92848.1,9331.514
1767772800000,92848.1,92928.0,91549.9,92041.9,31461.263
1767787200000,92041.8,92249.3,90987.0,91303.1,39915.388
1767801600000,91303.2,91750.0,90634.1,91143.6,28364.998
1767816000000,91143.6,91462.1,90740.5,91328.0,16280.508
1767830400000,91328.1,91666.0,90555.1,90780.1,15801.589
1767844800000,90780.0,91157.6,89588.1,90509.9,33939.861
1767859200000,90509.8,90741.2,89733.6,90192.3,26745.978
1767873600000,90192.2,90790.0,89242.0,90730.0,49177.48
1767888000000,90730.0,91425.1,90244.7,90890.9,28633.856
1767902400000,90890.9,91449.9,90519.9,91059.8,14177.18
1767916800000,91059.8,91600.0,90800.6,91190.1,13112.406
1767931200000,91190.1,91203.0,90704.0,90712.1,7718.517
1767945600000,90712.1,90812.0,89632.8,90398.1,29857.973
1767960000000,90398.1,91999.0,89800.0,91137.7,50210.138
1767974400000,91137.8,91749.9,90145.0,90290.6,30045.679
1767988800000,90290.6,90693.0,90082.6,90603.6,9449.964
1768003200000,90603.7,90748.6,90474.4,90591.3,4296.028
1768017600000,90591.3,90650.4,90351.6,90627.1,3897.275
1768032000000,90627.1,90800.0,90570.0,90692.8,5112.255
1768046400000,90692.9,90758.7,90494.0,90622.7,4673.046
1768060800000,90622.8,90708.0,90450.0,90591.4,3632.768
1768075200000,90591.3,90627.6,90358.5,90469.6,3659.369
1768089600000,90469.7,90699.9,90410.6,90696.5,3298.738
1768104000000,90696.4,90818.0,90530.9,90664.0,3375.466
1768118400000,90663.9,90787.8,90555.0,90707.3,4860.961
1768132800000,90707.2,91143.1,90650.0,90834.1,11189.115
1768147200000,90834.0,91252.5,90609.5,90644.7,7657.326
1768161600000,90644.7,91000.0,90175.3,90964.4,13162.776
1768176000000,90964.4,92488.0,90642.0,91766.2,34613.115
1768190400000,91766.2,92245.1,91342.0,91369.2,14891.693
1768204800000,91369.2,91586.5,90319.4,90573.9,30364.738
1768219200000,90573.9,91637.8,90066.0,91618.7,33382.596
1768233600000,91618.6,92299.0,90966.0,91821.9,43461.407
1768248000000,91821.9,92017.0,90870.0,91252.6,12523.834
1768262400000,91252.5,91524.5,91011.0,91380.9,11584.552
1768276800000,91380.9,92258.0,91316.3,91908.0,20473.116
1768291200000,91908.0,92676.6,91850.6,91962.1,23092.118
1768305600000,91962.1,93408.0,91700.6,93407.9,48588.204
1768320000000,93407.9,94189.0,93009.8,94179.5,39149.646
1768334400000,94179.6,96863.7,94011.7,95375.2,57658.282
1768348800000,95375.2,95670.0,95082.0,95665.7,16464.491
1768363200000,95665.6,95755.0,94413.4,95166.6,23449.918
1768377600000,95166.6,95288.0,94700.0,94763.6,14291.289
1768392000000,94763.7,97100.0,94643.0,96691.9,56131.329
1768406400000,96691.9,97733.9,96180.0,97221.8,52868.159
1768420800000,97221.8,97932.1,96666.6,96907.9,18838.305
1768435200000,96908.0,96960.9,95733.1,95943.1,19713.874
1768449600000,95943.1,96744.2,95909.1,96601.2,17931.66
1768464000000,96601.2,97155.0,96243.8,96548.9,15485.899
1768478400000,96548.9,97100.0,95403.7,96717.3,45603.132
1768492800000,96717.3,97047.6,95080.0,95469.2,37698.441
1768507200000,95469.2,95837.8,95089.0,95567.3,12771.735
1768521600000,95567.4,95825.0,95279.8,95319.6,9561.47
1768536000000,95319.6,95790.0,95111.1,95608.4,14107.35
1768550400000,95608.4,95805.0,95210.5,95382.6,9683.442
1768564800000,95382.5,95763.0,94234.5,94537.5,37520.56
1768579200000,94537.6,95191.8,94454.5,94961.0,17146.236
1768593600000,94961.0,95550.0,94630.0,95503.7,13199.031
1768608000000,95503.8,95536.9,95136.2,95324.0,5524.505
1768622400000,95324.1,95346.1,94999.9,95061.1,4766.776
1768636800000,95061.1,95287.1,94977.5,95283.9,4032.162
1768651200000,95283.8,95621.9,95152.1,95529.0,11191.027
1768665600000,95529.0,95529.0,95165.5,95258.3,7792.851
1768680000000,95258.3,95373.2,95000.0,95107.9,5661.912
1768694400000,95107.9,95200.9,94819.5,95155.0,6600.369
1768708800000,95155.0,95236.5,94980.0,94989.9,4813.436
1768723200000,94989.9,95257.4,94980.0,95133.4,5147.428
1768737600000,95133.3,95326.4,94850.4,95067.8,12660.949
1768752000000,95067.7,95485.9,95024.6,95335.6,7763.476
1768766400000,95335.6,95490.0,93550.3,93614.0,25594.735
1768780800000,93614.0,93614.1,91800.0,92656.6,49990.263
1768795200000,92656.7,92810.0,92344.5,92787.9,11351.718
1768809600000,92787.8,93312.8,92635.0,93136.7,13800.415
1768824000000,93136.8,93188.0,92660.0,93013.5,11142.096
1768838400000,93013.4,93379.0,92888.0,93066.2,8569.393
1768852800000,93066.2,93312.1,92116.0,92589.6,13383.171
1768867200000,92589.6,92845.0,92200.0,92397.0,13853.313
1768881600000,92396.9,92440.1,90723.3,91136.1,40101.084
1768896000000,91136.1,91415.1,90622.2,91185.8,17642.089
1768910400000,91185.8,91344.8,89819.0,90644.2,49534.19
1768924800000,90644.3,90944.5,89250.2,89694.1,34730.522
1768939200000,89694.1,89824.0,87787.2,88390.6,32215.002
1768953600000,88390.7,89568.5,88218.2,89396.0,18898.318
1768968000000,89395.9,90088.0,89045.0,89171.3,19315.661
1768982400000,89171.3,89449.0,88614.1,88757.1,13506.472
1768996800000,88757.0,90599.5,88109.7,90237.1,54268.387
1769011200000,90237.2,90427.6,87205.5,90321.9,76317.133
1769025600000,90321.9,90349.0,89317.9,89411.4,25776.644
1769040000000,89411.4,90327.7,89411.3,89857.0,13517.244
1769054400000,89856.9,90170.1,89750.0,89772.6,8495.666
1769068800000,89772.6,90123.0,89701.9,89909.6,9239.677
1769083200000,89909.7,90309.5,88465.6,88953.6,42054.956
1769097600000,88953.7,89882.1,88630.2,89732.9,22922.654
1769112000000,89732.8,89908.5,89095.5,89518.5,9684.024
1769126400000,89518.4,89948.9,89400.0,89886.1,7103.31
1769140800000,89886.2,90050.0,89358.0,89497.2,10350.649
1769155200000,89497.3,89590.9,88823.3,89171.2,14039.112
1769169600000,89171.3,89847.2,88530.0,89711.2,27156.81
1769184000000,89711.2,91195.0,89438.0,89938.3,53329.738
1769198400000,89938.3,90124.1,89163.6,89558.7,12846.231
1769212800000,89558.7,89893.9,89383.5,89738.4,5898.549
1769227200000,89738.4,89820.1,89530.6,89581.2,4004.245
1769241600000,89581.3,89659.2,89539.5,89548.5,3259.833
1769256000000,89548.5,89554.9,89131.2,89235.0,8263.039
1769270400000,89234.9,89425.2,89116.9,89286.0,6341.109
1769284800000,89286.1,89444.4,89155.0,89180.7,2969.162
1769299200000,89180.7,89281.6,88800.0,88920.0,5837.206
1769313600000,88920.0,89057.8,88600.0,88630.3,6941.923
1769328000000,88630.3,88727.2,88084.0,88531.0,12171.295
1769342400000,88530.9,88947.1,88306.6,88406.0,12877.754
1769356800000,88406.0,88410.0,86100.0,86459.4,55909.37
1769371200000,86459.4,86966.4,86021.7,86628.9,31141.815
1769385600000,86628.9,87922.0,86463.2,87233.1,28640.303
1769400000000,87233.1,88059.6,87188.3,87968.9,13632.75
1769414400000,87969.0,88367.5,87556.9,87810.0,12963.85
1769428800000,87810.1,88834.1,87278.5,87609.5,37919.782
1769443200000,87609.4,88496.4,86960.0,87965.6,28639.512
1769457600000,87965.5,88637.4,87506.8,88300.6,12813.294
1769472000000,88300.6,88880.6,88157.4,88744.6,12771.372
1769486400000,88744.7,88983.3,88239.9,88287.9,8861.368
1769500800000,88288.0,88365.6,87707.1,87947.5,10960.454
1769515200000,87947.4,88418.8,87530.0,88000.1,21717.911
1769529600000,88000.1,88836.3,87265.4,88378.1,38341.683
1769544000000,88378.1,89499.0,88335.6,89197.8,25273.326
1769558400000,89197.8,89454.6,88932.6,89079.8,10026.193
1769572800000,89079.8,89366.0,88786.0,89106.8,9710.807
1769587200000,89106.8,90122.0,88831.9,90036.9,19303.904
1769601600000,90036.9,90444.4,88852.2,89444.4,38056.703
1769616000000,89444.5,90592.7,88974.0,89363.6,32992.134
1769630400000,89363.5,89880.1,88829.0,89261.7,13795.118
1769644800000,89261.7,89316.8,87650.1,88003.2,26173.956
1769659200000,88003.2,88394.2,87863.0,88310.9,9421.294
1769673600000,88310.9,88461.2,87711.0,87795.2,16008.75
1769688000000,87795.1,88133.2,84335.4,84898.0,74469.515
1769702400000,84897.9,85596.1,83338.3,83979.4,83125.553
1769716800000,83979.5,84699.9,83785.6,84604.7,17562.523
1769731200000,84604.7,84697.2,81000.0,82640.9,76402.239
1769745600000,82640.9,83300.0,82021.1,82770.1,33705.929
1769760000000,82770.1,83280.6,82108.4,83104.8,24459.859
1769774400000,83104.7,83779.2,82328.6,82850.2,42061.2
1769788800000,82850.1,84599.0,81832.0,84200.0,52992.028
1769803200000,84199.9,84487.7,83501.0,84211.4,25173.261
1769817600000,84211.4,84239.5,83775.5,83987.5,9341.051
1769832000000,83987.5,84110.0,83368.0,83514.4,10028.444
1769846400000,83514.3,83598.0,82530.2,82983.2,23221.921
1769860800000,82983.2,83115.3,80754.3,81268.6,51733.36
1769875200000,81268.6,82200.0,75500.0,77707.9,140211.477
1769889600000,77707.9,79200.0,77037.8,78706.8,37012.258
1769904000000,78706.7,79396.8,78245.7,78826.3,19245.976
1769918400000,78826.3,79094.9,77899.9,78320.8,18661.217
1769932800000,78320.8,79194.0,78099.8,78712.1,18582.65
1769947200000,78712.1,78732.0,76752.5,77563.8,45953.015
1769961600000,77563.8,78421.6,76950.9,77142.4,29864.884
1769976000000,77142.4,77753.6,75644.0,76931.5,54676.338
1769990400000,76931.6,78111.0,74555.0,76256.2,70032.518
1770004800000,76256.2,76930.0,74853.0,76612.6,56149.261
1770019200000,76612.6,77937.7,76576.7,77716.1,30912.995
1770033600000,77716.0,79311.0,77515.6,78800.6,58953.88
1770048000000,78800.5,79248.0,78234.9,78299.2,27195.435
1770062400000,78299.1,78935.9,77843.2,78692.5,16402.325
1770076800000,78692.5,79163.0,77566.5,78710.7,24856.12
1770091200000,78710.7,78967.9,77900.1,78749.9,19860.497
1770105600000,78750.0,79049.0,77900.0,78040.1,23203.397
1770120000000,78040.1,78425.8,77000.5,78094.1,51447.122
1770134400000,78094.2,78101.5,72889.2,74893.8,138235.631
1770148800000,74893.9,76920.7,74541.0,75732.4,50122.749
1770163200000,75732.4,76952.5,75420.0,76661.1,25230.293
1770177600000,76661.1,76809.4,76072.0,76478.9,13166.927
1770192000000,76478.9,76568.0,75629.9,75987.6,23832.37
1770206400000,75987.6,76245.5,73756.0,74107.0,78049.845
1770220800000,74107.0,74211.8,72101.0,73895.3,110739.361
1770235200000,73895.2,74141.1,71838.0,73137.4,42105.843
1770249600000,73137.5,73316.3,71111.0,71198.9,61677.796
1770264000000,71199.0,71600.0,70085.3,70716.1,70629.246
1770278400000,70716.1,71944.4,69862.0,70279.0,55156.137
1770292800000,70279.1,70848.6,66666.0,67451.9,168792.675
1770307200000,67452.0,68667.4,65160.0,65237.4,138785.242
1770321600000,65237.5,65678.1,62233.3,62868.1,175048.645
1770336000000,62868.1,65969.5,59800.0,64138.1,176970.308
1770350400000,64138.1,66783.0,63924.7,64811.2,70097.968
1770364800000,64811.2,66773.4,64438.9,66586.1,54110.748
1770379200000,66586.1,69157.9,66072.0,68577.5,105687.051
1770393600000,68577.5,71451.6,68348.0,70675.5,107975.296
1770408000000,70675.5,71714.4,69764.7,70544.5,44341.398
1770422400000,70544.5,70899.5,69674.5,70887.1,31855.755
1770436800000,70887.2,71690.0,67250.0,68050.5,88703.15
1770451200000,68050.5,68797.8,67550.2,67935.1,39834.145
1770465600000,67935.0,70000.0,67870.2,69122.1,59726.379
1770480000000,69122.1,69887.7,68478.1,69341.4,34087.255
1770494400000,69341.3,69688.2,68734.6,69254.2,12456.967
1770508800000,69254.3,69666.0,68843.7,69064.7,14911.652
1770523200000,69064.7,69693.0,68928.0,69665.0,12103.435
1770537600000,69665.1,71199.9,69467.9,70954.0,43821.848
1770552000000,70954.0,71524.9,70653.0,71152.6,28255.244
1770566400000,71152.5,71480.0,70220.1,71381.0,23445.872
1770580800000,71381.0,72300.0,69913.3,70288.1,40215.536
1770595200000,70288.2,71434.9,70013.3,71269.9,28075.139
1770609600000,71269.8,71320.0,70251.1,70393.5,19162.987
1770624000000,70393.5,70583.3,68373.9,68899.9,49010.982
1770638400000,68900.0,69843.7,68271.7,69528.9,56527.819
1770652800000,69528.9,71041.0,69050.0,70912.7,46984.623
1770667200000,70912.6,71085.0,69776.1,70110.5,22681.278
1770681600000,70110.6,70499.9,69155.8,69473.3,22533.107
1770696000000,69473.2,69886.1,68633.3,68882.1,26911.354
1770710400000,68882.2,69376.3,68406.4,68489.9,24790.436
1770724800000,68489.9,69554.7,67883.0,69251.5,61160.036
1770739200000,69251.4,69957.9,68555.6,69031.4,34739.185
1770753600000,69031.3,69116.9,68322.1,68805.3,13738.491
1770768000000,68805.3,69262.7,67951.8,68143.6,19145.197
1770782400000,68143.6,68288.0,66511.0,67000.0,43120.56
1770796800000,67000.0,67094.4,66342.6,67023.0,25236.662
1770811200000,67022.9,68821.1,65718.5,66489.3,94588.83
1770825600000,66489.4,67831.4,65834.5,67547.7,47502.511
1770840000000,67547.6,68315.0,66757.4,67054.4,27031.764
1770854400000,67054.8,68021.0,67016.6,67550.2,19130.074
1770868800000,67550.3,67659.6,66640.0,67181.5,17969.216
1770883200000,67181.5,68265.5,66860.0,68031.8,23709.827
1770897600000,68031.8,68385.0,66958.0,67107.0,45122.558
1770912000000,67107.0,67221.9,65081.0,65760.7,70971.692
1770926400000,65760.7,66460.8,65177.8,66243.1,23089.892
1770940800000,66243.2,66778.5,65833.9,66519.6,18050.465
1770955200000,66519.6,66650.2,65964.2,66183.3,15780.838
1770969600000,66183.3,67196.8,66159.9,67137.8,22860.438
1770984000000,67137.8,69289.5,66823.6,68652.0,71464.15
1770998400000,68652.1,69473.7,68500.0,68904.2,38164.259
1771012800000,68904.3,69055.9,68639.7,68821.5,16723.139
1771027200000,68821.5,69118.1,68736.2,68947.7,9642.697
1771041600000,68947.7,69318.2,68689.1,69182.2,9127.385
1771056000000,69182.1,70557.7,69174.5,70464.8,27428.772
1771070400000,70464.8,70499.4,69163.7,69754.2,36370.367
1771084800000,69754.2,69903.3,69259.1,69849.0,15953.444
1771099200000,69848.9,70230.6,69600.0,69795.4,16011.581
1771113600000,69795.4,69967.4,69212.2,69926.0,18571.897
1771128000000,69925.9,70907.7,69925.9,70784.0,26247.372
1771142400000,70784.0,70938.5,70114.8,70268.7,18316.803
1771156800000,70268.6,70391.0,68741.4,69068.1,41787.049
1771171200000,69068.1,69074.0,68029.6,68263.6,30584.219
1771185600000,68263.7,69049.2,68100.2,68796.9,15742.79
1771200000000,68796.9,69033.6,68112.2,68392.6,13437.439
1771214400000,68392.6,68869.8,68183.3,68552.4,12323.489
1771228800000,68552.5,69029.9,68300.0,68769.4,15845.783
1771243200000,68769.4,70110.9,67250.0,67505.5,69582.444
1771257600000,67505.5,68221.7,67475.0,67883.6,20666.719
1771272000000,67883.5,68962.1,67788.6,68862.5,17723.874
1771286400000,68862.6,69228.6,68350.0,68443.6,16477.877
1771300800000,68443.6,68681.8,67854.2,68353.4,15435.494
1771315200000,68353.4,68445.8,67655.0,67824.4,15199.471
1771329600000,67824.3,68350.0,66588.0,67363.6,51182.908
1771344000000,67363.6,68220.1,66824.5,67766.9,40921.1
1771358400000,67766.9,67897.6,67355.7,67475.9,9968.272
1771372800000,67475.9,67683.4,66850.1,67590.2,13859.457
1771387200000,67590.3,68190.2,67456.6,68078.4,13751.365
1771401600000,68078.5,68438.0,67037.2,67345.4,27303.081
1771416000000,67345.4,68336.0,66666.2,67671.0,43142.829
1771430400000,67671.1,67684.6,65826.1,66138.2,48354.052
1771444800000,66138.3,66528.8,65993.1,66422.8,17562.607
1771459200000,66422.8,66975.0,66301.8,66950.4,11949.431
1771473600000,66950.4,67299.4,66651.8,67180.4,12987.831
1771488000000,67180.4,67180.4,66431.1,66468.9,17634.609
1771502400000,66468.8,66723.0,65595.7,66362.7,53345.665
1771516800000,66362.6,67174.0,65863.8,67022.9,39321.698
1771531200000,67022.8,67147.8,66618.2,66974.0,12193.367
1771545600000,66973.9,67490.0,66912.4,67327.2,16163.093
1771560000000,67327.2,67999.9,67079.3,67794.7,23131.392
1771574400000,67794.8,68283.7,67250.0,67290.5,27634.024
1771588800000,67290.4,68099.9,66408.1,67547.6,89010.872
1771603200000,67547.6,67998.9,66915.0,67616.5,53992.045
1771617600000,67616.5,68220.0,67486.6,67979.3,15372.545
1771632000000,67979.3,68079.0,67488.9,67637.0,13484.385
1771646400000,67636.9,67899.0,67555.2,67821.0,6835.056
1771660800000,67821.0,68280.0,67776.2,68060.9,16424.915
1771675200000,68061.0,68687.0,67882.8,68571.5,21938.833
1771689600000,68571.5,68632.5,68066.0,68516.3,16510.563
1771704000000,68516.3,68568.1,67860.0,67933.1,12301.741
1771718400000,67933.2,68198.5,67763.7,68010.5,12501.071
1771732800000,68010.5,68204.3,67850.4,67973.0,8942.586
1771747200000,67973.0,68220.0,67877.0,68183.4,9086.0
1771761600000,68183.4,68205.1,67275.0,67659.9,31174.344
1771776000000,67660.0,67712.0,67150.0,67402.2,12981.135
1771790400000,67402.1,67728.0,67324.1,67613.5,9658.286
1771804800000,67613.6,67655.8,64232.8,64894.0,89086.873
1771819200000,64894.1,65980.0,64628.5,65915.8,31480.866
1771833600000,65915.7,66574.5,65534.6,66170.8,30726.787
1771848000000,66170.8,66490.0,65500.0,65633.1,44068.051
1771862400000,65633.1,65701.2,64050.0,64273.9,57061.836
1771876800000,64273.9,64989.0,63860.0,64625.8,24726.883
1771891200000,64625.8,64980.0,63303.9,63570.5,44780.755
1771905600000,63570.5,63606.3,62655.0,63155.3,43162.099
1771920000000,63155.4,63432.4,62900.0,63192.2,17864.35
1771934400000,63192.1,63993.1,62401.7,63933.4,55745.736
1771948800000,63933.4,64719.1,63664.8,64405.4,44265.128
1771963200000,64405.4,64566.5,63769.2,64031.3,17332.501
1771977600000,64031.4,66283.1,63876.0,65361.7,56855.085
1771992000000,65361.7,65627.5,64720.4,65001.1,26612.513
1772006400000,65001.2,65674.1,64929.7,65396.7,19061.581
1772020800000,65396.6,67548.0,65280.1,67362.3,69345.322
1772035200000,67362.4,69531.3,67354.2,69005.2,77165.838
1772049600000,69005.2,69999.0,67557.0,67952.5,50198.479
1772064000000,67952.5,68666.0,67690.1,68187.5,24179.246
1772078400000,68187.4,68850.0,67780.0,67800.0,20005.173
1772092800000,67800.0,68689.7,67750.0,68025.2,23034.015
1772107200000,68025.2,68270.9,66730.7,67353.4,50416.384
1772121600000,67353.3,67888.0,66462.0,67550.7,47321.725
1772136000000,67550.7,67790.1,67114.0,67448.2,12880.512
1772150400000,67448.1,67670.0,66841.6,67557.4,22307.866
1772164800000,67557.4,68188.8,67417.4,67644.1,22791.161
1772179200000,67644.1,68127.8,65923.0,66094.1,50214.113
1772193600000,66094.0,66320.0,65626.1,66072.6,53927.286
1772208000000,66072.5,66095.2,65080.0,65365.4,37731.794
1772222400000,65365.4,65921.7,64875.6,65836.0,18985.144
1772236800000,65836.0,65994.7,65681.9,65763.8,10665.044
1772251200000,65763.8,65786.8,62979.5,63788.4,77198.277
1772265600000,63787.4,64267.9,63313.9,63810.4,35913.713
1772280000000,63810.4,65335.8,63782.2,64800.0,55609.039
1772294400000,64800.1,66642.8,64635.0,66318.1,39161.254
1772308800000,66318.1,67735.0,66150.0,66937.1,39375.459
1772323200000,66937.0,68189.0,65812.0,67474.7,56559.864
1772337600000,67474.8,67582.2,66757.2,67113.9,24461.609
1772352000000,67114.0,67275.5,66160.4,66439.0,25330.042
1772366400000,66439.0,67333.0,66100.0,66810.8,31465.641
1772380800000,66810.8,67083.0,65681.3,65926.0,39092.282
1772395200000,65925.9,66888.0,65011.0,65750.0,42201.998
1772409600000,65749.9,67082.5,65726.0,66787.3,30045.733
1772424000000,66787.3,66966.0,65509.0,65981.3,23909.56
1772438400000,65981.2,66707.5,65612.4,66329.9,25846.474
1772452800000,66329.8,69588.0,65234.4,69089.1,100518.31
1772467200000,69089.1,70100.0,68519.8,68928.4,69288.61
1772481600000,68928.4,69500.0,68529.5,68801.8,27769.345
1772496000000,68801.8,69221.6,68142.1,68349.3,24654.008
1772510400000,68349.4,68561.9,67759.6,68138.3,25184.326
1772524800000,68138.2,68281.6,66270.7,67000.0,57583.252
1772539200000,67000.0,68000.0,66080.0,67692.5,67933.027
1772553600000,67692.5,68972.9,67440.0,68395.9,61502.223
1772568000000,68395.9,68821.5,67778.4,68295.3,20613.064
1772582400000,68295.2,68887.9,67350.0,67700.1,33692.828
1772596800000,67700.1,69676.4,67421.9,69464.5,39330.795
1772611200000,69464.5,71887.9,69100.2,71082.4,94611.132
1772625600000,71082.3,73436.4,70559.7,73339.7,92618.5
1772640000000,73339.7,74046.5,72467.2,73580.2,67026.008
1772654400000,73580.3,73678.2,72273.0,72641.4,29864.233
1772668800000,72641.4,73295.7,72300.0,72469.6,23591.685
1772683200000,72469.5,73060.0,71740.0,72025.5,32629.087
1772697600000,72025.4,73539.1,71716.3,72879.9,38402.512
1772712000000,72880.0,73032.0,71136.2,71611.7,62191.887
1772726400000,71611.7,71620.6,70612.8,70875.5,50962.285
1772740800000,70875.5,71530.4,70737.9,70854.8,18390.824
1772755200000,70854.8,71387.5,70339.6,71045.4,23279.92
1772769600000,71045.4,71168.0,70100.0,71026.7,29611.984
1772784000000,71026.7,71035.3,70164.9,70185.6,25068.966
1772798400000,70185.6,70328.5,68121.6,68468.4,84732.612
1772812800000,68468.3,68759.5,67712.3,68101.0,34900.467
1772827200000,68100.9,68406.6,67731.0,68083.0,15788.754
1772841600000,68083.0,68524.9,68018.7,68063.2,14174.659
1772856000000,68063.3,68130.7,67411.0,67809.4,20253.761
1772870400000,67809.5,68215.6,67675.0,67975.9,13839.088
1772884800000,67976.0,68061.1,67568.4,67844.8,13378.413
1772899200000,67844.8,67913.6,66850.1,67042.6,19525.49
1772913600000,67042.6,67445.9,67028.0,67232.1,13398.751
1772928000000,67232.1,67459.0,66720.8,66974.9,16885.389
1772942400000,66974.9,67430.0,66508.0,67277.2,18554.059
1772956800000,67277.1,68171.6,67121.1,67490.0,27801.877
1772971200000,67490.1,67623.0,66730.0,67174.7,27339.604
1772985600000,67174.6,67459.2,66707.0,67299.0,18854.836
1773000000000,67299.0,67496.4,65569.2,65934.3,46312.208
1773014400000,65934.3,67646.0,65770.5,67165.3,41435.983
1773028800000,67165.3,68038.4,66833.9,67504.8,42658.686
1773043200000,67504.9,68441.5,67301.0,67723.3,33413.817
1773057600000,67723.3,69449.1,67714.2,68832.3,64501.076
1773072000000,68832.4,69498.0,68200.1,68951.8,39934.468
1773086400000,68951.8,69100.2,68333.0,68394.1,15267.517
1773100800000,68394.0,70555.0,68345.0,69391.0,51529.442
1773115200000,69391.0,70500.0,69391.0,70374.7,28318.564
1773129600000,70374.7,71272.4,70332.2,70570.1,38904.133
1773144000000,70570.1,71748.1,69184.8,71296.9,79824.041
1773158400000,71296.9,71665.8,69688.0,70005.2,43473.679
1773172800000,70005.1,70375.4,69388.0,69901.9,23624.625
1773187200000,69901.8,70139.6,69455.6,69517.0,19934.411
1773201600000,69517.0,70249.1,69329.7,69622.1,22428.745
1773216000000,69622.2,69750.0,69098.0,69144.0,19591.571
1773230400000,69144.0,71060.7,68932.9,70186.9,81262.52
1773244800000,70187.0,71286.0,70093.2,70600.8,37304.834
1773259200000,70600.7,70931.9,70078.6,70150.0,15105.875
1773273600000,70150.0,70314.1,69180.0,69402.6,24677.582
1773288000000,69402.6,69818.8,69150.0,69782.6,17621.83
1773302400000,69782.7,70756.5,69540.9,70388.5,35040.695
1773316800000,70388.6,70625.0,69303.8,70282.9,60362.28
1773331200000,70282.8,70530.0,69725.0,70393.7,33038.945
1773345600000,70393.7,70727.9,69974.7,70480.1,15749.261
1773360000000,70480.1,71979.2,70342.7,71366.3,49074.595
1773374400000,71366.3,71649.7,71150.0,71585.3,22770.578
1773388800000,71585.2,72547.0,71347.1,72189.9,43793.534
1773403200000,72189.8,73870.0,71700.0,71800.0,95514.604
1773417600000,71800.1,72215.1,70811.0,71148.0,67789.571
1773432000000,71148.1,71452.1,70510.8,70895.5,21289.239
1773446400000,70895.5,71141.7,70436.2,71034.3,17911.298
1773460800000,71034.3,71272.3,70256.0,70565.6,20769.739
1773475200000,70565.6,70745.1,70350.0,70705.0,11804.118
1773489600000,70705.0,70914.6,70444.1,70554.6,12725.591
1773504000000,70554.7,70707.9,70455.6,70664.1,5710.845
1773518400000,70664.1,71221.9,70607.7,71174.4,10361.423
1773532800000,71174.4,71599.9,70815.7,71314.8,17119.67
1773547200000,71314.8,71750.0,71277.1,71420.8,16031.421
1773561600000,71420.8,71897.9,71420.8,71800.0,14103.141
1773576000000,71800.1,71800.1,71220.1,71444.4,19469.966
1773590400000,71444.4,71971.8,71275.0,71515.2,17115.499
1773604800000,71515.2,73199.9,71396.4,72778.9,42634.545
1773619200000,72778.8,74307.3,72235.6,73539.5,50880.921
1773633600000,73539.5,74444.0,73345.9,73427.7,55945.157
1773648000000,73427.8,73856.6,72841.9,73515.3,30983.237
1773662400000,73515.3,74481.5,72926.4,73240.2,65250.406
1773676800000,73240.2,74399.9,73122.0,73928.8,31945.377
1773691200000,73928.8,74880.0,73819.0,74846.4,34071.892
1773705600000,74846.4,75998.9,74231.6,74424.9,58475.828
1773720000000,74424.9,74652.2,73723.4,74212.7,34915.028
1773734400000,74212.8,74418.5,73512.0,73997.1,29483.915
1773748800000,73997.1,74856.2,73330.3,73878.5,51694.124
1773763200000,73878.5,74763.6,73826.8,74460.8,27312.217
1773777600000,74460.8,74777.0,73829.5,73872.4,16397.861
1773792000000,73872.3,74633.0,73492.0,74414.6,17853.087
1773806400000,74414.7,74455.7,73636.5,73840.0,16057.317
1773820800000,73840.1,74246.2,72731.6,72906.4,34321.746
1773835200000,72906.4,72947.4,70821.2,71436.4,94292.645
1773849600000,71436.3,71980.5,70858.3,71030.3,40790.497
1773864000000,71030.3,71438.1,70456.0,71202.9,23440.177
1773878400000,71202.9,71598.3,70858.4,71180.0,16806.3
1773892800000,71180.0,71180.0,69421.1,70145.1,45952.411
1773907200000,70145.0,70535.0,69860.3,69926.8,28698.426
1773921600000,69926.8,70144.6,68750.0,69372.7,72865.933
1773936000000,69372.8,70563.5,69065.4,70233.1,36895.021
1773950400000,70233.0,70655.2,69677.1,69887.4,17428.086
1773964800000,69887.4,70777.0,69801.3,70696.1,18120.173
1773979200000,70696.1,70944.9,70161.0,70811.9,21998.628
1773993600000,70812.0,71342.2,70175.0,70439.9,35467.865
1774008000000,70440.0,70647.5,69450.0,69829.5,61685.772
1774022400000,69829.5,70161.0,69350.0,70141.9,28032.496
1774036800000,70141.9,70888.0,69701.3,70472.7,20936.583
1774051200000,70472.6,70803.1,70403.2,70638.0,8766.87
1774065600000,70637.9,70849.2,70582.7,70687.3,8316.4
1774080000000,70687.4,70721.7,70455.6,70618.3,8839.546
1774094400000,70618.2,71077.7,70420.0,70599.1,14845.433
1774108800000,70599.1,70620.2,70163.0,70365.9,10277.605
1774123200000,70365.8,70482.2,68511.3,68881.5,23039.032
1774137600000,68881.5,69555.8,68189.0,69307.0,35724.348
1774152000000,69307.1,69493.2,68846.4,68884.5,13159.053
1774166400000,68884.5,68950.0,68030.0,68177.0,22401.831
1774180800000,68177.0,69000.0,68153.1,68814.9,20510.702
1774195200000,68814.9,68852.3,68108.0,68170.6,11335.985
1774209600000,68170.6,68470.6,67300.0,67830.6,31748.645
1774224000000,67830.7,68555.5,67400.1,68045.1,25498.732
1774238400000,68045.2,68872.4,67456.7,68306.0,38017.808
1774252800000,68305.9,71468.0,67880.0,70097.3,98820.429
1774267200000,70097.2,71789.8,69644.0,70112.2,82230.708
1774281600000,70112.2,71232.0,70100.5,70647.1,33568.0
1774296000000,70647.1,70976.3,70370.0,70865.9,12964.001
1774310400000,70866.0,71080.0,70232.0,70512.1,16904.604
1774324800000,70512.1,71377.5,70075.5,71255.2,25264.519
1774339200000,71255.2,71339.8,70812.7,71116.4,20900.666
1774353600000,71116.4,71144.0,69467.8,69837.7,60563.264
1774368000000,69837.6,69979.0,68884.5,69342.6,40454.956
1774382400000,69342.6,70800.0,69257.9,70523.9,32103.941
1774396800000,70524.0,71028.0,70375.0,70689.3,20167.741
1774411200000,70689.2,71319.9,70659.9,70900.0,20176.191
1774425600000,70899.9,71999.9,70752.5,71650.3,31609.885
1774440000000,71650.3,71933.3,70531.4,70792.4,50063.907
1774454400000,70792.4,71742.2,70623.4,70853.2,30523.044
1774468800000,70853.3,71606.0,70603.0,71297.5,13975.081
1774483200000,71297.5,71408.1,70640.0,70881.9,15369.374
1774497600000,70882.0,70882.0,69722.6,70053.8,28170.739
1774512000000,70053.8,70131.5,69127.2,69239.3,31299.448
1774526400000,69239.3,69872.2,68553.4,69054.8,49114.5
1774540800000,69054.9,69138.8,68115.8,68502.7,32420.866
1774555200000,68502.7,69466.6,68378.5,68788.0,30098.687
1774569600000,68788.1,69142.7,68458.5,68728.8,15782.447
1774584000000,68728.8,68925.0,68257.2,68501.7,22617.561
1774598400000,68501.8,68619.9,66175.4,66663.2,66255.788
1774612800000,66663.3,66742.2,65681.5,66092.0,59804.127
1774627200000,66091.9,66267.4,65501.0,66005.4,34760.006
1774641600000,66005.5,66384.0,65766.1,66364.2,13131.119
1774656000000,66364.1,66472.4,65888.0,66191.8,13447.828
1774670400000,66191.8,66533.9,66068.3,66520.8,9361.184
1774684800000,66520.9,66529.4,66087.3,66288.5,10694.728
1774699200000,66288.4,67284.0,66191.7,66982.3,31909.105
1774713600000,66982.4,67065.0,66644.0,66873.0,11262.952
1774728000000,66873.0,66978.0,66233.6,66334.8,12697.695
1774742400000,66334.8,67100.0,66235.6,66875.7,15037.104
1774756800000,66875.7,66907.5,66521.4,66632.5,10557.62
1774771200000,66632.4,66986.8,66375.5,66780.8,11793.427
1774785600000,66780.8,66849.0,66288.1,66500.0,16588.365
1774800000000,66499.9,66639.0,66111.0,66320.2,12137.954
1774814400000,66320.3,66767.9,64918.2,65977.9,44163.926
1774828800000,65978.0,67487.7,65754.2,67139.8,43452.227
1774843200000,67140.0,67777.0,67129.3,67595.9,24988.604
1774857600000,67595.9,67998.0,67333.3,67651.5,25240.799
1774872000000,67651.5,68148.4,67055.0,67590.2,42769.125
1774886400000,67590.2,67614.9,66200.1,66516.0,34170.069
1774900800000,66515.9,66973.5,66377.1,66764.4,16438.241
1774915200000,66764.4,68377.0,66498.9,67670.8,38783.787
1774929600000,67670.8,67865.7,67071.9,67343.8,21775.2
1774944000000,67343.9,67476.9,65938.0,66652.4,45906.629
1774958400000,66652.4,67765.8,66374.4,66700.0,60392.206
1774972800000,66700.0,68600.0,66695.9,67803.0,60172.062
1774987200000,67803.0,68382.9,67794.8,68241.5,16303.201
1775001600000,68241.4,68330.0,67534.9,68134.0,21051.997
1775016000000,68134.0,69288.0,67965.0,68651.9,39490.528
1775030400000,68651.9,68821.5,68360.0,68669.9,19706.052
1775044800000,68670.0,68938.8,67883.7,68877.0,38470.852
1775059200000,68876.9,69142.6,67900.4,68143.8,27241.301
1775073600000,68143.7,68510.6,67927.0,68086.5,11315.49
1775088000000,68086.4,68639.1,66455.9,66538.4,51050.567
1775102400000,66538.4,66898.5,66171.8,66887.9,25041.797
1775116800000,66887.8,66887.9,66065.1,66180.6,19810.094
1775131200000,66180.6,67080.0,65676.1,66810.6,54090.961
1775145600000,66810.6,67400.0,66550.0,66943.2,29514.463
1775160000000,66943.2,67078.9,66681.3,66868.5,8851.039
1775174400000,66868.6,66976.2,66240.0,66550.0,18212.835
1775188800000,66550.1,67233.3,66375.1,67008.8,13472.972
1775203200000,67008.8,67258.0,66644.0,66983.4,12486.352
1775217600000,66983.5,67350.0,66478.5,66806.1,22358.522
1775232000000,66806.0,67046.1,66714.1,66857.0,7921.876
1775246400000,66857.0,66946.3,66791.8,66930.0,4815.276
1775260800000,66930.0,66935.3,66773.3,66799.1,3902.732
1775275200000,66799.1,67023.7,66745.5,66982.0,6007.355
1775289600000,66982.1,67223.8,66874.5,67128.9,7992.931
1775304000000,67128.9,67554.5,67003.7,67357.3,16379.357
1775318400000,67357.4,67523.8,67226.4,67262.7,11176.887
1775332800000,67262.8,67452.7,67150.6,67271.0,5311.075
1775347200000,67271.1,67279.2,66900.0,67113.5,6903.652
1775361600000,67113.4,67160.0,66575.5,66787.4,13916.33
1775376000000,66787.4,67132.8,66782.1,66972.7,6904.214
1775390400000,66972.7,67828.6,66650.0,67272.2,27564.797
1775404800000,67272.2,67540.0,67132.2,67329.1,10633.01
1775419200000,67329.1,69108.0,67302.4,68997.9,38996.166
1775433600000,68997.9,69583.0,68740.2,69092.4,31472.532
1775448000000,69092.3,69338.2,68769.6,69089.7,16774.749
1775462400000,69089.8,70252.9,69047.7,69583.6,31538.644
1775476800000,69583.5,69931.9,69088.0,69922.5,31536.197
1775491200000,69922.4,70332.5,69240.0,69704.8,28697.393
1775505600000,69704.8,69940.0,68227.5,68817.9,26737.721
1775520000000,68817.9,69111.8,68241.9,68746.3,22331.356
1775534400000,68746.4,68955.6,68400.6,68592.1,12350.999
1775548800000,68592.0,69219.0,68033.0,68310.8,32353.624
1775563200000,68310.7,68613.8,67711.0,68138.4,38539.121
1775577600000,68138.5,69068.6,68049.9,68975.9,28366.793
1775592000000,68975.9,72743.4,68975.9,71890.2,98886.354
1775606400000,71890.2,72086.4,71186.0,71259.6,26757.697
1775620800000,71259.7,71919.0,71250.0,71612.0,17009.861
1775635200000,71612.1,71945.0,71367.0,71650.2,14461.09
1775649600000,71650.2,72858.5,70671.6,71274.8,79220.378
1775664000000,71274.9,71934.5,70980.0,71283.0,32164.665
1775678400000,71283.0,71726.7,70850.9,71038.1,13764.801
1775692800000,71038.2,71168.0,70428.0,70961.2,21193.853
1775707200000,70961.2,71087.8,70666.0,70945.0,12002.442
1775721600000,70945.0,71533.0,70831.9,71109.9,17310.192
1775736000000,71109.9,72320.0,70470.2,72108.0,49151.802
1775750400000,72108.0,72517.9,71688.8,72055.9,41877.194
1775764800000,72055.8,73128.0,71539.9,71750.4,34270.974
1775779200000,71750.4,72350.0,71546.0,71837.3,21715.955
1775793600000,71837.3,72243.6,71382.1,71461.2,16485.581
1775808000000,71461.2,72229.0,71395.0,72092.7,19118.232
1775822400000,72092.8,73255.7,71868.5,72421.0,57943.465
1775836800000,72421.1,73223.4,72350.0,73187.3,23358.005
1775851200000,73187.4,73450.0,72669.1,72917.4,17948.428
1775865600000,72917.4,73066.2,72615.0,72835.1,10123.999
1775880000000,72835.1,72921.5,72566.4,72707.7,11906.343
1775894400000,72707.8,72886.0,72580.0,72868.2,8113.981
1775908800000,72868.2,72945.0,72451.9,72817.3,12417.345
1775923200000,72817.3,73773.4,72775.3,73635.9,23634.789
1775937600000,73635.9,73648.8,72861.2,73013.4,13973.213
1775952000000,73013.4,73094.4,71259.0,71563.6,43169.182
1775966400000,71563.6,71750.0,71369.7,71628.1,12023.589
1775980800000,71628.2,71750.0,71309.7,71435.0,8820.093
1775995200000,71435.0,71478.0,70566.5,70856.2,34941.462
1776009600000,70856.1,71199.0,70777.0,71055.2,11517.812
1776024000000,71055.2,71423.9,70458.2,70711.1,24350.851
1776038400000,70711.2,71245.0,70574.0,70944.8,15132.601
1776052800000,70944.8,71114.9,70627.9,70780.0,11392.397
1776067200000,70780.1,70960.3,70517.3,70883.9,11273.638
1776081600000,70883.9,72431.0,70722.3,71823.6,57450.265
1776096000000,71823.6,73441.7,71629.5,73272.2,56314.37
1776110400000,73272.1,74870.0,72953.3,74385.0,61466.248
1776124800000,74384.9,74583.1,73946.9,74408.8,19651.083
1776139200000,74408.8,74900.0,74112.2,74513.4,16214.625
1776153600000,74513.3,74873.5,74267.2,74342.4,16225.412
1776168000000,74342.4,76009.0,74234.0,75268.1,75098.043
1776182400000,75268.1,75684.9,73789.7,74176.4,41947.024
1776196800000,74176.5,74387.7,73766.8,74106.9,14125.303
1776211200000,74106.9,74739.2,74085.0,74296.8,16203.804
1776225600000,74296.8,74400.0,73449.0,73705.1,19300.982
1776240000000,73705.2,74227.5,73640.1,74155.1,17459.363
1776254400000,74155.0,74473.5,73540.0,73797.5,32291.529
1776268800000,73797.5,75240.0,73714.9,74957.8,24574.563
1776283200000,74957.7,75425.6,74466.5,74776.2,21199.53
1776297600000,74776.3,75232.7,74400.0,74851.9,15651.25
1776312000000,74851.9,75130.0,74590.3,74667.7,17045.274
1776326400000,74667.7,74866.9,74226.2,74528.4,20577.67
1776340800000,74528.4,74981.1,73256.8,74659.5,56715.81
1776355200000,74659.5,75378.1,73873.5,75309.4,32912.364
1776369600000,75309.5,75500.0,74736.5,75106.8,15495.357
1776384000000,75106.8,75118.4,74480.0,74582.8,13107.45
1776398400000,74582.8,75060.4,74508.2,75047.4,11691.865
1776412800000,75047.4,76350.0,74951.6,75542.2,53474.253
1776427200000,75542.1,77999.9,75481.8,77736.2,107834.631
1776441600000,77736.2,78300.0,76921.9,77348.8,40552.358
1776456000000,77349.2,77566.0,76854.2,77030.6,12735.358
1776470400000,77030.6,77380.0,76903.2,76964.3,9887.034
1776484800000,76964.4,77233.6,76824.1,76951.0,10695.009
1776499200000,76951.0,77004.2,75710.6,76002.0,37691.022
1776513600000,76002.0,76342.7,75738.0,76124.8,17432.324
1776528000000,76124.8,76176.6,75395.9,75604.2,23009.346
1776542400000,75604.2,75843.3,75551.0,75653.8,7179.656
1776556800000,75653.8,75804.0,75314.0,75473.0,10862.513
1776571200000,75472.9,75747.3,74824.3,75205.6,18131.041
1776585600000,75205.7,75589.2,74863.6,75557.4,14364.469
1776600000000,75557.5,76200.0,75342.3,75807.6,28969.611
1776614400000,75807.7,75817.7,74550.0,74917.9,25232.576
1776628800000,74918.0,74920.2,73700.2,73758.4,31418.001
1776643200000,73758.4,74697.6,73669.0,74593.9,21233.994
1776657600000,74593.9,75539.3,74061.2,74795.5,25444.888
1776672000000,74795.5,75375.1,74563.2,75148.7,18020.188
1776686400000,75148.8,75750.0,74639.5,75668.1,42510.02
1776700800000,75668.1,76449.8,75242.5,76252.5,38692.836
1776715200000,76252.5,76531.0,75556.2,75790.1,20247.741
1776729600000,75790.1,76232.3,75433.1,75669.1,13838.396
1776744000000,75669.1,76276.6,75558.8,76050.0,14272.52
1776758400000,76050.0,76999.0,76025.0,76408.3,27821.111
1776772800000,76408.3,76574.3,75355.2,75799.9,48277.16
1776787200000,75800.0,76155.0,74777.9,74988.6,38568.672
1776801600000,74988.7,76396.2,74942.2,76288.2,21983.128
1776816000000,76288.3,77699.0,76078.6,77488.3,39061.724
1776830400000,77488.4,78447.5,77321.7,77979.8,41227.885
1776844800000,77979.7,78365.8,77895.3,78263.2,15681.688
1776859200000,78263.2,79370.0,78060.0,79234.3,53011.501
1776873600000,79234.3,79444.0,78586.7,78791.3,27094.127
1776888000000,78791.3,78868.9,78111.6,78139.8,15010.171
1776902400000,78139.7,78534.9,77410.7,77704.3,29046.607
1776916800000,77704.3,78310.1,77627.4,78009.1,17571.723
1776931200000,78009.1,78142.2,76504.6,77649.9,35463.4
1776945600000,77650.0,78648.0,77322.8,78329.2,35494.645
1776960000000,78329.3,78466.8,76900.1,77670.5,43195.351
1776974400000,77670.4,78299.0,77598.4,78216.8,11713.286
1776988800000,78217.4,78546.0,77500.0,77690.1,23409.633
1777003200000,77690.1,78019.2,77401.5,77620.5,17255.414
1777017600000,77620.5,78346.1,77355.8,78194.8,25294.889
1777032000000,78194.9,78432.9,77521.0,78007.3,31389.885
1777046400000,78007.3,78031.9,77308.0,77596.1,20079.534
1777060800000,77596.0,77727.0,77206.8,77395.4,10353.65
1777075200000,77395.3,77678.0,77254.7,77629.0,6659.441
1777089600000,77629.0,77653.2,77400.0,77449.9,5246.887
1777104000000,77449.9,77847.0,77444.0,77638.7,8566.49
1777118400000,77638.7,77719.1,77263.0,77289.3,9750.494
1777132800000,77289.3,77411.8,77100.0,77285.6,10601.66
1777147200000,77285.7,77615.7,77267.3,77585.0,5767.514
1777161600000,77585.0,77607.7,77280.0,77349.3,6370.913
1777176000000,77349.3,78164.7,77338.4,78061.5,15176.812
1777190400000,78061.5,78182.8,77880.0,78050.0,6338.101
1777204800000,78050.0,78136.5,77715.0,78007.9,11383.992
1777219200000,78007.9,78477.9,77815.0,78183.1,15250.276
1777233600000,78183.2,78994.8,77777.0,78613.5,25423.211
1777248000000,78614.4,79455.0,78319.1,79065.1,28332.003
1777262400000,79065.1,79128.1,77408.6,77556.7,46056.494
1777276800000,77556.7,77949.9,77500.0,77804.3,15085.328
1777291200000,77804.3,78232.0,76524.0,76760.0,45532.905
1777305600000,76760.0,76902.7,76400.0,76844.4,20255.064
1777320000000,76844.3,77419.7,76714.8,77331.2,13839.089
1777334400000,77331.2,77450.0,76632.4,76770.6,16306.693
1777348800000,76770.6,77132.4,76324.1,76828.4,17501.573
1777363200000,76828.3,76956.0,76088.0,76198.8,16237.845
1777377600000,76198.9,76403.7,75635.6,76027.8,32920.405
1777392000000,76027.7,76352.0,75840.3,76293.6,12516.735
1777406400000,76293.5,76448.0,76150.0,76298.1,8435.626
1777420800000,76298.2,77098.8,76138.7,76955.7,17757.966
1777435200000,76955.7,77432.1,76839.8,77003.8,24024.0
1777449600000,77003.8,77873.2,76918.5,77552.5,25723.964
1777464000000,77552.5,77563.6,75675.2,75889.1,47484.616
1777478400000,75889.1,76220.0,74868.0,75518.5,54386.306
1777492800000,75518.4,76061.2,75448.0,75749.9,17156.651
1777507200000,75749.9,76445.0,75448.9,75882.1,22074.553
1777521600000,75881.6,76148.0,75273.5,76129.9,15761.964
1777536000000,76129.9,76332.6,75836.0,76032.9,15331.776
1777550400000,76032.9,76630.3,76009.8,76423.0,26961.697
1777564800000,76423.0,76470.5,76060.4,76366.7,11760.837
1777579200000,76366.7,76536.2,76155.1,76305.4,7863.633
1777593600000,76305.4,77421.2,76265.4,77082.6,21673.031
1777608000000,77082.6,77177.1,76833.7,77100.0,12318.418
1777622400000,77099.9,77588.4,77010.5,77429.5,17873.319
1777636800000,77429.6,78879.9,77368.2,78395.4,66947.87
1777651200000,78395.4,78642.0,78081.5,78316.9,19035.818
1777665600000,78317.0,78402.9,77717.7,78192.0,15149.85
1777680000000,78191.9,78503.9,78123.0,78377.7,8115.878
1777694400000,78377.7,78416.8,77979.3,78181.6,10254.585
1777708800000,78181.6,78359.2,78055.7,78105.7,5555.41
1777723200000,78105.7,78458.2,78056.0,78449.8,8234.343
1777737600000,78449.8,78565.9,78277.0,78443.8,5602.226
1777752000000,78444.1,79145.0,78376.0,78652.9,13678.666
1777766400000,78652.8,78740.5,78069.0,78162.4,13209.701
1777780800000,78162.3,78415.4,78027.0,78316.6,7080.944
1777795200000,78316.6,78814.7,78295.1,78620.5,9195.937
1777809600000,78620.6,78850.0,78522.9,78625.2,9849.891
1777824000000,78625.2,78832.2,78514.2,78729.1,5743.945
1777838400000,78729.1,79428.9,78440.0,78529.0,26953.203
1777852800000,78529.0,80426.0,78235.4,80278.7,59484.212
1777867200000,80278.7,80590.2,79440.0,79663.5,30796.491
1777881600000,79663.4,79900.0,78128.3,78753.5,64999.688
1777896000000,78753.5,80528.9,78450.0,79976.7,75904.797
1777910400000,79976.6,80771.7,79562.0,80018.4,38924.278
1777924800000,80018.3,80363.2,79715.9,79826.1,10807.116
1777939200000,79826.1,81050.0,79761.2,80836.9,24027.045
1777953600000,80836.8,81278.2,80671.4,80815.8,26966.917
1777968000000,80815.8,81071.0,80480.6,80973.0,21914.277
1777982400000,80973.1,81656.6,80879.5,81488.7,49091.49
1777996800000,81488.7,81636.4,81000.0,81554.4,20374.894
1778011200000,81554.3,81745.4,80716.8,80861.9,28546.905
1778025600000,80861.9,81716.3,80651.2,81535.9,19335.861
1778040000000,81535.9,81599.0,81005.6,81333.3,13068.658
1778054400000,81333.4,82828.7,81280.0,82485.4,52877.103
1778068800000,82485.3,82508.7,81073.1,81656.4,47013.667
1778083200000,81656.4,81855.0,81137.8,81416.5,14700.188
1778097600000,81416.5,81655.0,80929.8,81390.1,11205.031
1778112000000,81390.0,81450.5,80767.1,80797.3,18369.798
1778126400000,80797.4,81680.6,80675.8,81480.1,19556.646
1778140800000,81480.0,81564.6,80521.8,80827.9,20018.567
1778155200000,80827.9,81158.7,79605.0,79861.6,40977.456
1778169600000,79861.5,80235.0,79461.5,80103.1,22970.036
1778184000000,80103.1,80331.6,79531.1,79969.4,12835.149
1778198400000,79969.5,80106.3,79137.4,79540.0,17479.539
1778212800000,79539.9,79743.8,79208.0,79635.0,12514.453
1778227200000,79635.0,80287.0,79626.0,80181.9,19245.773
1778241600000,80181.8,80478.0,79507.6,80119.1,35525.912
1778256000000,80119.1,80266.6,79692.4,80147.7,15204.84
1778270400000,80147.9,80376.0,80044.7,80155.2,6792.396
1778284800000,80155.2,80542.0,80080.0,80340.6,7422.748
1778299200000,80340.7,80641.8,80084.3,80181.7,10981.652
1778313600000,80181.6,80422.3,80124.8,80310.4,7358.212
1778328000000,80310.4,80566.0,80190.0,80488.3,9589.206
1778342400000,80488.3,81043.2,80440.0,80896.9,15965.786
1778356800000,80897.1,80900.0,80569.0,80634.0,4639.73
1778371200000,80634.0,80859.9,80533.7,80735.1,6239.685
1778385600000,80735.2,80809.4,80619.6,80695.9,3918.369
1778400000000,80695.9,80939.5,80641.5,80782.1,7173.695
1778414400000,80782.1,81423.2,80743.2,81381.4,15739.641
1778428800000,81381.5,81587.9,81105.6,81398.0,15380.911
1778443200000,81398.0,82460.5,80225.1,82177.7,46498.502
1778457600000,82177.7,82350.0,80470.1,80693.4,34137.133
1778472000000,80693.4,81033.3,80597.8,80708.9,11262.175
1778486400000,80708.8,81172.6,80580.0,81167.1,10673.423
1778500800000,81167.1,81434.8,80394.0,81403.4,29458.505
1778515200000,81403.4,82098.9,81297.5,81917.1,27429.743
1778529600000,81917.8,82051.1,81521.5,81699.1,9029.442
1778544000000,81699.1,81757.3,80661.2,81028.3,20957.01
1778558400000,81028.3,81270.2,80756.0,80809.2,14722.452
1778572800000,80809.2,80930.7,80444.0,80742.7,16396.375
1778587200000,80742.7,80968.6,80143.0,80301.6,36183.842
1778601600000,80301.6,80836.5,79801.0,80799.5,25607.157
1778616000000,80799.6,80848.6,80393.9,80461.0,7447.12
1778630400000,80461.0,81268.0,80364.5,81217.1,14181.69
1778644800000,81217.0,81253.5,80847.0,80981.9,9637.715
1778659200000,80981.9,81270.2,80444.0,80460.1,17712.804
1778673600000,80460.0,80558.0,78753.1,78794.7,57778.155
1778688000000,78794.7,79776.2,78713.8,79604.8,29131.57
1778702400000,79604.8,79729.1,79188.0,79288.3,11258.711
1778716800000,79288.2,79659.9,78869.4,79005.3,18671.685
1778731200000,79005.4,79962.5,78934.8,79699.9,18751.597
1778745600000,79700.0,79900.0,79188.0,79216.6,13577.35
1778760000000,79216.7,81270.2,79196.4,81245.5,60173.208
1778774400000,81245.6,81999.0,81020.5,81373.7,54556.282
1778788800000,81373.8,81540.0,81007.9,81048.9,10153.503
1778803200000,81048.8,81623.8,80706.9,81022.7,21653.619
1778817600000,81022.7,81073.2,80266.8,80782.8,26883.433
1778832000000,80782.9,80793.0,80323.0,80582.1,13997.963
1778846400000,80582.0,80596.7,78610.0,79118.0,69441.517
1778860800000,79118.1,79532.1,79012.5,79104.2,14707.787
1778875200000,79104.3,79185.0,78861.6,79074.0,7139.186
1778889600000,79074.0,79199.7,78970.4,79041.7,6619.717
1778904000000,79041.7,79096.8,78000.4,78334.3,27621.111
1778918400000,78334.3,78527.8,77601.8,78042.5,28313.225
1778932800000,78042.5,78327.0,77800.0,78194.1,12794.404
1778947200000,78194.0,78337.4,78069.1,78223.8,6585.171
1778961600000,78223.8,78287.8,78085.2,78104.2,4216.823
1778976000000,78104.3,78213.9,77675.4,77990.2,13609.963
1778990400000,77990.2,78300.0,77957.2,78137.2,7162.403
1779004800000,78137.3,78564.3,77992.1,78371.5,10980.395
1779019200000,78371.4,78515.7,77800.0,78006.9,11904.251
1779033600000,78006.9,78432.0,77811.5,78369.0,8566.532
1779048000000,78368.9,78453.0,76666.0,77430.4,33994.125
1779062400000,77430.4,77452.7,76668.8,76900.0,30154.057
1779076800000,76900.1,77059.6,76534.5,77039.4,18240.676
1779091200000,77039.5,77375.0,76627.0,77255.0,17609.267
1779105600000,77255.1,77757.5,76014.2,76393.5,61736.012
1779120000000,76393.6,76963.7,76107.7,76898.5,33886.684
1779134400000,76898.5,77187.3,76753.6,76963.2,16736.803
1779148800000,76963.2,77384.6,76451.3,76749.9,17833.975
1779163200000,76750.0,77247.7,76595.7,77200.4,12417.774
1779177600000,77200.4,77291.3,76576.8,76677.1,15551.171
1779192000000,76677.0,77033.9,76107.1,76487.9,31454.773
1779206400000,76488.0,77042.3,76377.0,76780.0,15271.39
1779220800000,76780.0,77003.1,76610.4,76799.9,6517.556
1779235200000,76800.0,76900.0,76485.0,76689.6,14717.509
1779249600000,76689.6,77444.0,76650.0,77249.9,18552.191
1779264000000,77250.0,77639.3,77170.3,77351.2,16338.696
1779278400000,77351.2,77825.8,76855.0,77423.0,33242.241
1779292800000,77423.0,77685.4,76975.0,77630.6,15341.814
1779307200000,77630.5,77735.6,77183.7,77510.3,9414.955
1779321600000,77510.3,78150.0,77472.5,78039.1,17039.221
1779336000000,78039.2,78143.2,77485.1,77846.2,13018.714
1779350400000,77846.1,78180.0,77111.0,77157.4,23155.618
1779364800000,77157.3,77379.1,76696.7,77224.3,25558.755
1779379200000,77224.3,78063.8,76970.0,77657.1,32159.154
1779393600000,77657.1,77777.2,77490.8,77586.2,6163.699
1779408000000,77586.3,77775.9,77288.0,77740.0,7709.423
1779422400000,77739.9,77862.7,77237.1,77366.9,12647.782
1779436800000,77366.8,77505.7,77138.3,77394.8,8553.583
1779451200000,77394.8,77548.5,76528.0,76756.5,33117.496
1779465600000,76756.5,77070.1,75620.0,75827.1,36277.266
1779480000000,75827.1,76054.1,75322.0,75513.1,17900.663
1779494400000,75513.1,75633.7,75184.9,75599.1,15436.518
1779508800000,75599.0,75620.0,74203.6,74573.1,31515.125
1779523200000,74573.2,74839.1,74307.0,74763.3,20421.659
1779537600000,74763.3,75670.8,74620.9,75486.9,29233.849
1779552000000,75487.0,76000.2,75333.3,75949.5,15418.261
1779566400000,75949.5,77427.0,75913.9,76715.2,41802.341
1779580800000,76715.3,76983.1,76596.9,76702.8,10877.601
1779595200000,76702.8,77040.0,76611.0,76771.3,9167.64
1779609600000,76771.4,77600.0,76691.4,77289.5,17222.638
1779624000000,77289.5,77294.4,76159.7,76343.7,24088.222
1779638400000,76343.8,76777.0,76343.7,76738.5,9107.609
1779652800000,76738.5,77193.4,76056.0,77030.3,20670.567
1779667200000,77030.3,77450.6,76871.4,76989.0,14649.301
1779681600000,76989.0,77677.6,76950.0,77377.0,14584.247
1779696000000,77376.9,77699.0,77241.7,77318.2,13640.885
1779710400000,77318.2,77887.9,77244.8,77587.2,15234.635
1779724800000,77587.2,77784.9,77313.0,77403.3,9008.916
1779739200000,77403.4,77472.0,77011.3,77281.5,9590.424
1779753600000,77281.5,77319.6,76434.0,76629.0,18506.397
1779768000000,76629.0,77045.9,76556.9,76685.1,12547.087
1779782400000,76685.0,77600.0,76543.8,77153.9,20838.26
1779796800000,77153.8,78077.1,76234.7,76478.2,66727.635
1779811200000,76478.2,76678.7,75711.0,76028.3,35332.115
1779825600000,76028.4,76157.8,75641.2,75905.5,10968.588
1779840000000,75905.6,76083.9,75555.1,75635.6,12261.144
1779854400000,75635.6,75940.0,75277.8,75935.0,18142.226
1779868800000,75935.0,76038.0,75666.0,75737.9,12192.202
1779883200000,75737.9,76155.5,74735.7,75300.0,51264.201
1779897600000,75300.0,75382.6,74632.0,75039.9,22646.635
1779912000000,75039.8,75391.0,74210.0,74418.1,28209.053
1779926400000,74418.0,74565.3,73036.0,73224.5,43587.778
1779940800000,73224.4,73485.0,72667.9,73467.0,34578.879
1779955200000,73467.0,73592.1,73167.4,73479.1,13907.056
1779969600000,73479.0,73557.3,72556.0,72899.1,51087.566
1779984000000,72899.0,73723.0,72704.0,73393.5,22552.945
1779998400000,73393.4,73932.2,73212.3,73591.4,13731.453
1780012800000,73591.4,73844.0,73158.8,73269.2,11820.268
1780027200000,73269.1,73908.6,73171.8,73488.0,15653.651
1780041600000,73488.1,73866.8,73305.1,73447.6,11771.654
1780056000000,73447.5,74177.0,72436.0,73775.4,59474.916
1780070400000,73775.4,74293.1,73057.8,73489.0,36329.068
1780084800000,73489.0,73829.2,73279.3,73428.2,11107.625
1780099200000,73428.2,73757.9,73367.3,73492.4,7948.491
1780113600000,73492.4,73685.0,73130.1,73513.9,12144.772
1780128000000,73514.0,73648.0,73470.5,73567.9,4484.973
1780142400000,73568.0,74078.6,73556.4,73888.0,13500.653
1780156800000,73888.0,74108.8,73772.5,73980.1,8324.565
1780171200000,73980.0,74028.3,73750.0,73856.8,6140.232
1780185600000,73856.9,74250.0,73821.4,74107.6,10535.051
1780200000000,74107.5,74194.6,73793.2,73833.3,6718.924
1780214400000,73833.2,73998.9,73701.0,73913.6,6299.825
1780228800000,73913.6,73997.8,73388.0,73613.5,14325.411
1780243200000,73613.4,73704.0,73340.7,73521.9,7969.289
1780257600000,73521.9,74179.9,73470.8,73653.2,12392.959
1780272000000,73653.2,74070.5,73171.0,73731.3,18398.144
1780286400000,73731.4,73815.9,72668.0,72776.1,22007.162
1780300800000,72776.1,73084.0,72188.0,72452.8,27389.75
1780315200000,72452.7,72583.7,71035.3,71099.4,86549.322
1780329600000,71099.5,71788.5,70650.9,71571.0,38288.275
1780344000000,71571.0,71670.0,70806.0,71391.5,20838.475
1780358400000,71391.5,71397.0,70038.0,70920.7,34734.101
1780372800000,70920.8,71022.7,69666.8,70079.4,38610.039
1780387200000,70079.5,70146.2,69277.8,69430.2,31530.799
1780401600000,69430.2,69514.6,67035.5,67274.0,107503.754
1780416000000,67274.0,68121.9,66388.0,67286.7,70497.295
1780430400000,67286.7,67899.9,66150.7,66730.0,63826.164
1780444800000,66730.1,67195.7,65359.1,65818.4,59070.502
1780459200000,65818.3,67493.8,65791.4,67186.7,54095.531
1780473600000,67186.7,67448.0,66620.0,67040.1,36554.161
1780488000000,67040.1,67220.2,66036.2,66046.5,45358.494
1780502400000,66046.6,66359.4,65199.0,65428.6,52731.38
1780516800000,65428.5,65829.4,64050.8,64117.7,63091.47
1780531200000,64117.7,64495.9,61344.8,64336.2,138498.717
1780545600000,64336.2,64739.8,63450.0,63561.7,48763.085
1780560000000,63561.8,63875.9,62150.8,62520.7,83019.001
1780574400000,62520.7,64463.7,62344.1,63864.8,82851.335
1780588800000,63864.8,64150.8,62910.0,63600.3,47629.314
1780603200000,63600.2,63897.0,63040.0,63853.4,30413.159
1780617600000,63853.4,63955.0,62300.0,62699.7,39487.449
1780632000000,62700.0,63674.9,61067.6,63075.6,95582.01
1780646400000,63075.5,63231.8,61928.3,61929.5,37751.827
1780660800000,61929.6,62437.5,60005.8,60400.8,115682.492
1780675200000,60400.8,61550.0,59080.0,60267.7,127122.155
1780689600000,60267.4,61985.1,59903.8,61022.0,62535.952
1780704000000,61022.0,61500.0,60490.0,60662.6,23442.856
1780718400000,60662.6,61250.0,59451.3,60975.2,61769.424
1780732800000,60975.2,61475.0,60146.0,60773.5,34049.199
1780747200000,60773.5,61173.5,60353.4,60754.1,26083.469
1780761600000,60754.2,60949.9,60363.0,60563.9,15773.432
1780776000000,60563.9,60969.2,60390.0,60849.7,13642.463
1780790400000,60849.7,61763.9,60708.0,61671.1,26805.32
1780804800000,61671.1,62380.0,61447.2,62366.0,33448.333
1780819200000,62366.0,62942.4,62217.4,62598.8,34727.841
1780833600000,62598.8,62617.7,61509.1,62071.6,44650.304
1780848000000,62071.7,62327.0,61150.2,61303.8,26818.748
1780862400000,61303.7,64250.0,61189.7,63298.5,51028.487
1780876800000,63299.0,63849.5,62676.8,63101.6,30516.736
1780891200000,63101.6,63320.9,62377.0,63259.9,24789.068
1780905600000,63259.9,63861.3,62955.7,63450.1,28239.331
1780920000000,63450.1,64179.5,62658.4,63745.4,59094.067
1780934400000,63745.3,64029.5,63209.6,63348.2,21761.634
1780948800000,63348.3,63832.5,62939.7,63057.9,20040.217
1780963200000,63057.9,63157.3,62381.2,62841.0,30323.516
1780977600000,62841.1,63499.9,62715.4,63170.8,25943.769
1780992000000,63170.9,63183.0,62457.5,62679.4,24571.806
1781006400000,62679.5,62868.2,61001.0,61100.7,71792.227
1781020800000,61100.6,62079.5,60755.0,62068.8,51223.379
1781035200000,62068.9,62253.2,61519.0,61695.0,17544.777
1781049600000,61694.9,61947.4,61201.0,61518.2,19223.281
1781064000000,61518.3,61783.4,61045.7,61654.3,19444.11
1781078400000,61654.3,61707.6,60691.9,61003.1,33088.168
1781092800000,61003.1,62840.2,60930.0,62604.8,66353.205
1781107200000,62604.7,62617.1,61552.0,61908.7,31582.234
1781121600000,61908.7,61921.2,61068.6,61483.7,23363.266
1781136000000,61483.6,62922.0,61483.6,62657.5,28940.197
1781150400000,62657.5,62993.4,62507.9,62693.3,22029.355
1781164800000,62693.2,63235.9,62691.7,63078.0,26302.203
1781179200000,63078.0,63200.0,62455.8,62721.1,50133.343
1781193600000,62721.2,63915.3,62315.0,63567.6,52994.312
1781208000000,63567.7,63712.3,63235.8,63597.9,13595.164
1781222400000,63598.0,63777.0,63271.6,63490.0,14144.616
1781236800000,63490.1,63843.2,62800.0,63066.5,25276.191
1781251200000,63066.5,63929.9,63063.9,63729.4,22081.286
1781265600000,63729.4,64362.6,63020.6,63557.0,55108.343
1781280000000,63557.1,64083.3,63477.5,63555.1,19010.236
1781294400000,63555.0,63664.4,63352.3,63547.0,10103.11
1781308800000,63547.0,63828.4,63360.0,63494.4,10105.104
1781323200000,63494.4,63879.0,63444.9,63823.9,9018.379
1781337600000,63823.9,63949.9,63683.1,63936.1,9974.924
1781352000000,63936.1,64323.0,63882.6,64265.0,16226.176
1781366400000,64265.1,64298.7,63862.9,64264.2,17406.503
1781380800000,64264.2,64738.0,64189.6,64418.2,13430.301
1781395200000,64418.3,64682.2,64338.8,64515.0,9988.194
1781409600000,64515.0,64532.8,64186.5,64392.0,10509.099
1781424000000,64392.1,64640.6,64281.1,64511.7,9126.59
1781438400000,64511.7,64531.2,63830.0,63995.2,18995.108
1781452800000,63995.2,64183.4,63650.0,63777.3,13323.248
1781467200000,63777.4,65775.0,63761.5,65702.1,54791.219
1781481600000,65702.1,65996.8,65314.3,65894.7,28160.734
1781496000000,65894.6,65978.1,65577.8,65642.3,15857.095
1781510400000,65642.4,66346.2,65469.0,66192.0,30586.233
1781524800000,66192.0,67255.4,66056.4,67248.5,54335.312
1781539200000,67248.5,67254.5,66302.4,66579.2,25502.782
1781553600000,66579.1,66658.2,66065.1,66285.9,13510.785
1781568000000,66285.9,66426.9,65607.1,66125.4,21435.498
1781582400000,66125.4,66543.5,65768.7,66341.7,18657.417
1781596800000,66341.8,66956.7,66310.5,66456.0,21615.635
1781611200000,66456.0,66787.1,65328.8,65841.8,40814.157
1781625600000,65841.8,66246.1,65529.0,65653.2,17111.255
1781640000000,65653.2,65908.4,65561.3,65644.8,9472.464
1781654400000,65644.8,66092.5,65427.9,65818.6,12292.334
1781668800000,65818.6,66019.0,65200.0,65504.0,16732.999
1781683200000,65503.9,65549.8,64525.0,64774.5,31844.178
1781697600000,64774.6,65834.1,64550.7,65712.7,37758.911
1781712000000,65712.7,66419.2,64015.0,64271.3,79252.604
1781726400000,64271.4,64495.3,63881.2,64472.9,21605.273
1781740800000,64472.9,64780.0,64228.9,64255.0,14714.901
1781755200000,64255.0,64491.1,63660.1,64470.3,26503.476
1781769600000,64470.4,64631.5,63855.0,63940.1,20589.638
1781784000000,63940.1,64423.4,62232.1,62337.8,71085.58
1781798400000,62337.8,62985.0,62241.0,62925.4,39773.529
1781812800000,62925.3,63266.8,62710.5,62924.1,15031.592
1781827200000,62924.0,63088.0,62237.2,62745.1,18794.133
1781841600000,62745.1,62896.8,62375.7,62592.4,17304.688
1781856000000,62592.4,62758.1,62272.4,62600.0,16397.734
1781870400000,62600.0,63410.3,62315.2,63193.0,32841.195
1781884800000,63193.1,63376.6,62836.6,63001.9,15117.889
1781899200000,63001.8,63645.0,62926.2,63512.6,11771.242
1781913600000,63512.5,63757.2,63283.5,63440.5,12770.433
1781928000000,63440.5,63894.0,63367.6,63625.0,14008.791
1781942400000,63625.0,63770.0,63360.0,63651.3,12183.381
1781956800000,63651.4,64370.9,63136.2,64139.5,36115.681
1781971200000,64139.4,64150.0,63661.9,63905.5,13002.244
1781985600000,63905.5,64326.0,63820.0,64270.0,7596.166
1782000000000,64270.1,64450.0,64199.0,64398.8,10365.54
1782014400000,64398.8,64568.0,64143.2,64170.1,12165.969
1782028800000,64170.0,64453.3,63871.3,64149.9,17775.189
1782043200000,64149.8,64337.3,63916.0,64200.3,11893.654
1782057600000,64200.2,64284.9,63907.4,64173.6,7663.114
1782072000000,64173.7,64243.4,63220.0,63287.1,25118.61
1782086400000,63287.2,64788.0,63286.2,63935.1,37961.563
1782100800000,63935.1,64384.3,63833.4,64187.9,14743.502
1782115200000,64188.0,64750.0,64014.9,64624.3,15942.601
1782129600000,64624.2,65597.2,64545.7,64808.0,51405.925
1782144000000,64808.0,64835.6,64240.0,64447.9,24156.885
1782158400000,64450.6,64637.1,63758.3,63990.2,17632.532
1782172800000,63990.1,64247.2,63803.2,64037.3,14943.555
1782187200000,64037.2,64068.0,62532.4,62849.2,45716.491
1782201600000,62849.3,62916.5,61870.0,62478.5,41466.543
1782216000000,62478.4,62837.1,61916.9,62455.8,42631.035
1782230400000,62455.9,62812.2,62075.6,62365.7,19127.882
1782244800000,62365.7,62770.6,62344.2,62696.7,9033.733
1782259200000,62696.7,63090.9,62402.8,62704.6,17756.997
1782273600000,62704.6,63053.5,62500.0,62630.3,12079.174
1782288000000,62630.4,63209.6,62272.1,62887.7,19998.451
1782302400000,62887.8,62939.3,60238.0,60254.9,90414.628
1782316800000,60254.9,60649.1,59060.0,59923.8,95446.269
1782331200000,59923.7,61256.0,59813.9,61051.2,42401.785
1782345600000,61051.2,61138.9,60648.0,60853.9,16377.173
1782360000000,60854.0,61931.1,60756.4,61886.7,30997.479
1782374400000,61886.8,61897.6,61033.5,61258.2,28088.696
1782388800000,61258.2,61742.9,58030.0,59536.2,167122.726
1782403200000,59536.2,60035.7,59114.4,59299.8,35931.882
1782417600000,59299.9,60245.0,59298.7,59771.9,23312.218
1782432000000,59772.0,60125.7,58288.0,60015.0,61621.029
1782446400000,60015.0,60734.0,59666.2,60491.0,40011.928
1782460800000,60491.0,60542.6,59210.4,59392.4,36168.134
1782475200000,59392.4,60494.1,58388.0,60296.6,97365.209
1782489600000,60296.9,60580.0,59530.7,59719.7,32859.636
1782504000000,59719.9,60090.8,59556.0,60072.0,14069.215
1782518400000,60071.9,60387.8,59846.2,60274.7,12863.512
1782532800000,60274.8,60557.8,60074.5,60522.3,13007.199
1782547200000,60522.4,60522.5,60162.0,60331.9,8919.927
1782561600000,60331.9,60924.7,60222.6,60817.2,17098.528
1782576000000,60817.3,60850.0,60050.0,60149.9,16777.939
1782590400000,60149.9,60469.8,59819.8,60000.3,12635.488
1782604800000,60000.4,60314.3,59950.0,60169.5,7852.352
1782619200000,60169.5,60247.1,59714.8,60192.5,13002.681
1782633600000,60192.4,60543.3,60037.0,60314.9,12643.512
1782648000000,60315.0,60435.8,59781.8,59849.9,15226.346
1782662400000,59850.0,59915.7,59224.6,59451.4,24638.347
1782676800000,59451.3,59883.2,58888.0,59550.2,30235.459
1782691200000,59550.2,60219.4,58850.0,60019.8,38253.849
1782705600000,60019.9,60325.0,59360.3,59998.9,20723.108
1782720000000,59998.9,60287.1,59712.8,59927.2,21568.64
1782734400000,59927.2,60758.3,58988.0,59800.2,97415.484
1782748800000,59800.3,60666.6,59562.6,60409.3,36925.254
1782763200000,60409.3,60565.6,60134.0,60224.7,12889.94
1782777600000,60224.7,60250.0,59570.0,59596.1,22856.266
1782792000000,59596.1,59698.9,59329.2,59497.7,22886.397
1782806400000,59497.7,59532.7,59100.0,59162.3,21626.513
1782820800000,59162.2,59264.4,58160.0,58356.2,92456.515
1782835200000,58356.2,58819.9,58223.3,58794.4,21528.098
1782849600000,58794.0,58850.0,58472.3,58605.4,10292.512
1782864000000,58605.4,59298.4,57758.6,59169.6,56290.292
1782878400000,59169.7,59444.5,58500.1,58744.4,28426.793
1782892800000,58744.4,59069.7,58450.7,58592.9,18942.584
1782907200000,58592.8,60520.0,58294.1,60118.5,83094.085
1782921600000,60118.6,60332.8,59762.6,60000.0,24811.03
1782936000000,60000.0,61322.0,59844.5,59999.6,52373.697
1782950400000,59999.6,61102.5,59555.0,61032.9,37833.808
1782964800000,61032.9,61033.0,60080.9,60125.8,34117.778
1782979200000,60125.8,61447.0,60113.5,61329.1,53739.084
1782993600000,61329.1,62180.0,61109.9,61584.0,69787.014
1783008000000,61584.0,61900.0,61113.8,61452.5,28202.679
1783022400000,61452.4,61634.3,61308.3,61540.6,12269.709
1783036800000,61540.5,61727.2,61229.0,61407.6,15053.911
1783051200000,61407.5,61849.7,61300.4,61733.6,14260.827
1783065600000,61733.7,62078.6,61480.7,61992.8,19066.059
1783080000000,61992.8,62386.7,61653.0,61895.2,36548.042
1783094400000,61895.2,62292.4,61877.6,62178.4,14492.869
1783108800000,62178.4,62957.2,62151.2,62565.5,33076.786
1783123200000,62565.5,62925.7,62381.6,62609.6,15174.848
1783137600000,62609.6,62735.2,62302.6,62549.0,9691.02
1783152000000,62549.1,62654.1,62386.1,62458.7,7405.183
1783166400000,62458.6,63069.6,62458.6,62908.8,15525.164
1783180800000,62908.7,63450.0,62752.9,63268.1,21139.019
1783195200000,63268.0,63430.0,62902.7,63114.8,10714.29
1783209600000,63114.9,63114.9,62549.6,62739.1,14486.359
1783224000000,62739.1,63039.3,62628.0,62995.1,10165.269
1783238400000,62995.1,63084.0,62410.1,62630.0,13311.704
1783252800000,62630.0,62923.7,62534.3,62711.9,10079.94
1783267200000,62711.9,62865.0,62564.4,62744.0,8303.748
1783281600000,62744.1,63990.7,62580.0,63617.1,36280.124
1783296000000,63617.2,63900.0,63101.2,63273.0,23780.303
1783310400000,63272.9,63368.3,62858.4,63064.5,16456.746
1783324800000,63064.5,63226.4,62461.4,62461.4,27610.107
1783339200000,62461.2,63531.1,61297.0,63523.1,105736.056
1783353600000,63523.0,63977.9,63356.8,63709.8,40689.156
1783368000000,63709.9,64691.9,63560.0,64023.6,28521.431
1783382400000,64023.5,64298.1,63122.0,63165.0,29622.934
1783396800000,63164.9,63424.2,62745.6,63062.6,27393.375
1783411200000,63062.7,63432.8,62958.4,63377.7,16329.871
1783425600000,63377.8,64096.0,62638.0,63910.0,60232.809
1783440000000,63910.0,64234.1,63351.4,63794.9,28687.049
1783454400000,63794.9,63874.6,63177.0,63335.4,14939.8
1783468800000,63335.4,63740.2,62466.9,62741.0,28854.967
1783483200000,62741.0,62873.3,62434.9,62854.1,17957.731
1783497600000,62854.1,62921.8,61708.2,62270.0,45949.73
1783512000000,62270.0,62394.1,61520.0,61674.5,39109.532
1783526400000,61674.6,62372.7,61666.0,62251.9,20257.62
1783540800000,62251.9,62331.8,61926.9,62255.3,10966.145
1783555200000,62255.1,62620.2,61666.0,61943.1,21786.361
1783569600000,61943.2,63286.5,61929.0,62973.7,35632.474
1783584000000,62973.6,63083.9,62583.4,62756.0,16875.277
1783598400000,62755.9,63233.0,62428.5,62835.4,43030.522
1783612800000,62835.4,63484.9,62525.2,63222.9,23833.334
1783627200000,63222.9,63395.9,63032.2,63197.0,9696.325
1783641600000,63197.1,64022.0,62897.0,63917.2,28582.709
1783656000000,63917.3,64185.0,63765.5,63956.1,19716.772
1783670400000,63956.1,64478.3,63949.1,64394.2,27561.937
1783684800000,64394.2,64680.0,63768.0,64018.7,35094.942
1783699200000,64018.7,64208.1,63718.1,63900.4,13676.986
1783713600000,63900.4,64176.9,63619.9,64129.5,14154.711
1783728000000,64129.5,64288.7,63950.1,64117.2,7282.145
1783742400000,64117.2,64250.0,64047.2,64132.6,5329.112
1783756800000,64132.6,64280.0,64110.2,64176.0,5002.728
1783771200000,64176.1,64497.4,63668.8,64139.0,18675.921
1783785600000,64139.1,64375.8,64050.4,64262.0,6780.216
1783800000000,64261.9,64438.9,63776.0,63783.0,10604.773
1783814400000,63783.1,64217.8,63657.4,64201.8,12186.54
1783828800000,64201.9,64238.0,63602.8,63856.4,11313.903
1783843200000,63856.4,64083.7,63730.7,63993.8,8689.953
1783857600000,63993.8,64271.9,63928.0,64149.9,9372.897
1783872000000,64150.0,64248.0,63983.1,64201.9,6633.117
1783886400000,64202.0,64227.4,63634.1,63750.0,11895.536
1783900800000,63749.9,64411.8,62705.0,62780.2,52443.621
1783915200000,62780.1,63030.0,62434.9,62952.7,24227.324
1783929600000,62952.8,63260.0,62834.4,62881.3,22997.462
1783944000000,62881.4,62970.7,62061.3,62596.6,52068.169
1783958400000,62596.7,62614.5,61806.0,62258.0,28856.64
1783972800000,62257.9,62333.4,61854.5,62307.0,15189.007
1783987200000,62307.0,62639.3,62240.9,62538.2,15779.623
1784001600000,62538.3,62848.0,62489.7,62529.7,12956.51
1784016000000,62529.7,62896.0,62458.3,62810.3,11932.483
1784030400000,62810.3,64950.0,62756.5,64727.5,99608.666
1784044800000,64727.4,64879.0,64200.0,64543.0,27810.776
1784059200000,64543.1,65130.0,64390.4,65014.7,22787.125
1784073600000,65014.6,65043.3,64456.7,64760.8,14011.588
1784088000000,64760.9,65260.0,64450.9,64528.0,20381.848
1784102400000,64528.0,64899.9,64528.0,64707.5,11520.12
1784116800000,64707.4,65589.7,64568.8,65391.6,48445.138
1784131200000,65391.5,65438.0,64708.0,64942.0,30103.535
1784145600000,64942.1,65030.5,64660.0,64721.4,7761.385
1784160000000,64721.4,64814.7,64362.2,64593.0,13463.314
1784174400000,64593.0,64974.5,64005.6,64200.0,23983.759
1784188800000,64200.1,64340.0,63843.1,64226.6,23564.869
1784203200000,64226.6,64874.7,63833.0,64677.7,38698.036
1784217600000,64677.7,64687.6,63958.0,64241.6,18183.263
1784232000000,64241.7,64249.9,63712.6,63801.0,12576.221
1784246400000,63801.1,64041.6,63358.0,63538.1,23701.404
1784260800000,63538.0,63560.0,62655.0,62792.9,36223.336
1784275200000,62792.8,63337.4,62611.0,63273.2,20640.395
1784289600000,63273.1,63496.0,62505.1,63432.4,42264.1
1784304000000,63432.4,64356.7,63272.4,64121.4,34857.577
1784318400000,64121.4,64188.2,63860.0,63909.9,8166.001
1784332800000,63909.9,64014.9,63859.6,63989.5,5338.834
1784347200000,63989.5,64000.0,63894.3,63980.1,4328.088
1784361600000,63980.0,64073.2,63912.0,64033.3,4092.098
1784376000000,64033.2,64237.7,63925.2,64090.0,9810.671
1784390400000,64090.0,64666.0,64054.5,64526.3,15262.257
1784404800000,64526.4,64837.4,64467.2,64806.7,10394.79
1784419200000,64806.7,64948.8,64594.6,64686.8,13515.109
1784433600000,64686.8,64789.8,64580.4,64692.2,5846.715
1784448000000,64692.1,64723.5,64415.0,64445.7,10691.7
1784462400000,64445.7,64633.0,64259.5,64545.2,11251.478
1784476800000,64545.3,64733.0,64262.9,64438.1,9954.822
1784491200000,64438.1,64874.9,64305.0,64694.7,11535.206
1784505600000,64694.8,65084.6,64380.0,64839.4,22717.146
1784520000000,64839.3,64843.4,63736.1,64250.0,27903.419
1784534400000,64250.0,65048.3,63858.1,64970.8,27733.431
1784548800000,64970.8,65688.0,64034.3,65570.1,54262.291
1784563200000,65570.1,65788.0,65011.4,65119.3,35972.663
1784577600000,65119.3,65435.3,65030.2,65224.8,10917.197
1784592000000,65224.7,65634.4,65115.3,65539.5,15057.371
1784606400000,65539.5,66240.0,65453.5,66166.9,27187.741
1784620800000,66166.8,66390.0,66103.4,66317.9,22965.054
1784635200000,66317.9,66924.1,66236.0,66648.5,39564.704
1784649600000,66648.5,66736.7,65939.0,66409.5,24712.174
1784664000000,66409.5,66544.8,66172.0,66522.4,9407.871
1784678400000,66522.3,66711.0,66141.7,66176.7,13801.058
1784692800000,66176.6,66399.0,65668.6,65813.4,22194.384
1784707200000,65813.4,66140.5,65813.4,65981.4,19352.095
1784721600000,65981.3,66190.4,65505.0,66014.8,33898.686
1784736000000,66014.8,66363.6,65650.2,65891.1,19116.49
1784750400000,65891.2,66116.5,65753.0,66082.0,8447.902
1784764800000,66082.0,66284.1,65548.0,65626.8,16744.203
1784779200000,65626.7,65793.7,65313.7,65405.3,15598.473
1784793600000,65405.3,65756.6,65383.6,65525.4,11821.586
1784808000000,65525.4,65557.8,64696.2,64940.4,51499.187
1784822400000,64940.4,64940.5,64636.0,64820.7,15984.685
1784836800000,64820.7,65193.5,64809.7,65069.6,13119.644
1784851200000,65069.6,65436.8,64733.2,65425.4,18271.087
1784865600000,65425.5,65780.0,65213.0,65470.0,22156.361
1784880000000,65470.1,65477.2,64821.9,65045.7,18685.368
1784894400000,65045.7,65110.1,63666.0,64065.1,67797.363
1784908800000,64065.1,64266.9,63854.3,64199.5,14675.634
1784923200000,64199.5,64260.1,64098.7,64116.5,5951.659
1784937600000,64116.5,64155.0,63977.0,64052.9,11227.005
1784952000000,64053.0,64181.0,63933.2,63972.9,5992.315
1784966400000,63973.0,64078.5,63760.5,64031.3,8693.02
1784980800000,64031.2,64243.6,64006.2,64150.0,7467.034
1784995200000,64150.1,64417.1,64092.2,64359.6,8274.357
1785009600000,64359.7,64407.1,64233.0,64338.1,4593.903
1785024000000,64338.0,64553.9,64317.9,64518.8,6207.268
1785038400000,64518.9,64566.0,64256.4,64341.2,8129.244
1785052800000,64341.3,64557.3,64320.2,64481.4,5451.789
1785067200000,64481.5,64819.3,64379.7,64733.6,14685.055
1785081600000,64733.5,64909.0,64634.0,64665.5,8330.401
1785096000000,64665.6,65555.0,64606.3,65375.1,22959.406
1785110400000,65375.2,65398.8,64872.0,65261.5,15835.857
1785124800000,65261.5,65722.5,65190.0,65195.9,16646.096
1785139200000,65196.0,65412.8,65061.1,65073.1,12104.408
1785153600000,65073.1,65689.6,64374.4,64517.1,52696.883
1785168000000,64517.2,65069.4,64479.0,64959.2,17239.433
1785182400000,64959.2,65030.8,63567.0,63720.8,33309.056
1785196800000,63720.7,63794.3,63021.0,63310.1,30321.786
1785211200000,63310.0,63642.2,63187.2,63476.8,17817.023
1785225600000,63476.8,63569.0,63263.5,63430.8,17704.568
1785240000000,63430.7,64014.2,62660.1,63899.4,46087.702
1785254400000,63899.5,64084.5,63477.2,63882.4,17230.992
1785268800000,63882.4,64047.9,63526.0,63903.6,15111.791
1785283200000,63903.6,64175.0,63630.0,63727.0,20893.234
1785297600000,63727.0,64544.0,63569.5,64539.0,22600.631
1785312000000,64539.1,64715.9,64251.0,64480.0,19217.032
1785326400000,64479.9,64688.0,63857.4,63940.2,30660.559
1785340800000,63940.2,64703.9,63483.9,63564.1,56370.126
1785355200000,63564.0,64108.4,63234.0,63958.9,30234.717
1785369600000,63958.9,64393.0,63576.4,64134.0,19263.395
1785384000000,64134.0,64156.4,63881.0,63981.9,10707.126
1785398400000,63981.9,64870.0,63950.0,64766.8,22143.473
1785412800000,64766.9,65157.0,64571.4,64694.2,37561.257
1785427200000,64694.2,64957.2,64657.4,64778.6,9665.986
1785441600000,64778.5,65062.9,64636.3,64750.0,13514.495
1785456000000,64750.0,65391.3,64138.0,64344.0,35138.633
1785470400000,64344.0,64476.8,63835.6,63909.1,21124.109
1785484800000,63909.1,63982.2,63577.0,63779.4,20536.673
1785499200000,63779.4,63807.5,62410.5,62695.4,67331.204
1785513600000,62695.3,63275.7,62680.1,62947.2,21608.292
1785528000000,62947.1,63037.0,62814.1,62859.9,9226.024
1785542400000,62859.9,63084.6,62859.8,62973.8,6513.744
1785556800000,62973.8,63118.7,62964.1,63019.6,5009.899
1785571200000,63019.6,63126.6,62956.5,63045.1,4669.724
1785585600000,63045.2,63097.5,62976.4,62976.4,3987.843
1785600000000,62976.4,63006.6,62228.8,62502.1,26037.185
1785614400000,62502.1,62844.9,62456.9,62792.3,8519.748
1785628800000,62792.3,63542.0,62782.3,63436.7,22119.756
1785643200000,63436.8,63620.0,63382.9,63468.1,10767.479
1785657600000,63468.0,63507.8,62961.1,63007.3,15698.43
1785672000000,63007.2,63215.1,62974.4,63081.6,8524.317
1785686400000,63081.6,63594.6,63038.0,63432.9,10931.715
1785700800000,63433.0,63779.0,63306.2,63550.0,15998.71
1785715200000,63550.0,63575.6,62745.0,62839.7,14923.666
1785729600000,62839.8,62976.8,62520.0,62591.0,17943.273
1785744000000,62591.0,62846.3,62268.2,62534.1,22976.883
1785758400000,62534.1,63960.0,62400.0,63659.5,60123.156
1785772800000,63659.5,64058.8,63626.2,63836.9,20815.435
1785787200000,63836.9,63992.9,63352.2,63497.2,15061.449
1785801600000,63497.1,63958.6,63290.2,63771.0,18605.621
1785816000000,63771.0,64239.8,63480.0,63666.5,19953.022
1785830400000,63666.5,63926.0,63428.8,63900.2,14201.869
1785844800000,63900.2,64200.0,63582.1,64088.4,35048.599
1785859200000,64088.3,64388.0,63856.4,64197.3,21295.609
1785873600000,64197.3,64512.9,63918.2,64075.5,20920.58
1785888000000,64075.6,64480.0,63917.1,64145.6,26385.509
1785902400000,64145.6,64500.0,63962.4,64141.0,16283.315
1785916800000,64141.0,64257.1,63982.2,64044.6,11496.742
1785931200000,64044.7,64728.5,63847.0,64353.6,51851.564
1785945600000,64353.6,64898.0,64352.5,64805.7,21144.927
1785960000000,64805.7,65022.0,64535.6,64633.9,17958.19
1785974400000,64634.0,64696.0,64386.3,64496.2,11750.306
1785988800000,64496.3,64971.7,64461.9,64789.4,14522.523
1786003200000,64789.3,64971.0,64473.0,64590.1,14068.606
1786017600000,64590.1,64962.0,64111.0,64604.2,37867.908
1786032000000,64604.2,64807.4,64323.2,64412.8,13223.353
1786046400000,64412.8,64510.7,64163.5,64300.0,7872.088
1786060800000,64299.9,64524.8,64195.2,64264.0,11976.24
1786075200000,64264.0,64441.0,64128.3,64288.9,11470.902
1786089600000,64288.8,65187.9,64268.9,64996.1,26927.143
1786104000000,64996.2,65358.0,64756.8,64885.4,46158.292
1786118400000,64885.5,65050.0,64490.0,64932.9,22059.668
1786132800000,64932.9,65078.7,64815.3,64885.4,5796.135
1786147200000,64885.5,65046.1,64784.3,65000.0,4575.794
1786161600000,65000.0,65040.1,64919.5,64936.3,3614.339
1786176000000,64936.3,65026.9,64920.0,64938.5,3010.788
1786190400000,64938.4,65163.0,64890.8,65049.3,6827.321
1786204800000,65049.4,65123.1,64986.2,65045.5,4354.408
1786219200000,65045.5,65059.1,64907.9,64928.5,4055.652
1786233600000,64928.6,64982.4,64700.0,64759.0,5943.453
1786248000000,64758.9,64835.0,64747.4,64793.6,3791.377
1786262400000,64793.7,64978.0,64759.2,64921.8,5708.404
1786276800000,64921.7,65279.9,64884.3,65207.7,11644.117
1786291200000,65207.8,65243.1,65147.2,65153.2,4282.764
1786305600000,65153.2,65482.7,64805.1,64867.8,16478.347
1786320000000,64867.8,65373.6,64794.4,64946.4,19652.32
1786334400000,64946.4,65348.4,64892.1,65183.0,10477.827
1786348800000,65183.0,65306.9,64928.0,65097.6,10919.27
1786363200000,65097.5,65221.2,64171.8,64268.8,43196.125
1786377600000,64268.7,64330.0,63788.0,64017.2,35855.706
1786392000000,64017.2,64189.3,63881.6,63939.3,8724.48
1786406400000,63939.3,64148.0,63863.9,64110.7,9427.551
1786420800000,64110.7,64124.2,63820.0,64031.7,9537.32
1786435200000,64031.7,64380.0,64010.4,64358.3,13370.273
1786449600000,64358.4,64470.0,63420.0,63585.3,37999.437
1786464000000,63585.3,63637.5,63211.6,63508.5,23497.495
1786478400000,63508.5,63757.5,63508.5,63572.0,12191.57
1786492800000,63571.9,63886.0,63505.3,63800.1,10094.4
1786507200000,63800.1,63863.6,63574.6,63804.8,10960.547
1786521600000,63804.8,64222.2,63735.4,64207.3,18341.074
1786536000000,64207.3,64450.0,63291.1,63421.4,51576.711
1786550400000,63421.3,63557.5,63283.0,63394.9,13318.223
1786564800000,63394.8,63629.8,63337.5,63454.7,10141.858
1786579200000,63454.6,63694.9,63343.8,63623.5,13913.62
1786593600000,63623.5,63990.7,63564.9,63833.0,15828.591
1786608000000,63833.0,63881.3,63318.1,63458.5,17322.625
1786622400000,63458.6,63980.6,63385.0,63385.0,27296.132
1786636800000,63385.0,63544.0,62800.0,63387.4,37868.008
1786651200000,63387.3,63613.6,63343.4,63456.7,10437.116
1786665600000,63456.7,63595.1,63277.1,63288.1,9319.627
1786680000000,63288.0,63449.6,62888.0,62888.1,17241.258
1786694400000,62888.0,62974.4,62658.8,62837.4,21560.529
1786708800000,62837.5,63061.7,62484.2,62956.0,34290.186
1786723200000,62956.0,63215.3,62781.4,62936.3,16763.54
1786737600000,62936.4,63040.3,62770.9,63015.0,6172.617
1786752000000,63014.9,63170.0,62964.4,63030.3,5164.282
1786766400000,63030.3,63127.5,63003.8,63049.8,4561.169
1786780800000,63049.9,63058.4,62890.2,62993.1,4848.992
1786795200000,62993.0,63096.7,62920.9,63068.0,4304.778
1786809600000,63068.1,63097.3,63011.6,63093.6,3557.61
1786824000000,63093.6,63141.6,63040.1,63053.9,2694.354
1786838400000,63053.9,63132.2,62975.9,63096.6,3916.019
1786852800000,63096.5,63122.7,63007.1,63034.3,2390.922
1786867200000,63034.4,63045.1,62928.5,62981.1,3684.767
1786881600000,62981.1,63113.8,62959.1,63113.8,4034.188
1786896000000,63113.8,63370.0,63063.6,63082.2,12382.223
1786910400000,63082.3,63117.1,62681.1,62876.0,13519.956
1786924800000,62876.0,63498.0,62723.9,63409.8,21153.293
1786939200000,63409.7,63693.2,63409.7,63493.5,15679.741
1786953600000,63493.5,63753.0,63255.0,63600.0,19257.443
1786968000000,63600.0,64199.9,63412.5,64169.9,37743.322
1786982400000,64169.8,64600.8,63944.3,64280.4,33695.153
1786996800000,64280.4,64555.4,64231.3,64504.1,10720.379
1787011200000,64504.1,64541.6,64000.0,64147.4,16155.4
1787025600000,64147.5,64425.0,64055.0,64170.9,12799.365
1787040000000,64170.8,64380.0,64056.4,64326.0,10012.521
1787054400000,64326.1,65057.9,63979.2,64823.9,40826.744
1787068800000,64823.9,64861.7,64611.3,64619.7,10943.691
1787083200000,64619.8,64755.5,64528.4,64694.0,6776.167
1787097600000,64694.1,64705.7,64252.0,64296.3,12246.886
1787112000000,64296.3,64382.2,64131.3,64266.1,12332.044
1787126400000,64266.0,64509.7,64219.6,64479.0,11070.143
1787140800000,64479.1,70450.0,64440.0,68523.7,173988.154
1787155200000,68523.7,68998.0,67803.6,68404.1,54987.525
1787169600000,68404.1,70048.2,68356.9,69310.0,61871.73
1787184000000,69310.1,69867.9,68882.1,69183.5,31215.909
1787198400000,69183.5,69999.0,69155.0,69815.9,27284.805
1787212800000,69815.9,72487.5,69771.8,71896.2,100852.483
1787227200000,71896.2,72849.9,71100.0,72429.0,71907.275
1787241600000,72429.1,72945.3,72159.8,72649.7,31571.711
1787256000000,72649.8,73399.7,72458.7,72998.7,26629.64
1787270400000,72998.8,75767.5,72992.4,74482.9,83419.101
1787284800000,74482.9,76900.0,74482.8,76310.4,71042.407
1787299200000,76310.3,79555.5,76253.2,76749.0,154295.99
1787313600000,76748.9,77871.6,76237.0,77219.8,69352.763
1787328000000,77219.8,77711.1,76576.4,76995.4,35058.19
1787342400000,76995.4,78748.8,76815.6,78309.1,37093.621
1787356800000,78309.1,78831.8,77649.7,78395.0,24580.533
1787371200000,78395.0,78815.2,76510.0,77286.7,45387.994
1787385600000,77286.7,77430.0,76512.9,77137.9,26139.742
1787400000000,77137.9,77390.0,76888.0,76995.6,12410.239
1787414400000,76995.6,77590.6,76969.4,77422.4,10356.14
1787428800000,77422.3,77498.0,76772.0,77084.5,10062.796
1787443200000,77084.5,77423.8,76842.1,76941.1,10546.566
1787457600000,76941.2,77046.8,75588.0,76020.3,42202.426
1787472000000,76020.2,77400.0,75966.7,77296.0,24709.159
1787486400000,77296.1,77771.6,76762.1,77124.0,26848.497
1787500800000,77124.0,77467.8,77075.1,77305.1,9070.668
1787515200000,77305.0,78057.6,77167.3,77719.1,17704.018
1787529600000,77719.0,77728.4,76857.1,76925.2,23632.135
1787544000000,76925.2,77789.7,76649.0,77301.8,21827.005
1787558400000,77301.8,78594.2,76802.9,78429.4,41249.502
1787572800000,78429.4,79974.8,77800.0,79069.3,95178.096
1787587200000,79069.3,79839.8,78410.0,78715.1,40535.17
1787601600000,78715.1,79012.6,78520.3,78953.0,10080.442
1787616000000,78952.9,81270.5,78675.7,80457.6,60773.745
1787630400000,80457.6,80912.0,79288.5,79661.5,38118.217
1787644800000,79661.6,80235.4,78827.3,79097.0,33933.832
1787659200000,79097.0,79499.9,78100.1,79463.1,54549.409
1787673600000,79463.1,79539.9,78677.2,78890.7,21100.529
1787688000000,78890.6,78980.0,77808.1,78505.4,31225.828
1787702400000,78505.5,79200.0,78252.8,79049.0,16888.598
1787716800000,79049.0,79180.2,78600.0,78887.0,14953.112
1787731200000,78887.1,79087.9,78208.0,78442.6,21044.135
1787745600000,78442.6,78679.2,77600.0,77980.7,43880.63
1787760000000,77980.7,78641.3,77812.6,78434.9,19986.147
1787774400000,78434.9,79138.7,78156.5,78989.4,17611.738
1787788800000,78989.4,78999.4,78522.1,78801.8,12387.558
1787803200000,78801.8,79074.0,78566.5,79054.4,11817.61
1787817600000,79054.3,80499.9,79015.0,79440.1,50164.21
1787832000000,79440.1,80766.8,78864.0,80273.6,48811.322
1787846400000,80273.7,80845.1,79707.0,79877.9,32291.142
1787860800000,79877.9,80399.5,79843.3,80208.9,9990.621
1787875200000,80208.9,81500.0,79659.2,79783.3,39431.38
1787889600000,79783.3,79971.0,79522.3,79645.6,17740.199
1787904000000,79645.7,79815.0,78961.5,79563.2,24348.57
1787918400000,79563.2,79840.0,78271.0,78309.0,67761.143
1787932800000,78309.0,78381.6,76853.1,77546.4,60073.557
1787947200000,77546.3,77824.1,77210.8,77805.9,13067.257
1787961600000,77805.9,77920.0,77470.6,77482.2,8085.239
1787976000000,77482.3,77691.8,77353.0,77587.0,6887.268
1787990400000,77586.9,77728.9,77442.1,77563.4,6180.675
1788004800000,77563.4,78135.0,77472.4,77824.1,12937.131
1788019200000,77824.1,78314.9,77822.8,78154.9,9677.239
1788033600000,78154.9,78275.3,78016.0,78200.7,4424.559
1788048000000,78200.6,78297.3,77953.8,78101.4,6493.558
1788062400000,78101.5,78289.2,77944.9,78082.6,5122.038
1788076800000,78082.7,78212.8,77933.4,78141.5,5140.438
1788091200000,78141.5,78939.9,78141.4,78791.1,24406.912
1788105600000,78791.2,79384.4,78678.0,78828.2,18448.256
1788120000000,78828.3,78899.8,76947.2,77634.6,30280.514
1788134400000,77634.6,78166.7,77350.7,77727.2,22032.748
1788148800000,77727.2,78294.0,77427.2,78168.2,16945.974
1788163200000,78168.2,78774.0,77950.0,78284.7,20395.68
1788177600000,78284.6,78747.4,77663.1,78543.0,37963.355
1788192000000,78543.1,79228.5,78450.2,78869.2,21068.792
1788206400000,78869.2,79162.6,78362.4,78549.6,11110.142
1788220800000,78549.6,78868.7,78150.0,78653.9,15168.606
1788235200000,78654.0,79196.0,78467.6,78600.2,16333.201
1788249600000,78600.3,78627.4,77710.4,78056.4,26527.54
1788264000000,78056.4,78396.9,77366.0,77877.3,34632.802
1788278400000,77877.4,77942.8,76368.0,77286.3,44008.614
1788292800000,77286.3,77604.3,76883.6,77400.1,14687.069
1788307200000,77400.2,77767.8,76682.3,77534.3,21191.737
1788321600000,77534.3,77735.0,77265.6,77444.9,12663.755
1788336000000,77444.8,77518.2,76151.9,76788.6,35420.521
1788350400000,76788.6,77478.8,76573.2,77249.9,39142.656
1788364800000,77250.0,77546.7,76914.3,77301.3,22436.012
1788379200000,77301.3,77489.9,76973.4,77300.0,11254.778
1788393600000,77300.0,77887.9,76927.3,77665.3,22339.769
1788408000000,77665.3,78144.7,77053.8,77627.3,23012.844
1788422400000,77627.4,78032.0,77422.8,77909.7,17008.247
1788436800000,77909.7,81333.4,77854.0,81316.7,92253.302
1788451200000,81316.7,81771.7,80588.0,81722.9,43040.452
1788465600000,81722.8,82282.8,80861.1,81230.7,42081.016
1788480000000,81230.7,81393.8,80614.0,80808.0,26894.282
1788494400000,80808.1,81267.6,80538.6,80628.0,20050.525
1788508800000,80628.0,81377.7,80458.0,81188.0,26689.41
1788523200000,81188.0,81324.2,78618.1,79384.8,94628.012
1788537600000,79384.9,79800.0,79334.1,79745.6,4282.969
